station_record_id,station_id,station_type,station_name,start_date,end_date,is_active,sido_name,sigungu_name,address,latitude,longitude,altitude_m,source_category_code,source_category_name,source_url,captured_at,region_filter_method
ASOS_156_1939-05-01,156,ASOS,광주,1939-05-01,,true,광주광역시,북구,광주광역시 북구 운암동,35.1729,126.8916,70.28,SFC01,종관기상관측,https://data.kma.go.kr/tmeta/stn/selectStnList.do,2026-04-30T18:55:51.543060Z,KMA station metadata address starts with 광주광역시 or 전라남도
ASOS_164_1993-01-01,164,ASOS,무안,1993-01-01,2000-07-31,false,전라남도,,전라남도,35.0938,126.2851,24.49,SFC01,종관기상관측,https://data.kma.go.kr/tmeta/stn/selectStnList.do,2026-04-30T18:55:51.543060Z,KMA station metadata address starts with 광주광역시 or 전라남도
ASOS_165_1904-04-08,165,ASOS,목포,1904-04-08,2019-10-31,false,전라남도,목포시,전라남도 목포시 연산동,34.8169,126.3812,38,SFC01,종관기상관측,https://data.kma.go.kr/tmeta/stn/selectStnList.do,2026-04-30T18:55:51.543060Z,KMA station metadata address starts with 광주광역시 or 전라남도
ASOS_165_2019-10-31,165,ASOS,목포,2019-10-31,,true,전라남도,목포시,전라남도 목포시 연산동,34.8173,126.3815,44.7,SFC01,종관기상관측,https://data.kma.go.kr/tmeta/stn/selectStnList.do,2026-04-30T18:55:51.543060Z,KMA station metadata address starts with 광주광역시 or 전라남도
ASOS_168_1942-03-01,168,ASOS,여수,1942-03-01,,true,전라남도,여수시,전라남도 여수시 중앙동,34.7393,127.7406,65.93,SFC01,종관기상관측,https://data.kma.go.kr/tmeta/stn/selectStnList.do,2026-04-30T18:55:51.543060Z,KMA station metadata address starts with 광주광역시 or 전라남도
ASOS_169_1997-01-01,169,ASOS,흑산도,1997-01-01,,true,전라남도,신안군,전라남도 신안군 흑산면 예리,34.6872,125.4511,75.12,SFC01,종관기상관측,https://data.kma.go.kr/tmeta/stn/selectStnList.do,2026-04-30T18:55:51.543060Z,KMA station metadata address starts with 광주광역시 or 전라남도
ASOS_170_1971-01-31,170,ASOS,완도,1971-01-31,,true,전라남도,완도군,전라남도 완도군 군외면 불목리,34.3959,126.7018,35.37,SFC01,종관기상관측,https://data.kma.go.kr/tmeta/stn/selectStnList.do,2026-04-30T18:55:51.543060Z,KMA station metadata address starts with 광주광역시 or 전라남도
ASOS_174_2011-04-01,174,ASOS,순천,2011-04-01,,true,전라남도,순천시,전라남도 순천시 승주읍 평중리,35.0204,127.3694,165,SFC01,종관기상관측,https://data.kma.go.kr/tmeta/stn/selectStnList.do,2026-04-30T18:55:51.543060Z,KMA station metadata address starts with 광주광역시 or 전라남도
ASOS_175_2001-11-03,175,ASOS,진도(첨찰산),2001-11-03,2019-08-01,false,전라남도,진도군,전라남도 진도군 의신면 사천리,34.4721,126.3238,478.51,SFC01,종관기상관측,https://data.kma.go.kr/tmeta/stn/selectStnList.do,2026-04-30T18:55:51.543060Z,KMA station metadata address starts with 광주광역시 or 전라남도
ASOS_252_2007-11-26,252,ASOS,영광군,2007-11-26,,true,전라남도,영광군,전라남도 영광군 군서면 만곡리,35.2837,126.4778,37.2,SFC01,종관기상관측,https://data.kma.go.kr/tmeta/stn/selectStnList.do,2026-04-30T18:55:51.543060Z,KMA station metadata address starts with 광주광역시 or 전라남도
ASOS_256_1972-01-21,256,ASOS,순천,1972-01-21,2011-04-01,false,전라남도,순천시,전라남도 순천시 주암면 구산리,35.075,127.2391,74.4,SFC01,종관기상관측,https://data.kma.go.kr/tmeta/stn/selectStnList.do,2026-04-30T18:55:51.543060Z,KMA station metadata address starts with 광주광역시 or 전라남도
ASOS_256_2011-04-01,256,ASOS,주암,2011-04-01,2012-07-02,false,전라남도,순천시,전라남도 순천시 주암면 구산리,35.075,127.2391,74.63,SFC01,종관기상관측,https://data.kma.go.kr/tmeta/stn/selectStnList.do,2026-04-30T18:55:51.543060Z,KMA station metadata address starts with 광주광역시 or 전라남도
ASOS_258_2010-02-08,258,ASOS,보성군,2010-02-08,2010-03-11,false,전라남도,보성군,전라남도 보성군 득량면 예당리,34.7633,127.2123,2.8,SFC01,종관기상관측,https://data.kma.go.kr/tmeta/stn/selectStnList.do,2026-04-30T18:55:51.543060Z,KMA station metadata address starts with 광주광역시 or 전라남도
ASOS_258_2010-03-11,258,ASOS,보성군,2010-03-11,,true,전라남도,보성군,전라남도 보성군 득량면 예당리,34.7634,127.2123,1.41,SFC01,종관기상관측,https://data.kma.go.kr/tmeta/stn/selectStnList.do,2026-04-30T18:55:51.543060Z,KMA station metadata address starts with 광주광역시 or 전라남도
ASOS_259_2009-11-10,259,ASOS,강진군,2009-11-10,2021-02-25,false,전라남도,강진군,전라남도 강진군 강진읍 남포리,34.6289,126.7672,9.95,SFC01,종관기상관측,https://data.kma.go.kr/tmeta/stn/selectStnList.do,2026-04-30T18:55:51.543060Z,KMA station metadata address starts with 광주광역시 or 전라남도
ASOS_259_2021-02-25,259,ASOS,강진군,2021-02-25,,true,전라남도,강진군,전라남도 강진군 강진읍 남포리,34.6446,126.7841,16,SFC01,종관기상관측,https://data.kma.go.kr/tmeta/stn/selectStnList.do,2026-04-30T18:55:51.543060Z,KMA station metadata address starts with 광주광역시 or 전라남도
ASOS_260_1972-01-21,260,ASOS,장흥,1972-01-21,,true,전라남도,장흥군,전라남도 장흥군 장흥읍 축내리,34.6889,126.9195,43.99,SFC01,종관기상관측,https://data.kma.go.kr/tmeta/stn/selectStnList.do,2026-04-30T18:55:51.543060Z,KMA station metadata address starts with 광주광역시 or 전라남도
ASOS_261_1971-02-03,261,ASOS,해남,1971-02-03,,true,전라남도,해남군,전라남도 해남군 해남읍 남천리,34.5538,126.5691,16.36,SFC01,종관기상관측,https://data.kma.go.kr/tmeta/stn/selectStnList.do,2026-04-30T18:55:51.543060Z,KMA station metadata address starts with 광주광역시 or 전라남도
ASOS_262_1972-01-22,262,ASOS,고흥,1972-01-22,2017-08-25,false,전라남도,고흥군,전라남도 고흥군 고흥읍 행정리,34.6182,127.2757,53.12,SFC01,종관기상관측,https://data.kma.go.kr/tmeta/stn/selectStnList.do,2026-04-30T18:55:51.543060Z,KMA station metadata address starts with 광주광역시 or 전라남도
ASOS_262_2017-08-25,262,ASOS,고흥,2017-08-25,,true,전라남도,고흥군,전라남도 고흥군 고흥읍 행정리,34.6183,127.2757,51.91,SFC01,종관기상관측,https://data.kma.go.kr/tmeta/stn/selectStnList.do,2026-04-30T18:55:51.543060Z,KMA station metadata address starts with 광주광역시 or 전라남도
ASOS_266_2011-01-01,266,ASOS,광양시,2011-01-01,2017-08-25,false,전라남도,광양시,전라남도 광양시 중동,34.943,127.691,80.9,SFC01,종관기상관측,https://data.kma.go.kr/tmeta/stn/selectStnList.do,2026-04-30T18:55:51.543060Z,KMA station metadata address starts with 광주광역시 or 전라남도
ASOS_266_2017-08-25,266,ASOS,광양시,2017-08-25,,true,전라남도,광양시,전라남도 광양시 중동,34.9434,127.6914,88.21,SFC01,종관기상관측,https://data.kma.go.kr/tmeta/stn/selectStnList.do,2026-04-30T18:55:51.543060Z,KMA station metadata address starts with 광주광역시 or 전라남도
ASOS_268_2014-05-09,268,ASOS,진도군,2014-05-09,,true,전라남도,진도군,전라남도 진도군 진도읍 남동리,34.473,126.2585,9.82,SFC01,종관기상관측,https://data.kma.go.kr/tmeta/stn/selectStnList.do,2026-04-30T18:55:51.543060Z,KMA station metadata address starts with 광주광역시 or 전라남도
AWS_175_2001-10-31,175,AWS,진도(첨찰산),2001-10-31,2015-07-13,false,전라남도,진도군,전라남도 진도군 의신면 사천리,34.4721,126.3238,476.47,SFC02,방재기상관측,https://data.kma.go.kr/tmeta/stn/selectStnList.do,2026-04-30T18:55:51.543060Z,KMA station metadata address starts with 광주광역시 or 전라남도
AWS_175_2015-07-13,175,AWS,진도(첨찰산),2015-07-13,2015-12-16,false,전라남도,진도군,전라남도 진도군 의신면 사천리,34.4721,126.3238,476.47,SFC02,방재기상관측,https://data.kma.go.kr/tmeta/stn/selectStnList.do,2026-04-30T18:55:51.543060Z,KMA station metadata address starts with 광주광역시 or 전라남도
AWS_175_2015-12-16,175,AWS,진도(첨찰산),2015-12-16,2019-08-01,false,전라남도,진도군,전라남도 진도군 의신면 사천리,34.4721,126.3238,478.51,SFC02,방재기상관측,https://data.kma.go.kr/tmeta/stn/selectStnList.do,2026-04-30T18:55:51.543060Z,KMA station metadata address starts with 광주광역시 or 전라남도
AWS_175_2019-08-01,175,AWS,진도(레),2019-08-01,2020-04-29,false,전라남도,진도군,전라남도 진도군 의신면 사천리,34.4721,126.3238,478.51,SFC02,방재기상관측,https://data.kma.go.kr/tmeta/stn/selectStnList.do,2026-04-30T18:55:51.543060Z,KMA station metadata address starts with 광주광역시 or 전라남도
AWS_175_2020-04-29,175,AWS,진도(레),2020-04-29,2024-10-15,false,전라남도,진도군,전라남도 진도군 의신면 사천리,34.4721,126.3238,478.51,SFC02,방재기상관측,https://data.kma.go.kr/tmeta/stn/selectStnList.do,2026-04-30T18:55:51.543060Z,KMA station metadata address starts with 광주광역시 or 전라남도
AWS_175_2024-10-15,175,AWS,진도(레),2024-10-15,,true,전라남도,진도군,전라남도 진도군 의신면 사천리,34.4721,126.3238,478.51,SFC02,방재기상관측,https://data.kma.go.kr/tmeta/stn/selectStnList.do,2026-04-30T18:55:51.543060Z,KMA station metadata address starts with 광주광역시 or 전라남도
AWS_269_2024-03-22,269,AWS,안마도,2024-03-22,2024-04-30,false,전라남도,영광군,전라남도 영광군 낙월면 월촌리,35.3469,126.0305,28,SFC02,방재기상관측,https://data.kma.go.kr/tmeta/stn/selectStnList.do,2026-04-30T18:55:51.543060Z,KMA station metadata address starts with 광주광역시 or 전라남도
AWS_269_2024-04-30,269,AWS,안마도,2024-04-30,,true,전라남도,영광군,전라남도 영광군 낙월면 월촌리,35.3469,126.0305,28,SFC02,방재기상관측,https://data.kma.go.kr/tmeta/stn/selectStnList.do,2026-04-30T18:55:51.543060Z,KMA station metadata address starts with 광주광역시 or 전라남도
AWS_301_2001-01-05,301,AWS,안마도,2001-01-05,2003-08-05,false,전라남도,영광군,전라남도 영광군 낙월면 월촌리,35.3333,126.0167,5,SFC02,방재기상관측,https://data.kma.go.kr/tmeta/stn/selectStnList.do,2026-04-30T18:55:51.543060Z,KMA station metadata address starts with 광주광역시 or 전라남도
AWS_301_2003-08-05,301,AWS,임자도,2003-08-05,2011-11-23,false,전라남도,신안군,전라남도 신안군 임자면 진리,35.0841,126.1112,15.35,SFC02,방재기상관측,https://data.kma.go.kr/tmeta/stn/selectStnList.do,2026-04-30T18:55:51.543060Z,KMA station metadata address starts with 광주광역시 or 전라남도
AWS_301_2011-11-23,301,AWS,임자도,2011-11-23,2020-10-23,false,전라남도,신안군,전라남도 신안군 임자면 진리,35.0859,126.118,6,SFC02,방재기상관측,https://data.kma.go.kr/tmeta/stn/selectStnList.do,2026-04-30T18:55:51.543060Z,KMA station metadata address starts with 광주광역시 or 전라남도
AWS_301_2020-10-23,301,AWS,임자도,2020-10-23,2022-10-21,false,전라남도,신안군,전라남도 신안군 임자면 진리,35.087,126.1199,6.33,SFC02,방재기상관측,https://data.kma.go.kr/tmeta/stn/selectStnList.do,2026-04-30T18:55:51.543060Z,KMA station metadata address starts with 광주광역시 or 전라남도
AWS_301_2022-10-21,301,AWS,임자도,2022-10-21,2023-10-25,false,전라남도,신안군,전라남도 신안군 임자면 진리,35.0951,126.1164,9,SFC02,방재기상관측,https://data.kma.go.kr/tmeta/stn/selectStnList.do,2026-04-30T18:55:51.543060Z,KMA station metadata address starts with 광주광역시 or 전라남도
AWS_301_2023-10-25,301,AWS,임자도,2023-10-25,,true,전라남도,신안군,전라남도 신안군 임자면 진리,35.0951,126.1164,9,SFC02,방재기상관측,https://data.kma.go.kr/tmeta/stn/selectStnList.do,2026-04-30T18:55:51.543060Z,KMA station metadata address starts with 광주광역시 or 전라남도
AWS_302_2001-01-05,302,AWS,장산도,2001-01-05,2011-12-09,false,전라남도,신안군,전라남도 신안군 장산면 도창리,34.6432,126.1491,18.91,SFC02,방재기상관측,https://data.kma.go.kr/tmeta/stn/selectStnList.do,2026-04-30T18:55:51.543060Z,KMA station metadata address starts with 광주광역시 or 전라남도
AWS_302_2011-12-09,302,AWS,장산도,2011-12-09,2020-10-23,false,전라남도,신안군,전라남도 신안군 장산면 오음리,34.6647,126.1592,19,SFC02,방재기상관측,https://data.kma.go.kr/tmeta/stn/selectStnList.do,2026-04-30T18:55:51.543060Z,KMA station metadata address starts with 광주광역시 or 전라남도
AWS_302_2020-10-23,302,AWS,장산도,2020-10-23,2023-11-01,false,전라남도,신안군,전라남도 신안군 장산면 오음리,34.6647,126.1593,17.03,SFC02,방재기상관측,https://data.kma.go.kr/tmeta/stn/selectStnList.do,2026-04-30T18:55:51.543060Z,KMA station metadata address starts with 광주광역시 or 전라남도
AWS_302_2023-11-01,302,AWS,장산도,2023-11-01,2023-11-23,false,전라남도,신안군,전라남도 신안군 장산면 오음리,34.6647,126.1593,17.03,SFC02,방재기상관측,https://data.kma.go.kr/tmeta/stn/selectStnList.do,2026-04-30T18:55:51.543060Z,KMA station metadata address starts with 광주광역시 or 전라남도
AWS_302_2023-11-23,302,AWS,장산도,2023-11-23,,true,전라남도,신안군,전라남도 신안군 장산면 팽진리,34.6427,126.1826,6,SFC02,방재기상관측,https://data.kma.go.kr/tmeta/stn/selectStnList.do,2026-04-30T18:55:51.543060Z,KMA station metadata address starts with 광주광역시 or 전라남도
AWS_303_2001-03-12,303,AWS,가거도,2001-03-12,2010-11-23,false,전라남도,신안군,전라남도 신안군 흑산면 가거도리,34.0667,125.1167,60,SFC02,방재기상관측,https://data.kma.go.kr/tmeta/stn/selectStnList.do,2026-04-30T18:55:51.543060Z,KMA station metadata address starts with 광주광역시 or 전라남도
AWS_303_2010-11-23,303,AWS,가거도,2010-11-23,2017-02-27,false,전라남도,신안군,전라남도 신안군 흑산면 가거도리,34.0522,125.1264,22,SFC02,방재기상관측,https://data.kma.go.kr/tmeta/stn/selectStnList.do,2026-04-30T18:55:51.543060Z,KMA station metadata address starts with 광주광역시 or 전라남도
AWS_303_2017-02-27,303,AWS,가거도,2017-02-27,2017-08-25,false,전라남도,신안군,전라남도 신안군 흑산면 가거도리,34.0728,125.0975,107.9,SFC02,방재기상관측,https://data.kma.go.kr/tmeta/stn/selectStnList.do,2026-04-30T18:55:51.543060Z,KMA station metadata address starts with 광주광역시 or 전라남도
AWS_303_2017-08-25,303,AWS,가거도,2017-08-25,2019-12-05,false,전라남도,신안군,전라남도 신안군 흑산면 가거도리,34.0725,125.0972,97.84,SFC02,방재기상관측,https://data.kma.go.kr/tmeta/stn/selectStnList.do,2026-04-30T18:55:51.543060Z,KMA station metadata address starts with 광주광역시 or 전라남도
AWS_303_2019-12-05,303,AWS,가거도,2019-12-05,2021-08-03,false,전라남도,신안군,전라남도 신안군 흑산면 가거도리,34.0725,125.0972,97.84,SFC02,방재기상관측,https://data.kma.go.kr/tmeta/stn/selectStnList.do,2026-04-30T18:55:51.543060Z,KMA station metadata address starts with 광주광역시 or 전라남도
AWS_303_2021-08-03,303,AWS,가거도,2021-08-03,,true,전라남도,신안군,전라남도 신안군 흑산면 가거도리,34.0728,125.0974,105.88,SFC02,방재기상관측,https://data.kma.go.kr/tmeta/stn/selectStnList.do,2026-04-30T18:55:51.543060Z,KMA station metadata address starts with 광주광역시 or 전라남도
AWS_304_2001-02-20,304,AWS,당사도,2001-02-20,2002-09-11,false,전라남도,,전라남도,34.0833,126.600,100,SFC02,방재기상관측,https://data.kma.go.kr/tmeta/stn/selectStnList.do,2026-04-30T18:55:51.543060Z,KMA station metadata address starts with 광주광역시 or 전라남도
AWS_304_2002-09-11,304,AWS,소안도,2002-09-11,2006-04-20,false,전라남도,완도군,전라남도 완도군 소안면 비자리,34.1678,126.655,25,SFC02,방재기상관측,https://data.kma.go.kr/tmeta/stn/selectStnList.do,2026-04-30T18:55:51.543060Z,KMA station metadata address starts with 광주광역시 or 전라남도
AWS_304_2006-04-20,304,AWS,신지도,2006-04-20,2011-11-17,false,전라남도,완도군,전라남도 완도군 신지면 대곡리,34.3347,126.8273,21.41,SFC02,방재기상관측,https://data.kma.go.kr/tmeta/stn/selectStnList.do,2026-04-30T18:55:51.543060Z,KMA station metadata address starts with 광주광역시 or 전라남도
AWS_304_2011-11-17,304,AWS,신지도,2011-11-17,2015-07-13,false,전라남도,완도군,전라남도 완도군 신지면 월양리,34.318,126.8485,21,SFC02,방재기상관측,https://data.kma.go.kr/tmeta/stn/selectStnList.do,2026-04-30T18:55:51.543060Z,KMA station metadata address starts with 광주광역시 or 전라남도
AWS_304_2015-07-13,304,AWS,신지도,2015-07-13,2020-10-23,false,전라남도,완도군,전라남도 완도군 신지면 월양리,34.318,126.8485,21,SFC02,방재기상관측,https://data.kma.go.kr/tmeta/stn/selectStnList.do,2026-04-30T18:55:51.543060Z,KMA station metadata address starts with 광주광역시 or 전라남도
AWS_304_2020-10-23,304,AWS,신지도,2020-10-23,2023-11-01,false,전라남도,완도군,전라남도 완도군 신지면 월양리,34.318,126.8485,25.41,SFC02,방재기상관측,https://data.kma.go.kr/tmeta/stn/selectStnList.do,2026-04-30T18:55:51.543060Z,KMA station metadata address starts with 광주광역시 or 전라남도
AWS_304_2023-11-01,304,AWS,신지도,2023-11-01,,true,전라남도,완도군,전라남도 완도군 신지면 월양리,34.318,126.8485,25.41,SFC02,방재기상관측,https://data.kma.go.kr/tmeta/stn/selectStnList.do,2026-04-30T18:55:51.543060Z,KMA station metadata address starts with 광주광역시 or 전라남도
AWS_305_2001-02-20,305,AWS,여서도,2001-02-20,2007-10-19,false,전라남도,완도군,전라남도 완도군 청산면 여서리,33.900,126.9167,32,SFC02,방재기상관측,https://data.kma.go.kr/tmeta/stn/selectStnList.do,2026-04-30T18:55:51.543060Z,KMA station metadata address starts with 광주광역시 or 전라남도
AWS_305_2007-10-19,305,AWS,여서도,2007-10-19,2015-07-13,false,전라남도,완도군,전라남도 완도군 청산면 여서리,33.9862,126.9201,35.38,SFC02,방재기상관측,https://data.kma.go.kr/tmeta/stn/selectStnList.do,2026-04-30T18:55:51.543060Z,KMA station metadata address starts with 광주광역시 or 전라남도
AWS_305_2015-07-13,305,AWS,여서도,2015-07-13,2024-10-15,false,전라남도,완도군,전라남도 완도군 청산면 여서리,33.9862,126.9201,35.38,SFC02,방재기상관측,https://data.kma.go.kr/tmeta/stn/selectStnList.do,2026-04-30T18:55:51.543060Z,KMA station metadata address starts with 광주광역시 or 전라남도
AWS_305_2024-10-15,305,AWS,여서도,2024-10-15,,true,전라남도,완도군,전라남도 완도군 청산면 여서리,33.9862,126.9201,34.96,SFC02,방재기상관측,https://data.kma.go.kr/tmeta/stn/selectStnList.do,2026-04-30T18:55:51.543060Z,KMA station metadata address starts with 광주광역시 or 전라남도
AWS_306_2001-01-05,306,AWS,소리도,2001-01-05,2014-10-24,false,전라남도,여수시,전라남도 여수시 남면 연도리,34.9525,127.8008,5,SFC02,방재기상관측,https://data.kma.go.kr/tmeta/stn/selectStnList.do,2026-04-30T18:55:51.543060Z,KMA station metadata address starts with 광주광역시 or 전라남도
AWS_306_2014-10-24,306,AWS,소리도,2014-10-24,2019-11-21,false,전라남도,여수시,전라남도 여수시 남면 연도리,34.4319,127.8011,3.04,SFC02,방재기상관측,https://data.kma.go.kr/tmeta/stn/selectStnList.do,2026-04-30T18:55:51.543060Z,KMA station metadata address starts with 광주광역시 or 전라남도
AWS_306_2019-11-21,306,AWS,소리도,2019-11-21,,true,전라남도,여수시,전라남도 여수시 남면 연도리,34.4319,127.8011,3.04,SFC02,방재기상관측,https://data.kma.go.kr/tmeta/stn/selectStnList.do,2026-04-30T18:55:51.543060Z,KMA station metadata address starts with 광주광역시 or 전라남도
AWS_307_2001-01-05,307,AWS,평도,2001-01-05,2014-12-10,false,전라남도,여수시,전라남도 여수시 삼산면 손죽리,34.2437,127.4496,38.49,SFC02,방재기상관측,https://data.kma.go.kr/tmeta/stn/selectStnList.do,2026-04-30T18:55:51.543060Z,KMA station metadata address starts with 광주광역시 or 전라남도
AWS_308_2014-12-24,308,AWS,옥도,2014-12-24,2020-10-23,false,전라남도,신안군,전라남도 신안군 하의면 옥도리,34.687,126.0731,5.6,SFC02,방재기상관측,https://data.kma.go.kr/tmeta/stn/selectStnList.do,2026-04-30T18:55:51.543060Z,KMA station metadata address starts with 광주광역시 or 전라남도
AWS_308_2020-10-23,308,AWS,옥도,2020-10-23,2023-11-01,false,전라남도,신안군,전라남도 신안군 하의면 옥도리,34.687,126.073,8.23,SFC02,방재기상관측,https://data.kma.go.kr/tmeta/stn/selectStnList.do,2026-04-30T18:55:51.543060Z,KMA station metadata address starts with 광주광역시 or 전라남도
AWS_308_2023-11-01,308,AWS,옥도,2023-11-01,2024-09-13,false,전라남도,신안군,전라남도 신안군 하의면 옥도리,34.687,126.073,8.23,SFC02,방재기상관측,https://data.kma.go.kr/tmeta/stn/selectStnList.do,2026-04-30T18:55:51.543060Z,KMA station metadata address starts with 광주광역시 or 전라남도
AWS_308_2024-09-13,308,AWS,옥도,2024-09-13,,true,전라남도,신안군,전라남도 신안군 하의면 옥도리,34.687,126.073,8.23,SFC02,방재기상관측,https://data.kma.go.kr/tmeta/stn/selectStnList.do,2026-04-30T18:55:51.543060Z,KMA station metadata address starts with 광주광역시 or 전라남도
AWS_315_2002-06-27,315,AWS,성삼재,2002-06-27,2015-07-13,false,전라남도,구례군,전라남도 구례군 산동면 좌사리,35.3067,127.5108,1088.86,SFC02,방재기상관측,https://data.kma.go.kr/tmeta/stn/selectStnList.do,2026-04-30T18:55:51.543060Z,KMA station metadata address starts with 광주광역시 or 전라남도
AWS_315_2015-07-13,315,AWS,성삼재,2015-07-13,2020-10-23,false,전라남도,구례군,전라남도 구례군 산동면 좌사리,35.3067,127.5108,1088.86,SFC02,방재기상관측,https://data.kma.go.kr/tmeta/stn/selectStnList.do,2026-04-30T18:55:51.543060Z,KMA station metadata address starts with 광주광역시 or 전라남도
AWS_315_2020-10-23,315,AWS,성삼재,2020-10-23,2023-10-28,false,전라남도,구례군,전라남도 구례군 산동면 좌사리,35.3067,127.5108,1087.86,SFC02,방재기상관측,https://data.kma.go.kr/tmeta/stn/selectStnList.do,2026-04-30T18:55:51.543060Z,KMA station metadata address starts with 광주광역시 or 전라남도
AWS_315_2023-10-28,315,AWS,성삼재,2023-10-28,2024-10-15,false,전라남도,구례군,전라남도 구례군 산동면 좌사리,35.3067,127.5108,1087.86,SFC02,방재기상관측,https://data.kma.go.kr/tmeta/stn/selectStnList.do,2026-04-30T18:55:51.543060Z,KMA station metadata address starts with 광주광역시 or 전라남도
AWS_315_2024-10-15,315,AWS,성삼재,2024-10-15,,true,전라남도,구례군,전라남도 구례군 산동면 좌사리,35.3067,127.5108,1087.86,SFC02,방재기상관측,https://data.kma.go.kr/tmeta/stn/selectStnList.do,2026-04-30T18:55:51.543060Z,KMA station metadata address starts with 광주광역시 or 전라남도
AWS_316_2001-10-15,316,AWS,무등봉,2001-10-15,2012-12-01,false,광주광역시,동구,광주광역시 동구 용연동,35.1144,126.9974,911.82,SFC02,방재기상관측,https://data.kma.go.kr/tmeta/stn/selectStnList.do,2026-04-30T18:55:51.543060Z,KMA station metadata address starts with 광주광역시 or 전라남도
AWS_316_2012-12-01,316,AWS,무등산,2012-12-01,2020-10-23,false,광주광역시,동구,광주광역시 동구 용연동,35.1144,126.9974,911.82,SFC02,방재기상관측,https://data.kma.go.kr/tmeta/stn/selectStnList.do,2026-04-30T18:55:51.543060Z,KMA station metadata address starts with 광주광역시 or 전라남도
AWS_316_2020-10-23,316,AWS,무등산,2020-10-23,2023-10-30,false,광주광역시,동구,광주광역시 동구 용연동,35.1144,126.9974,911.53,SFC02,방재기상관측,https://data.kma.go.kr/tmeta/stn/selectStnList.do,2026-04-30T18:55:51.543060Z,KMA station metadata address starts with 광주광역시 or 전라남도
AWS_316_2023-10-30,316,AWS,무등산,2023-10-30,,true,광주광역시,동구,광주광역시 동구 용연동,35.1144,126.9974,911.53,SFC02,방재기상관측,https://data.kma.go.kr/tmeta/stn/selectStnList.do,2026-04-30T18:55:51.543060Z,KMA station metadata address starts with 광주광역시 or 전라남도
AWS_687_2019-04-19,687,AWS,석곡,2019-04-19,,true,전라남도,곡성군,전라남도 곡성군 석곡면 유정리,35.1262,127.2528,62.2,SFC02,방재기상관측,https://data.kma.go.kr/tmeta/stn/selectStnList.do,2026-04-30T18:55:51.543060Z,KMA station metadata address starts with 광주광역시 or 전라남도
AWS_688_2014-12-10,688,AWS,봉산,2014-12-10,2020-10-23,false,전라남도,담양군,전라남도 담양군 봉산면 삼지리,35.269,126.939,31.3,SFC02,방재기상관측,https://data.kma.go.kr/tmeta/stn/selectStnList.do,2026-04-30T18:55:51.543060Z,KMA station metadata address starts with 광주광역시 or 전라남도
AWS_688_2020-10-23,688,AWS,봉산,2020-10-23,2023-10-30,false,전라남도,담양군,전라남도 담양군 봉산면 삼지리,35.2688,126.9391,31.02,SFC02,방재기상관측,https://data.kma.go.kr/tmeta/stn/selectStnList.do,2026-04-30T18:55:51.543060Z,KMA station metadata address starts with 광주광역시 or 전라남도
AWS_688_2023-10-30,688,AWS,봉산,2023-10-30,,true,전라남도,담양군,전라남도 담양군 봉산면 삼지리,35.2688,126.9391,31.02,SFC02,방재기상관측,https://data.kma.go.kr/tmeta/stn/selectStnList.do,2026-04-30T18:55:51.543060Z,KMA station metadata address starts with 광주광역시 or 전라남도
AWS_689_2018-10-18,689,AWS,광주남구,2018-10-18,2020-10-23,false,광주광역시,남구,광주광역시 남구 노대동,35.1008,126.8985,75.1,SFC02,방재기상관측,https://data.kma.go.kr/tmeta/stn/selectStnList.do,2026-04-30T18:55:51.543060Z,KMA station metadata address starts with 광주광역시 or 전라남도
AWS_689_2020-10-23,689,AWS,광주남구,2020-10-23,2021-10-15,false,광주광역시,남구,광주광역시 남구 노대동,35.1008,126.8985,73.11,SFC02,방재기상관측,https://data.kma.go.kr/tmeta/stn/selectStnList.do,2026-04-30T18:55:51.543060Z,KMA station metadata address starts with 광주광역시 or 전라남도
AWS_689_2021-10-15,689,AWS,광주남구,2021-10-15,,true,광주광역시,남구,광주광역시 남구 노대동,35.1008,126.8985,73.11,SFC02,방재기상관측,https://data.kma.go.kr/tmeta/stn/selectStnList.do,2026-04-30T18:55:51.543060Z,KMA station metadata address starts with 광주광역시 or 전라남도
AWS_697_2003-12-26,697,AWS,죽도,2003-12-26,2010-12-09,false,전라남도,진도군,전라남도 진도군 조도면,34.2217,125.8483,84,SFC02,방재기상관측,https://data.kma.go.kr/tmeta/stn/selectStnList.do,2026-04-30T18:55:51.543060Z,KMA station metadata address starts with 광주광역시 or 전라남도
AWS_697_2010-12-09,697,AWS,죽도,2010-12-09,2011-08-11,false,전라남도,진도군,전라남도 진도군 조도면,34.2217,125.8483,84,SFC02,방재기상관측,https://data.kma.go.kr/tmeta/stn/selectStnList.do,2026-04-30T18:55:51.543060Z,KMA station metadata address starts with 광주광역시 or 전라남도
AWS_697_2011-08-12,697,AWS,서거차도,2011-08-12,2015-07-13,false,전라남도,진도군,전라남도 진도군 조도면 서거차도리,34.2511,125.9183,4,SFC02,방재기상관측,https://data.kma.go.kr/tmeta/stn/selectStnList.do,2026-04-30T18:55:51.543060Z,KMA station metadata address starts with 광주광역시 or 전라남도
AWS_697_2015-07-13,697,AWS,서거차도,2015-07-13,2017-08-25,false,전라남도,진도군,전라남도 진도군 조도면 서거차도리,34.2511,125.9183,4,SFC02,방재기상관측,https://data.kma.go.kr/tmeta/stn/selectStnList.do,2026-04-30T18:55:51.543060Z,KMA station metadata address starts with 광주광역시 or 전라남도
AWS_697_2017-08-25,697,AWS,서거차도,2017-08-25,2019-11-16,false,전라남도,진도군,전라남도 진도군 조도면 서거차도리,34.2506,125.9183,1.1,SFC02,방재기상관측,https://data.kma.go.kr/tmeta/stn/selectStnList.do,2026-04-30T18:55:51.543060Z,KMA station metadata address starts with 광주광역시 or 전라남도
AWS_697_2019-11-16,697,AWS,서거차도,2019-11-16,2023-11-10,false,전라남도,진도군,전라남도 진도군 조도면 서거차도리,34.2506,125.9183,1.1,SFC02,방재기상관측,https://data.kma.go.kr/tmeta/stn/selectStnList.do,2026-04-30T18:55:51.543060Z,KMA station metadata address starts with 광주광역시 or 전라남도
AWS_697_2023-11-10,697,AWS,서거차도,2023-11-10,,true,전라남도,진도군,전라남도 진도군 조도면 서거차도리,34.2506,125.9183,5.89,SFC02,방재기상관측,https://data.kma.go.kr/tmeta/stn/selectStnList.do,2026-04-30T18:55:51.543060Z,KMA station metadata address starts with 광주광역시 or 전라남도
AWS_698_2001-09-15,698,AWS,해제,2001-09-15,2020-10-23,false,전라남도,무안군,전라남도 무안군 해제면 광산리,35.0938,126.2851,25.12,SFC02,방재기상관측,https://data.kma.go.kr/tmeta/stn/selectStnList.do,2026-04-30T18:55:51.543060Z,KMA station metadata address starts with 광주광역시 or 전라남도
AWS_698_2020-10-23,698,AWS,해제,2020-10-23,2023-11-03,false,전라남도,무안군,전라남도 무안군 해제면 광산리,35.0938,126.2851,26.92,SFC02,방재기상관측,https://data.kma.go.kr/tmeta/stn/selectStnList.do,2026-04-30T18:55:51.543060Z,KMA station metadata address starts with 광주광역시 or 전라남도
AWS_698_2023-11-03,698,AWS,해제,2023-11-03,,true,전라남도,무안군,전라남도 무안군 해제면 광산리,35.0939,126.2851,25.17,SFC02,방재기상관측,https://data.kma.go.kr/tmeta/stn/selectStnList.do,2026-04-30T18:55:51.543060Z,KMA station metadata address starts with 광주광역시 or 전라남도
AWS_699_2000-09-01,699,AWS,무안,2000-09-01,2011-12-19,false,전라남도,무안군,전라남도 무안군 무안읍 성동리,35.010,126.4833,35,SFC02,방재기상관측,https://data.kma.go.kr/tmeta/stn/selectStnList.do,2026-04-30T18:55:51.543060Z,KMA station metadata address starts with 광주광역시 or 전라남도
AWS_699_2011-12-19,699,AWS,무안,2011-12-19,2023-10-28,false,전라남도,무안군,전라남도 무안군 무안읍 교촌리,34.9838,126.4611,37.85,SFC02,방재기상관측,https://data.kma.go.kr/tmeta/stn/selectStnList.do,2026-04-30T18:55:51.543060Z,KMA station metadata address starts with 광주광역시 or 전라남도
AWS_699_2023-10-28,699,AWS,무안,2023-10-28,,true,전라남도,무안군,전라남도 무안군 무안읍 교촌리,34.9838,126.4611,37.85,SFC02,방재기상관측,https://data.kma.go.kr/tmeta/stn/selectStnList.do,2026-04-30T18:55:51.543060Z,KMA station metadata address starts with 광주광역시 or 전라남도
AWS_706_1991-03-08,706,AWS,담양,1991-03-08,2011-10-18,false,전라남도,담양군,전라남도 담양군 담양읍 천변리,35.3114,126.9731,48.85,SFC02,방재기상관측,https://data.kma.go.kr/tmeta/stn/selectStnList.do,2026-04-30T18:55:51.543060Z,KMA station metadata address starts with 광주광역시 or 전라남도
AWS_706_2011-10-18,706,AWS,담양,2011-10-18,2020-10-23,false,전라남도,담양군,전라남도 담양군 담양읍 천변리,35.3102,126.9727,35.3,SFC02,방재기상관측,https://data.kma.go.kr/tmeta/stn/selectStnList.do,2026-04-30T18:55:51.543060Z,KMA station metadata address starts with 광주광역시 or 전라남도
AWS_706_2020-10-23,706,AWS,담양,2020-10-23,2024-08-30,false,전라남도,담양군,전라남도 담양군 담양읍 천변리,35.3102,126.9727,44.67,SFC02,방재기상관측,https://data.kma.go.kr/tmeta/stn/selectStnList.do,2026-04-30T18:55:51.543060Z,KMA station metadata address starts with 광주광역시 or 전라남도
AWS_706_2024-08-30,706,AWS,담양,2024-08-30,,true,전라남도,담양군,전라남도 담양군 담양읍 천변리,35.3102,126.9727,44.67,SFC02,방재기상관측,https://data.kma.go.kr/tmeta/stn/selectStnList.do,2026-04-30T18:55:51.543060Z,KMA station metadata address starts with 광주광역시 or 전라남도
AWS_707_1991-11-10,707,AWS,지도,1991-11-10,2011-12-22,false,전라남도,신안군,전라남도 신안군 지도읍 읍내리,35.0612,126.2076,22.31,SFC02,방재기상관측,https://data.kma.go.kr/tmeta/stn/selectStnList.do,2026-04-30T18:55:51.543060Z,KMA station metadata address starts with 광주광역시 or 전라남도
AWS_707_2011-12-22,707,AWS,지도,2011-12-22,2020-10-23,false,전라남도,신안군,전라남도 신안군 지도읍 읍내리,35.058,126.2084,35.08,SFC02,방재기상관측,https://data.kma.go.kr/tmeta/stn/selectStnList.do,2026-04-30T18:55:51.543060Z,KMA station metadata address starts with 광주광역시 or 전라남도
AWS_707_2020-10-23,707,AWS,지도,2020-10-23,2023-10-19,false,전라남도,신안군,전라남도 신안군 지도읍 읍내리,35.058,126.2084,34.31,SFC02,방재기상관측,https://data.kma.go.kr/tmeta/stn/selectStnList.do,2026-04-30T18:55:51.543060Z,KMA station metadata address starts with 광주광역시 or 전라남도
AWS_707_2023-10-19,707,AWS,지도,2023-10-19,,true,전라남도,신안군,전라남도 신안군 지도읍 읍내리,35.058,126.2084,34.31,SFC02,방재기상관측,https://data.kma.go.kr/tmeta/stn/selectStnList.do,2026-04-30T18:55:51.543060Z,KMA station metadata address starts with 광주광역시 or 전라남도
AWS_708_1991-03-08,708,AWS,광산,1991-03-08,2001-01-05,false,광주광역시,광산구,광주광역시 광산구 용곡동,35.130,126.800,37,SFC02,방재기상관측,https://data.kma.go.kr/tmeta/stn/selectStnList.do,2026-04-30T18:55:51.543060Z,KMA station metadata address starts with 광주광역시 or 전라남도
AWS_708_2001-01-05,708,AWS,광산,2001-01-05,2010-05-28,false,광주광역시,광산구,광주광역시 광산구 용곡동,35.1167,126.7333,43,SFC02,방재기상관측,https://data.kma.go.kr/tmeta/stn/selectStnList.do,2026-04-30T18:55:51.543060Z,KMA station metadata address starts with 광주광역시 or 전라남도
AWS_708_2010-05-28,708,AWS,광산,2010-05-28,2020-10-23,false,광주광역시,광산구,광주광역시 광산구 용곡동,35.1289,126.7453,30.35,SFC02,방재기상관측,https://data.kma.go.kr/tmeta/stn/selectStnList.do,2026-04-30T18:55:51.543060Z,KMA station metadata address starts with 광주광역시 or 전라남도
AWS_708_2020-10-23,708,AWS,광산,2020-10-23,2024-08-29,false,광주광역시,광산구,광주광역시 광산구 용곡동,35.1289,126.7452,29.91,SFC02,방재기상관측,https://data.kma.go.kr/tmeta/stn/selectStnList.do,2026-04-30T18:55:51.543060Z,KMA station metadata address starts with 광주광역시 or 전라남도
AWS_708_2024-08-29,708,AWS,광산,2024-08-29,,true,광주광역시,광산구,광주광역시 광산구 용곡동,35.1289,126.7452,29.91,SFC02,방재기상관측,https://data.kma.go.kr/tmeta/stn/selectStnList.do,2026-04-30T18:55:51.543060Z,KMA station metadata address starts with 광주광역시 or 전라남도
AWS_709_1992-12-12,709,AWS,구례,1992-12-12,1997-06-04,false,전라남도,구례군,전라남도 구례군 구례읍 봉서리,35.200,127.470,50,SFC02,방재기상관측,https://data.kma.go.kr/tmeta/stn/selectStnList.do,2026-04-30T18:55:51.543060Z,KMA station metadata address starts with 광주광역시 or 전라남도
AWS_709_1997-06-04,709,AWS,구례,1997-06-04,2007-09-11,false,전라남도,구례군,전라남도 구례군 구례읍 봉서리,35.1833,127.4333,32,SFC02,방재기상관측,https://data.kma.go.kr/tmeta/stn/selectStnList.do,2026-04-30T18:55:51.543060Z,KMA station metadata address starts with 광주광역시 or 전라남도
AWS_709_2007-09-11,709,AWS,구례,2007-09-11,2014-07-01,false,전라남도,구례군,전라남도 구례군 구례읍 봉서리,35.1973,127.461,32.3,SFC02,방재기상관측,https://data.kma.go.kr/tmeta/stn/selectStnList.do,2026-04-30T18:55:51.543060Z,KMA station metadata address starts with 광주광역시 or 전라남도
AWS_709_2014-07-01,709,AWS,구례,2014-07-01,2015-07-13,false,전라남도,구례군,전라남도 구례군 구례읍,35.1974,127.4618,30,SFC02,방재기상관측,https://data.kma.go.kr/tmeta/stn/selectStnList.do,2026-04-30T18:55:51.543060Z,KMA station metadata address starts with 광주광역시 or 전라남도
AWS_709_2015-07-13,709,AWS,구례,2015-07-13,2020-10-23,false,전라남도,구례군,전라남도 구례군 구례읍,35.1974,127.4618,30,SFC02,방재기상관측,https://data.kma.go.kr/tmeta/stn/selectStnList.do,2026-04-30T18:55:51.543060Z,KMA station metadata address starts with 광주광역시 or 전라남도
AWS_709_2020-10-23,709,AWS,구례,2020-10-23,2021-05-15,false,전라남도,구례군,전라남도 구례군 구례읍,35.1974,127.4618,29.82,SFC02,방재기상관측,https://data.kma.go.kr/tmeta/stn/selectStnList.do,2026-04-30T18:55:51.543060Z,KMA station metadata address starts with 광주광역시 or 전라남도
AWS_709_2021-05-15,709,AWS,구례,2021-05-15,,true,전라남도,구례군,전라남도 구례군 마산면 사도리,35.2081,127.4936,27,SFC02,방재기상관측,https://data.kma.go.kr/tmeta/stn/selectStnList.do,2026-04-30T18:55:51.543060Z,KMA station metadata address starts with 광주광역시 or 전라남도
AWS_710_1992-12-12,710,AWS,나주,1992-12-12,2004-02-02,false,전라남도,나주시,전라남도 나주시 송월동,35.0167,126.7167,50,SFC02,방재기상관측,https://data.kma.go.kr/tmeta/stn/selectStnList.do,2026-04-30T18:55:51.543060Z,KMA station metadata address starts with 광주광역시 or 전라남도
AWS_710_2004-02-02,710,AWS,나주,2004-02-02,2007-10-16,false,전라남도,나주시,전라남도 나주시 금천면 원곡리,35.0358,126.7514,12,SFC02,방재기상관측,https://data.kma.go.kr/tmeta/stn/selectStnList.do,2026-04-30T18:55:51.543060Z,KMA station metadata address starts with 광주광역시 or 전라남도
AWS_710_2007-10-16,710,AWS,나주,2007-10-16,2012-11-20,false,전라남도,나주시,전라남도 나주시 금천면 원곡리,35.0358,126.7514,14.66,SFC02,방재기상관측,https://data.kma.go.kr/tmeta/stn/selectStnList.do,2026-04-30T18:55:51.543060Z,KMA station metadata address starts with 광주광역시 or 전라남도
AWS_710_2012-11-20,710,AWS,나주,2012-11-20,2020-10-23,false,전라남도,나주시,전라남도 나주시 금천면 고동리,35.025,126.744,5.8,SFC02,방재기상관측,https://data.kma.go.kr/tmeta/stn/selectStnList.do,2026-04-30T18:55:51.543060Z,KMA station metadata address starts with 광주광역시 or 전라남도
AWS_710_2020-10-23,710,AWS,나주,2020-10-23,,true,전라남도,나주시,전라남도 나주시 금천면 오강리,35.025,126.744,7.82,SFC02,방재기상관측,https://data.kma.go.kr/tmeta/stn/selectStnList.do,2026-04-30T18:55:51.543060Z,KMA station metadata address starts with 광주광역시 or 전라남도
AWS_711_1991-03-08,711,AWS,이양,1991-03-08,2013-12-16,false,전라남도,화순군,전라남도 화순군 이양면 오류리,34.8879,126.9886,84.02,SFC02,방재기상관측,https://data.kma.go.kr/tmeta/stn/selectStnList.do,2026-04-30T18:55:51.543060Z,KMA station metadata address starts with 광주광역시 or 전라남도
AWS_711_2013-12-16,711,AWS,이양,2013-12-16,,true,전라남도,화순군,전라남도 화순군 이양면 오류리,34.8971,126.9898,77.34,SFC02,방재기상관측,https://data.kma.go.kr/tmeta/stn/selectStnList.do,2026-04-30T18:55:51.543060Z,KMA station metadata address starts with 광주광역시 or 전라남도
AWS_712_1991-03-08,712,AWS,장천,1991-03-08,1999-06-30,false,전라남도,순천시,전라남도 순천시 장천동,34.930,127.480,27,SFC02,방재기상관측,https://data.kma.go.kr/tmeta/stn/selectStnList.do,2026-04-30T18:55:51.543060Z,KMA station metadata address starts with 광주광역시 or 전라남도
AWS_712_1999-06-30,712,AWS,순천시,1999-06-30,2012-12-04,false,전라남도,순천시,전라남도 순천시 장천동,34.9506,127.4875,28.07,SFC02,방재기상관측,https://data.kma.go.kr/tmeta/stn/selectStnList.do,2026-04-30T18:55:51.543060Z,KMA station metadata address starts with 광주광역시 or 전라남도
AWS_712_2012-12-04,712,AWS,순천시,2012-12-04,2015-07-13,false,전라남도,순천시,전라남도 순천시 덕암동,34.9442,127.5101,9.47,SFC02,방재기상관측,https://data.kma.go.kr/tmeta/stn/selectStnList.do,2026-04-30T18:55:51.543060Z,KMA station metadata address starts with 광주광역시 or 전라남도
AWS_712_2015-07-13,712,AWS,순천시,2015-07-13,2020-10-23,false,전라남도,순천시,전라남도 순천시 덕암동,34.9442,127.5101,9.47,SFC02,방재기상관측,https://data.kma.go.kr/tmeta/stn/selectStnList.do,2026-04-30T18:55:51.543060Z,KMA station metadata address starts with 광주광역시 or 전라남도
AWS_712_2020-10-23,712,AWS,순천시,2020-10-23,2022-06-29,false,전라남도,순천시,전라남도 순천시 덕암동,34.9442,127.5101,12.77,SFC02,방재기상관측,https://data.kma.go.kr/tmeta/stn/selectStnList.do,2026-04-30T18:55:51.543060Z,KMA station metadata address starts with 광주광역시 or 전라남도
AWS_712_2022-06-29,712,AWS,순천시,2022-06-29,2024-10-15,false,전라남도,순천시,전라남도 순천시 해룡면 대안리,34.9035,127.5193,2.5,SFC02,방재기상관측,https://data.kma.go.kr/tmeta/stn/selectStnList.do,2026-04-30T18:55:51.543060Z,KMA station metadata address starts with 광주광역시 or 전라남도
AWS_712_2024-10-15,712,AWS,순천시,2024-10-15,2025-09-14,false,전라남도,순천시,전라남도 순천시 해룡면 대안리,34.9035,127.5193,2.5,SFC02,방재기상관측,https://data.kma.go.kr/tmeta/stn/selectStnList.do,2026-04-30T18:55:51.543060Z,KMA station metadata address starts with 광주광역시 or 전라남도
AWS_712_2025-09-14,712,AWS,순천시,2025-09-14,,true,전라남도,순천시,전라남도 순천시 해룡면 대안리,34.9035,127.5193,2.5,SFC02,방재기상관측,https://data.kma.go.kr/tmeta/stn/selectStnList.do,2026-04-30T18:55:51.543060Z,KMA station metadata address starts with 광주광역시 or 전라남도
AWS_713_1991-03-08,713,AWS,광양,1991-03-08,2011-11-16,false,전라남도,광양시,전라남도 광양시 광양읍 칠성리,34.976,127.5829,24.91,SFC02,방재기상관측,https://data.kma.go.kr/tmeta/stn/selectStnList.do,2026-04-30T18:55:51.543060Z,KMA station metadata address starts with 광주광역시 or 전라남도
AWS_713_2011-11-16,713,AWS,광양,2011-11-16,2013-10-01,false,전라남도,광양시,전라남도 광양시 광양읍 칠성리,34.9751,127.5826,10.87,SFC02,방재기상관측,https://data.kma.go.kr/tmeta/stn/selectStnList.do,2026-04-30T18:55:51.543060Z,KMA station metadata address starts with 광주광역시 or 전라남도
AWS_713_2013-10-01,713,AWS,광양읍,2013-10-01,2015-07-13,false,전라남도,광양시,전라남도 광양시 광양읍 칠성리,34.9751,127.5826,10.87,SFC02,방재기상관측,https://data.kma.go.kr/tmeta/stn/selectStnList.do,2026-04-30T18:55:51.543060Z,KMA station metadata address starts with 광주광역시 or 전라남도
AWS_713_2015-07-13,713,AWS,광양읍,2015-07-13,2020-10-23,false,전라남도,광양시,전라남도 광양시 광양읍 칠성리,34.9751,127.5826,10.87,SFC02,방재기상관측,https://data.kma.go.kr/tmeta/stn/selectStnList.do,2026-04-30T18:55:51.543060Z,KMA station metadata address starts with 광주광역시 or 전라남도
AWS_713_2020-10-23,713,AWS,광양읍,2020-10-23,2024-10-15,false,전라남도,광양시,전라남도 광양시 광양읍 칠성리,34.9751,127.5826,14.95,SFC02,방재기상관측,https://data.kma.go.kr/tmeta/stn/selectStnList.do,2026-04-30T18:55:51.543060Z,KMA station metadata address starts with 광주광역시 or 전라남도
AWS_713_2024-10-15,713,AWS,광양읍,2024-10-15,2025-09-12,false,전라남도,광양시,전라남도 광양시 광양읍 칠성리,34.9751,127.5826,14.95,SFC02,방재기상관측,https://data.kma.go.kr/tmeta/stn/selectStnList.do,2026-04-30T18:55:51.543060Z,KMA station metadata address starts with 광주광역시 or 전라남도
AWS_713_2025-09-12,713,AWS,광양읍,2025-09-12,,true,전라남도,광양시,전라남도 광양시 광양읍 칠성리,34.9751,127.5826,14.95,SFC02,방재기상관측,https://data.kma.go.kr/tmeta/stn/selectStnList.do,2026-04-30T18:55:51.543060Z,KMA station metadata address starts with 광주광역시 or 전라남도
AWS_714_1990-05-12,714,AWS,자은도,1990-05-12,2013-10-02,false,전라남도,신안군,전라남도 신안군 자은면 구영리,34.8845,126.0474,18.42,SFC02,방재기상관측,https://data.kma.go.kr/tmeta/stn/selectStnList.do,2026-04-30T18:55:51.543060Z,KMA station metadata address starts with 광주광역시 or 전라남도
AWS_714_2013-10-02,714,AWS,자은도,2013-10-02,2020-10-23,false,전라남도,신안군,전라남도 신안군 자은면 구영리,34.8791,126.0287,4.3,SFC02,방재기상관측,https://data.kma.go.kr/tmeta/stn/selectStnList.do,2026-04-30T18:55:51.543060Z,KMA station metadata address starts with 광주광역시 or 전라남도
AWS_714_2020-10-23,714,AWS,자은도,2020-10-23,2024-10-15,false,전라남도,신안군,전라남도 신안군 자은면 구영리,34.8791,126.0287,1.96,SFC02,방재기상관측,https://data.kma.go.kr/tmeta/stn/selectStnList.do,2026-04-30T18:55:51.543060Z,KMA station metadata address starts with 광주광역시 or 전라남도
AWS_714_2024-10-15,714,AWS,자은도,2024-10-15,,true,전라남도,신안군,전라남도 신안군 자은면 구영리,34.8791,126.0287,1.96,SFC02,방재기상관측,https://data.kma.go.kr/tmeta/stn/selectStnList.do,2026-04-30T18:55:51.543060Z,KMA station metadata address starts with 광주광역시 or 전라남도
AWS_715_1990-06-06,715,AWS,대흑산도,1990-06-06,2001-12-13,false,전라남도,,전라남도,34.680,125.450,70,SFC02,방재기상관측,https://data.kma.go.kr/tmeta/stn/selectStnList.do,2026-04-30T18:55:51.543060Z,KMA station metadata address starts with 광주광역시 or 전라남도
AWS_715_2001-12-13,715,AWS,진도읍,2001-12-13,2007-08-13,false,전라남도,진도군,전라남도 진도군 진도읍 동외리,34.4795,126.2687,12,SFC02,방재기상관측,https://data.kma.go.kr/tmeta/stn/selectStnList.do,2026-04-30T18:55:51.543060Z,KMA station metadata address starts with 광주광역시 or 전라남도
AWS_715_2007-08-13,715,AWS,진도읍,2007-08-13,2011-11-08,false,전라남도,진도군,전라남도 진도군 진도읍 동외리,34.479,126.2691,12.44,SFC02,방재기상관측,https://data.kma.go.kr/tmeta/stn/selectStnList.do,2026-04-30T18:55:51.543060Z,KMA station metadata address starts with 광주광역시 or 전라남도
AWS_715_2011-11-08,715,AWS,진도읍,2011-11-08,2014-05-09,false,전라남도,진도군,전라남도 진도군 진도읍 남동리,34.4731,126.2585,5.4,SFC02,방재기상관측,https://data.kma.go.kr/tmeta/stn/selectStnList.do,2026-04-30T18:55:51.543060Z,KMA station metadata address starts with 광주광역시 or 전라남도
AWS_716_1990-05-10,716,AWS,하의도,1990-05-10,2012-11-28,false,전라남도,신안군,전라남도 신안군 하의면 웅곡리,34.6069,126.0366,11.25,SFC02,방재기상관측,https://data.kma.go.kr/tmeta/stn/selectStnList.do,2026-04-30T18:55:51.543060Z,KMA station metadata address starts with 광주광역시 or 전라남도
AWS_716_2012-11-28,716,AWS,하의도,2012-11-28,2020-10-23,false,전라남도,신안군,전라남도 신안군 하의면 후광리,34.6307,126.032,5.12,SFC02,방재기상관측,https://data.kma.go.kr/tmeta/stn/selectStnList.do,2026-04-30T18:55:51.543060Z,KMA station metadata address starts with 광주광역시 or 전라남도
AWS_716_2020-10-23,716,AWS,하의도,2020-10-23,2021-08-10,false,전라남도,신안군,전라남도 신안군 하의면 후광리,34.6307,126.032,2.58,SFC02,방재기상관측,https://data.kma.go.kr/tmeta/stn/selectStnList.do,2026-04-30T18:55:51.543060Z,KMA station metadata address starts with 광주광역시 or 전라남도
AWS_716_2021-08-10,716,AWS,하의도,2021-08-10,,true,전라남도,신안군,전라남도 신안군 하의면 후광리,34.6307,126.032,2.58,SFC02,방재기상관측,https://data.kma.go.kr/tmeta/stn/selectStnList.do,2026-04-30T18:55:51.543060Z,KMA station metadata address starts with 광주광역시 or 전라남도
AWS_717_1995-11-08,717,AWS,임회,1995-11-08,1998-05-18,false,전라남도,진도군,전라남도 진도군 임회면 석교리,34.400,126.1915,30,SFC02,방재기상관측,https://data.kma.go.kr/tmeta/stn/selectStnList.do,2026-04-30T18:55:51.543060Z,KMA station metadata address starts with 광주광역시 or 전라남도
AWS_717_1998-05-18,717,AWS,임회,1998-05-18,2002-01-29,false,전라남도,진도군,전라남도 진도군 임회면 석교리,34.400,126.1915,30,SFC02,방재기상관측,https://data.kma.go.kr/tmeta/stn/selectStnList.do,2026-04-30T18:55:51.543060Z,KMA station metadata address starts with 광주광역시 or 전라남도
AWS_717_2002-01-29,717,AWS,임회,2002-01-29,2012-09-27,false,전라남도,진도군,전라남도 진도군 임회면 석교리,34.4064,126.1902,20.34,SFC02,방재기상관측,https://data.kma.go.kr/tmeta/stn/selectStnList.do,2026-04-30T18:55:51.543060Z,KMA station metadata address starts with 광주광역시 or 전라남도
AWS_717_2012-09-27,717,AWS,의신,2012-09-27,2015-07-13,false,전라남도,진도군,전라남도 진도군 의신면 연주리,34.4274,126.3096,12,SFC02,방재기상관측,https://data.kma.go.kr/tmeta/stn/selectStnList.do,2026-04-30T18:55:51.543060Z,KMA station metadata address starts with 광주광역시 or 전라남도
AWS_717_2015-07-13,717,AWS,의신,2015-07-13,2020-10-23,false,전라남도,진도군,전라남도 진도군 의신면 연주리,34.4274,126.3096,12,SFC02,방재기상관측,https://data.kma.go.kr/tmeta/stn/selectStnList.do,2026-04-30T18:55:51.543060Z,KMA station metadata address starts with 광주광역시 or 전라남도
AWS_717_2020-10-23,717,AWS,의신,2020-10-23,2022-10-08,false,전라남도,진도군,전라남도 진도군 의신면 연주리,34.4275,126.3098,11.7,SFC02,방재기상관측,https://data.kma.go.kr/tmeta/stn/selectStnList.do,2026-04-30T18:55:51.543060Z,KMA station metadata address starts with 광주광역시 or 전라남도
AWS_717_2022-10-08,717,AWS,의신,2022-10-08,,true,전라남도,진도군,전라남도 진도군 의신면 연주리,34.4275,126.3098,11.7,SFC02,방재기상관측,https://data.kma.go.kr/tmeta/stn/selectStnList.do,2026-04-30T18:55:51.543060Z,KMA station metadata address starts with 광주광역시 or 전라남도
AWS_718_1995-05-24,718,AWS,하조도,1995-05-24,1997-11-20,false,전라남도,진도군,전라남도 진도군 조도면 창유리,34.3096,126.0448,50,SFC02,방재기상관측,https://data.kma.go.kr/tmeta/stn/selectStnList.do,2026-04-30T18:55:51.543060Z,KMA station metadata address starts with 광주광역시 or 전라남도
AWS_718_1997-11-20,718,AWS,하조도,1997-11-20,1998-05-18,false,전라남도,진도군,전라남도 진도군 조도면 창유리,34.2833,126.050,34,SFC02,방재기상관측,https://data.kma.go.kr/tmeta/stn/selectStnList.do,2026-04-30T18:55:51.543060Z,KMA station metadata address starts with 광주광역시 or 전라남도
AWS_718_1998-05-18,718,AWS,하조도,1998-05-18,2002-01-29,false,전라남도,진도군,전라남도 진도군 조도면 창유리,34.2833,126.050,34,SFC02,방재기상관측,https://data.kma.go.kr/tmeta/stn/selectStnList.do,2026-04-30T18:55:51.543060Z,KMA station metadata address starts with 광주광역시 or 전라남도
AWS_718_2002-01-29,718,AWS,하조도,2002-01-29,2013-12-04,false,전라남도,진도군,전라남도 진도군 조도면 창유리,34.2966,126.0473,24.13,SFC02,방재기상관측,https://data.kma.go.kr/tmeta/stn/selectStnList.do,2026-04-30T18:55:51.543060Z,KMA station metadata address starts with 광주광역시 or 전라남도
AWS_718_2013-12-04,718,AWS,상조도,2013-12-04,2015-07-13,false,전라남도,진도군,전라남도 진도군 조도면 맹성리,34.3328,126.0361,7,SFC02,방재기상관측,https://data.kma.go.kr/tmeta/stn/selectStnList.do,2026-04-30T18:55:51.543060Z,KMA station metadata address starts with 광주광역시 or 전라남도
AWS_718_2015-07-13,718,AWS,상조도,2015-07-13,2019-11-15,false,전라남도,진도군,전라남도 진도군 조도면 맹성리,34.3328,126.0361,7,SFC02,방재기상관측,https://data.kma.go.kr/tmeta/stn/selectStnList.do,2026-04-30T18:55:51.543060Z,KMA station metadata address starts with 광주광역시 or 전라남도
AWS_718_2019-11-15,718,AWS,상조도,2019-11-15,2020-10-23,false,전라남도,진도군,전라남도 진도군 조도면 맹성리,34.3328,126.0361,7,SFC02,방재기상관측,https://data.kma.go.kr/tmeta/stn/selectStnList.do,2026-04-30T18:55:51.543060Z,KMA station metadata address starts with 광주광역시 or 전라남도
AWS_718_2020-10-23,718,AWS,상조도,2020-10-23,2023-11-01,false,전라남도,진도군,전라남도 진도군 조도면 맹성리,34.333,126.0365,6.42,SFC02,방재기상관측,https://data.kma.go.kr/tmeta/stn/selectStnList.do,2026-04-30T18:55:51.543060Z,KMA station metadata address starts with 광주광역시 or 전라남도
AWS_718_2023-11-01,718,AWS,상조도,2023-11-01,,true,전라남도,진도군,전라남도 진도군 조도면 맹성리,34.333,126.0365,6.42,SFC02,방재기상관측,https://data.kma.go.kr/tmeta/stn/selectStnList.do,2026-04-30T18:55:51.543060Z,KMA station metadata address starts with 광주광역시 or 전라남도
AWS_720_1995-11-06,720,AWS,보길도,1995-11-06,2003-03-13,false,전라남도,완도군,전라남도 완도군 보길면 정자리,34.1678,126.5544,15,SFC02,방재기상관측,https://data.kma.go.kr/tmeta/stn/selectStnList.do,2026-04-30T18:55:51.543060Z,KMA station metadata address starts with 광주광역시 or 전라남도
AWS_720_2003-03-13,720,AWS,보길도,2003-03-13,2013-12-21,false,전라남도,완도군,전라남도 완도군 보길면 부황리,34.1691,126.5676,9.27,SFC02,방재기상관측,https://data.kma.go.kr/tmeta/stn/selectStnList.do,2026-04-30T18:55:51.543060Z,KMA station metadata address starts with 광주광역시 or 전라남도
AWS_720_2013-12-21,720,AWS,보길도,2013-12-21,2015-07-13,false,전라남도,완도군,전라남도 완도군 보길면 부황리,34.1549,126.5499,27.12,SFC02,방재기상관측,https://data.kma.go.kr/tmeta/stn/selectStnList.do,2026-04-30T18:55:51.543060Z,KMA station metadata address starts with 광주광역시 or 전라남도
AWS_720_2015-07-13,720,AWS,보길도,2015-07-13,2021-08-10,false,전라남도,완도군,전라남도 완도군 보길면 부황리,34.1549,126.5499,27.12,SFC02,방재기상관측,https://data.kma.go.kr/tmeta/stn/selectStnList.do,2026-04-30T18:55:51.543060Z,KMA station metadata address starts with 광주광역시 or 전라남도
AWS_720_2021-08-10,720,AWS,보길도,2021-08-10,2025-12-16,false,전라남도,완도군,전라남도 완도군 보길면 부황리,34.1549,126.5499,27.12,SFC02,방재기상관측,https://data.kma.go.kr/tmeta/stn/selectStnList.do,2026-04-30T18:55:51.543060Z,KMA station metadata address starts with 광주광역시 or 전라남도
AWS_720_2025-12-16,720,AWS,보길도,2025-12-16,,true,전라남도,완도군,전라남도 완도군 보길면 부황리,34.1622,126.5551,14.93,SFC02,방재기상관측,https://data.kma.go.kr/tmeta/stn/selectStnList.do,2026-04-30T18:55:51.543060Z,KMA station metadata address starts with 광주광역시 or 전라남도
AWS_721_1995-11-09,721,AWS,금일,1995-11-09,2011-12-10,false,전라남도,완도군,전라남도 완도군 금일읍 화목리,34.349,127.0298,10.3,SFC02,방재기상관측,https://data.kma.go.kr/tmeta/stn/selectStnList.do,2026-04-30T18:55:51.543060Z,KMA station metadata address starts with 광주광역시 or 전라남도
AWS_721_2011-12-10,721,AWS,금일,2011-12-10,2015-07-13,false,전라남도,완도군,전라남도 완도군 금일읍 신구리,34.3391,127.0282,1.38,SFC02,방재기상관측,https://data.kma.go.kr/tmeta/stn/selectStnList.do,2026-04-30T18:55:51.543060Z,KMA station metadata address starts with 광주광역시 or 전라남도
AWS_721_2015-07-13,721,AWS,금일,2015-07-13,2020-10-23,false,전라남도,완도군,전라남도 완도군 금일읍 신구리,34.3391,127.0282,1.38,SFC02,방재기상관측,https://data.kma.go.kr/tmeta/stn/selectStnList.do,2026-04-30T18:55:51.543060Z,KMA station metadata address starts with 광주광역시 or 전라남도
AWS_721_2020-10-23,721,AWS,금일,2020-10-23,2021-08-12,false,전라남도,완도군,전라남도 완도군 금일읍 신구리,34.339,127.0283,4.17,SFC02,방재기상관측,https://data.kma.go.kr/tmeta/stn/selectStnList.do,2026-04-30T18:55:51.543060Z,KMA station metadata address starts with 광주광역시 or 전라남도
AWS_721_2021-08-12,721,AWS,금일,2021-08-12,,true,전라남도,완도군,전라남도 완도군 금일읍 신구리,34.339,127.0283,4.17,SFC02,방재기상관측,https://data.kma.go.kr/tmeta/stn/selectStnList.do,2026-04-30T18:55:51.543060Z,KMA station metadata address starts with 광주광역시 or 전라남도
AWS_722_1995-02-03,722,AWS,학동,1995-02-03,1999-06-30,false,광주광역시,동구,광주광역시 동구 학동,35.090,126.910,35,SFC02,방재기상관측,https://data.kma.go.kr/tmeta/stn/selectStnList.do,2026-04-30T18:55:51.543060Z,KMA station metadata address starts with 광주광역시 or 전라남도
AWS_722_1999-06-30,722,AWS,조선대,1999-06-30,2020-09-22,false,광주광역시,동구,광주광역시 동구 서석동,35.1368,126.9288,107.94,SFC02,방재기상관측,https://data.kma.go.kr/tmeta/stn/selectStnList.do,2026-04-30T18:55:51.543060Z,KMA station metadata address starts with 광주광역시 or 전라남도
AWS_722_2020-09-22,722,AWS,조선대,2020-09-22,2021-10-15,false,광주광역시,동구,광주광역시 동구 서석동,35.1368,126.9288,110.87,SFC02,방재기상관측,https://data.kma.go.kr/tmeta/stn/selectStnList.do,2026-04-30T18:55:51.543060Z,KMA station metadata address starts with 광주광역시 or 전라남도
AWS_722_2021-10-15,722,AWS,조선대,2021-10-15,,true,광주광역시,동구,광주광역시 동구 서석동,35.1368,126.9288,110.87,SFC02,방재기상관측,https://data.kma.go.kr/tmeta/stn/selectStnList.do,2026-04-30T18:55:51.543060Z,KMA station metadata address starts with 광주광역시 or 전라남도
AWS_723_1991-03-08,723,AWS,거문도,1991-03-08,2007-10-16,false,전라남도,여수시,전라남도 여수시 삼산면 거문리,34.0236,127.3064,8,SFC02,방재기상관측,https://data.kma.go.kr/tmeta/stn/selectStnList.do,2026-04-30T18:55:51.543060Z,KMA station metadata address starts with 광주광역시 or 전라남도
AWS_723_2007-10-16,723,AWS,거문도,2007-10-16,2019-02-06,false,전라남도,여수시,전라남도 여수시 삼산면 거문리,34.0279,127.309,9.24,SFC02,방재기상관측,https://data.kma.go.kr/tmeta/stn/selectStnList.do,2026-04-30T18:55:51.543060Z,KMA station metadata address starts with 광주광역시 or 전라남도
AWS_723_2019-02-06,723,AWS,거문도,2019-02-06,2020-10-23,false,전라남도,여수시,전라남도 여수시 삼산면 거문리,34.0279,127.309,9.24,SFC02,방재기상관측,https://data.kma.go.kr/tmeta/stn/selectStnList.do,2026-04-30T18:55:51.543060Z,KMA station metadata address starts with 광주광역시 or 전라남도
AWS_723_2020-10-23,723,AWS,거문도,2020-10-23,2024-10-15,false,전라남도,여수시,전라남도 여수시 삼산면 거문리,34.0279,127.309,6.7,SFC02,방재기상관측,https://data.kma.go.kr/tmeta/stn/selectStnList.do,2026-04-30T18:55:51.543060Z,KMA station metadata address starts with 광주광역시 or 전라남도
AWS_723_2024-10-15,723,AWS,거문도,2024-10-15,,true,전라남도,여수시,전라남도 여수시 삼산면 거문리,34.0279,127.309,6.7,SFC02,방재기상관측,https://data.kma.go.kr/tmeta/stn/selectStnList.do,2026-04-30T18:55:51.543060Z,KMA station metadata address starts with 광주광역시 or 전라남도
AWS_730_1991-11-20,730,AWS,장성,1991-11-20,2010-12-09,false,전라남도,장성군,전라남도 장성군 장성읍 유탕리,35.320,126.820,66,SFC02,방재기상관측,https://data.kma.go.kr/tmeta/stn/selectStnList.do,2026-04-30T18:55:51.543060Z,KMA station metadata address starts with 광주광역시 or 전라남도
AWS_730_2010-12-09,730,AWS,장성,2010-12-09,2020-10-23,false,전라남도,장성군,전라남도 장성군 황룡면 와룡리,35.2794,126.761,38.2,SFC02,방재기상관측,https://data.kma.go.kr/tmeta/stn/selectStnList.do,2026-04-30T18:55:51.543060Z,KMA station metadata address starts with 광주광역시 or 전라남도
AWS_730_2020-10-23,730,AWS,장성,2020-10-23,2023-10-25,false,전라남도,장성군,전라남도 장성군 황룡면 와룡리,35.2794,126.7611,43.95,SFC02,방재기상관측,https://data.kma.go.kr/tmeta/stn/selectStnList.do,2026-04-30T18:55:51.543060Z,KMA station metadata address starts with 광주광역시 or 전라남도
AWS_730_2023-10-25,730,AWS,장성,2023-10-25,,true,전라남도,장성군,전라남도 장성군 황룡면 와룡리,35.2794,126.7611,43.95,SFC02,방재기상관측,https://data.kma.go.kr/tmeta/stn/selectStnList.do,2026-04-30T18:55:51.543060Z,KMA station metadata address starts with 광주광역시 or 전라남도
AWS_731_1991-11-10,731,AWS,영암,1991-11-10,2003-03-20,false,전라남도,영암군,전라남도 영암군 영암읍 동무리,34.7947,126.7036,18,SFC02,방재기상관측,https://data.kma.go.kr/tmeta/stn/selectStnList.do,2026-04-30T18:55:51.543060Z,KMA station metadata address starts with 광주광역시 or 전라남도
AWS_731_2003-03-20,731,AWS,영암,2003-03-20,2015-06-29,false,전라남도,영암군,전라남도 영암군 영암읍 동무리,34.7998,126.7013,26.41,SFC02,방재기상관측,https://data.kma.go.kr/tmeta/stn/selectStnList.do,2026-04-30T18:55:51.543060Z,KMA station metadata address starts with 광주광역시 or 전라남도
AWS_731_2015-06-29,731,AWS,영암,2015-06-29,2017-08-25,false,전라남도,영암군,전라남도 영암군 영암읍 망호리,34.8167,126.6864,3.9,SFC02,방재기상관측,https://data.kma.go.kr/tmeta/stn/selectStnList.do,2026-04-30T18:55:51.543060Z,KMA station metadata address starts with 광주광역시 or 전라남도
AWS_731_2017-08-25,731,AWS,영암,2017-08-25,2020-10-23,false,전라남도,영암군,전라남도 영암군 영암읍 망호리,34.8167,126.6863,2.2,SFC02,방재기상관측,https://data.kma.go.kr/tmeta/stn/selectStnList.do,2026-04-30T18:55:51.543060Z,KMA station metadata address starts with 광주광역시 or 전라남도
AWS_731_2020-10-23,731,AWS,영암,2020-10-23,2023-10-27,false,전라남도,영암군,전라남도 영암군 영암읍 망호리,34.8167,126.6863,4.58,SFC02,방재기상관측,https://data.kma.go.kr/tmeta/stn/selectStnList.do,2026-04-30T18:55:51.543060Z,KMA station metadata address starts with 광주광역시 or 전라남도
AWS_731_2023-10-27,731,AWS,영암,2023-10-27,,true,전라남도,영암군,전라남도 영암군 영암읍 망호리,34.8167,126.6863,4.58,SFC02,방재기상관측,https://data.kma.go.kr/tmeta/stn/selectStnList.do,2026-04-30T18:55:51.543060Z,KMA station metadata address starts with 광주광역시 or 전라남도
AWS_732_1991-11-20,732,AWS,보성,1991-11-20,2010-10-05,false,전라남도,보성군,전라남도 보성군 보성읍 옥평리,34.770,127.080,159,SFC02,방재기상관측,https://data.kma.go.kr/tmeta/stn/selectStnList.do,2026-04-30T18:55:51.543060Z,KMA station metadata address starts with 광주광역시 or 전라남도
AWS_732_2010-10-05,732,AWS,보성,2010-10-05,2011-08-19,false,전라남도,보성군,전라남도 보성군 보성읍 옥평리,34.7623,127.0911,159.74,SFC02,방재기상관측,https://data.kma.go.kr/tmeta/stn/selectStnList.do,2026-04-30T18:55:51.543060Z,KMA station metadata address starts with 광주광역시 or 전라남도
AWS_732_2011-08-19,732,AWS,보성,2011-08-19,2020-10-23,false,전라남도,보성군,전라남도 보성군 보성읍 옥평리,34.762,127.0922,146.32,SFC02,방재기상관측,https://data.kma.go.kr/tmeta/stn/selectStnList.do,2026-04-30T18:55:51.543060Z,KMA station metadata address starts with 광주광역시 or 전라남도
AWS_732_2020-10-23,732,AWS,보성,2020-10-23,2022-10-17,false,전라남도,보성군,전라남도 보성군 보성읍 옥평리,34.7619,127.0921,145.53,SFC02,방재기상관측,https://data.kma.go.kr/tmeta/stn/selectStnList.do,2026-04-30T18:55:51.543060Z,KMA station metadata address starts with 광주광역시 or 전라남도
AWS_732_2022-10-17,732,AWS,보성,2022-10-17,,true,전라남도,보성군,전라남도 보성군 보성읍 옥평리,34.7619,127.0921,145.53,SFC02,방재기상관측,https://data.kma.go.kr/tmeta/stn/selectStnList.do,2026-04-30T18:55:51.543060Z,KMA station metadata address starts with 광주광역시 or 전라남도
AWS_741_1992-12-07,741,AWS,화순,1992-12-07,2007-08-21,false,전라남도,화순군,전라남도 화순군 화순읍 삼천리,35.050,126.980,72,SFC02,방재기상관측,https://data.kma.go.kr/tmeta/stn/selectStnList.do,2026-04-30T18:55:51.543060Z,KMA station metadata address starts with 광주광역시 or 전라남도
AWS_741_2007-08-21,741,AWS,화순,2007-08-21,2013-12-27,false,전라남도,화순군,전라남도 화순군 화순읍 삼천리,35.0592,126.9841,78.03,SFC02,방재기상관측,https://data.kma.go.kr/tmeta/stn/selectStnList.do,2026-04-30T18:55:51.543060Z,KMA station metadata address starts with 광주광역시 or 전라남도
AWS_741_2013-12-28,741,AWS,화순,2013-12-28,2020-10-23,false,전라남도,화순군,전라남도 화순군 화순읍 삼천리,35.0568,126.9843,93.91,SFC02,방재기상관측,https://data.kma.go.kr/tmeta/stn/selectStnList.do,2026-04-30T18:55:51.543060Z,KMA station metadata address starts with 광주광역시 or 전라남도
AWS_741_2020-10-23,741,AWS,화순,2020-10-23,,true,전라남도,화순군,전라남도 화순군 화순읍 삼천리,35.0567,126.9852,94.82,SFC02,방재기상관측,https://data.kma.go.kr/tmeta/stn/selectStnList.do,2026-04-30T18:55:51.543060Z,KMA station metadata address starts with 광주광역시 or 전라남도
AWS_742_1992-11-07,742,AWS,운남,1992-11-07,2000-09-01,false,전라남도,무안군,전라남도 무안군 운남면 연리,34.950,126.350,20,SFC02,방재기상관측,https://data.kma.go.kr/tmeta/stn/selectStnList.do,2026-04-30T18:55:51.543060Z,KMA station metadata address starts with 광주광역시 or 전라남도
AWS_742_2000-09-01,742,AWS,운남,2000-09-01,2007-09-13,false,전라남도,무안군,전라남도 무안군 운남면 연리,34.950,126.350,25,SFC02,방재기상관측,https://data.kma.go.kr/tmeta/stn/selectStnList.do,2026-04-30T18:55:51.543060Z,KMA station metadata address starts with 광주광역시 or 전라남도
AWS_742_2007-09-13,742,AWS,운남,2007-09-13,2014-12-10,false,전라남도,무안군,전라남도 무안군 운남면 연리,34.9626,126.3432,26.29,SFC02,방재기상관측,https://data.kma.go.kr/tmeta/stn/selectStnList.do,2026-04-30T18:55:51.543060Z,KMA station metadata address starts with 광주광역시 or 전라남도
AWS_742_2014-12-10,742,AWS,운남,2014-12-10,2020-02-27,false,전라남도,무안군,전라남도 무안군 운남면 성내리,34.9389,126.3306,10.9,SFC02,방재기상관측,https://data.kma.go.kr/tmeta/stn/selectStnList.do,2026-04-30T18:55:51.543060Z,KMA station metadata address starts with 광주광역시 or 전라남도
AWS_742_2020-02-27,742,AWS,운남,2020-02-27,2020-10-23,false,전라남도,무안군,전라남도 무안군 운남면 성내리,34.9389,126.3306,10.9,SFC02,방재기상관측,https://data.kma.go.kr/tmeta/stn/selectStnList.do,2026-04-30T18:55:51.543060Z,KMA station metadata address starts with 광주광역시 or 전라남도
AWS_742_2020-10-23,742,AWS,운남,2020-10-23,,true,전라남도,무안군,전라남도 무안군 운남면 성내리,34.9389,126.3306,12,SFC02,방재기상관측,https://data.kma.go.kr/tmeta/stn/selectStnList.do,2026-04-30T18:55:51.543060Z,KMA station metadata address starts with 광주광역시 or 전라남도
AWS_743_1992-10-13,743,AWS,비금,1992-10-13,2011-11-09,false,전라남도,신안군,전라남도 신안군 비금면 덕산리,34.7555,125.9266,17.39,SFC02,방재기상관측,https://data.kma.go.kr/tmeta/stn/selectStnList.do,2026-04-30T18:55:51.543060Z,KMA station metadata address starts with 광주광역시 or 전라남도
AWS_743_2011-11-09,743,AWS,비금,2011-11-09,2015-05-28,false,전라남도,신안군,전라남도 신안군 비금면 지당리,34.7741,125.9464,10,SFC02,방재기상관측,https://data.kma.go.kr/tmeta/stn/selectStnList.do,2026-04-30T18:55:51.543060Z,KMA station metadata address starts with 광주광역시 or 전라남도
AWS_743_2015-05-28,743,AWS,비금,2015-05-28,2017-08-25,false,전라남도,신안군,전라남도 신안군 비금면 지당리,34.7734,125.946,8,SFC02,방재기상관측,https://data.kma.go.kr/tmeta/stn/selectStnList.do,2026-04-30T18:55:51.543060Z,KMA station metadata address starts with 광주광역시 or 전라남도
AWS_743_2017-08-25,743,AWS,비금,2017-08-25,2024-10-15,false,전라남도,신안군,전라남도 신안군 비금면 지당리,34.7726,125.9469,8.2,SFC02,방재기상관측,https://data.kma.go.kr/tmeta/stn/selectStnList.do,2026-04-30T18:55:51.543060Z,KMA station metadata address starts with 광주광역시 or 전라남도
AWS_743_2024-10-15,743,AWS,비금,2024-10-15,2025-09-23,false,전라남도,신안군,전라남도 신안군 비금면 지당리,34.7726,125.9469,8.2,SFC02,방재기상관측,https://data.kma.go.kr/tmeta/stn/selectStnList.do,2026-04-30T18:55:51.543060Z,KMA station metadata address starts with 광주광역시 or 전라남도
AWS_743_2025-09-23,743,AWS,비금,2025-09-23,,true,전라남도,신안군,전라남도 신안군 비금면 지당리,34.7726,125.9469,8.2,SFC02,방재기상관측,https://data.kma.go.kr/tmeta/stn/selectStnList.do,2026-04-30T18:55:51.543060Z,KMA station metadata address starts with 광주광역시 or 전라남도
AWS_744_1993-09-15,744,AWS,화원,1993-09-15,2014-12-13,false,전라남도,해남군,전라남도 해남군 화원면 청용리,34.6709,126.3276,15.34,SFC02,방재기상관측,https://data.kma.go.kr/tmeta/stn/selectStnList.do,2026-04-30T18:55:51.543060Z,KMA station metadata address starts with 광주광역시 or 전라남도
AWS_744_2014-12-13,744,AWS,산이,2014-12-13,2015-07-13,false,전라남도,해남군,전라남도 해남군 산이면 덕송리,34.6725,126.4364,1,SFC02,방재기상관측,https://data.kma.go.kr/tmeta/stn/selectStnList.do,2026-04-30T18:55:51.543060Z,KMA station metadata address starts with 광주광역시 or 전라남도
AWS_744_2015-07-13,744,AWS,산이,2015-07-13,2020-10-23,false,전라남도,해남군,전라남도 해남군 산이면 덕송리,34.6725,126.4364,1,SFC02,방재기상관측,https://data.kma.go.kr/tmeta/stn/selectStnList.do,2026-04-30T18:55:51.543060Z,KMA station metadata address starts with 광주광역시 or 전라남도
AWS_744_2020-10-23,744,AWS,산이,2020-10-23,2023-10-26,false,전라남도,해남군,전라남도 해남군 산이면 덕송리,34.6725,126.4365,5.59,SFC02,방재기상관측,https://data.kma.go.kr/tmeta/stn/selectStnList.do,2026-04-30T18:55:51.543060Z,KMA station metadata address starts with 광주광역시 or 전라남도
AWS_744_2023-10-26,744,AWS,산이,2023-10-26,,true,전라남도,해남군,전라남도 해남군 산이면 덕송리,34.6725,126.4365,5.59,SFC02,방재기상관측,https://data.kma.go.kr/tmeta/stn/selectStnList.do,2026-04-30T18:55:51.543060Z,KMA station metadata address starts with 광주광역시 or 전라남도
AWS_745_1992-11-06,745,AWS,강진,1992-11-06,2003-03-24,false,전라남도,강진군,전라남도 강진군 강진읍 평동리,34.6383,126.7608,49,SFC02,방재기상관측,https://data.kma.go.kr/tmeta/stn/selectStnList.do,2026-04-30T18:55:51.543060Z,KMA station metadata address starts with 광주광역시 or 전라남도
AWS_745_2003-03-24,745,AWS,강진,2003-03-24,2012-09-19,false,전라남도,강진군,전라남도 강진군 강진읍 평동리,34.6352,126.7728,20.12,SFC02,방재기상관측,https://data.kma.go.kr/tmeta/stn/selectStnList.do,2026-04-30T18:55:51.543060Z,KMA station metadata address starts with 광주광역시 or 전라남도
AWS_745_2012-09-19,745,AWS,성전,2012-09-19,2015-07-13,false,전라남도,강진군,전라남도 강진군 성전면 송월리,34.6998,126.7048,80,SFC02,방재기상관측,https://data.kma.go.kr/tmeta/stn/selectStnList.do,2026-04-30T18:55:51.543060Z,KMA station metadata address starts with 광주광역시 or 전라남도
AWS_745_2015-07-13,745,AWS,성전,2015-07-13,2020-09-18,false,전라남도,강진군,전라남도 강진군 성전면 송월리,34.6998,126.7048,80,SFC02,방재기상관측,https://data.kma.go.kr/tmeta/stn/selectStnList.do,2026-04-30T18:55:51.543060Z,KMA station metadata address starts with 광주광역시 or 전라남도
AWS_745_2020-09-18,745,AWS,성전,2020-09-18,2021-10-15,false,전라남도,강진군,전라남도 강진군 성전면 송월리,34.6998,126.7048,79.59,SFC02,방재기상관측,https://data.kma.go.kr/tmeta/stn/selectStnList.do,2026-04-30T18:55:51.543060Z,KMA station metadata address starts with 광주광역시 or 전라남도
AWS_745_2021-10-15,745,AWS,성전,2021-10-15,2023-08-18,false,전라남도,강진군,전라남도 강진군 성전면 송월리,34.6998,126.7048,79.59,SFC02,방재기상관측,https://data.kma.go.kr/tmeta/stn/selectStnList.do,2026-04-30T18:55:51.543060Z,KMA station metadata address starts with 광주광역시 or 전라남도
AWS_745_2023-08-18,745,AWS,성전,2023-08-18,,true,전라남도,강진군,전라남도 강진군 성전면 성전리,34.685,126.7255,49,SFC02,방재기상관측,https://data.kma.go.kr/tmeta/stn/selectStnList.do,2026-04-30T18:55:51.543060Z,KMA station metadata address starts with 광주광역시 or 전라남도
AWS_746_1992-11-07,746,AWS,마삭도,1992-11-07,1997-04-01,false,전라남도,,전라남도,34.500,126.870,13,SFC02,방재기상관측,https://data.kma.go.kr/tmeta/stn/selectStnList.do,2026-04-30T18:55:51.543060Z,KMA station metadata address starts with 광주광역시 or 전라남도
AWS_746_1997-04-01,746,AWS,갈두,1997-04-01,1999-03-08,false,전라남도,,전라남도,34.300,126.5333,13,SFC02,방재기상관측,https://data.kma.go.kr/tmeta/stn/selectStnList.do,2026-04-30T18:55:51.543060Z,KMA station metadata address starts with 광주광역시 or 전라남도
AWS_746_1999-03-08,746,AWS,갈두,1999-03-08,1999-06-30,false,전라남도,,전라남도,34.300,126.5333,13,SFC02,방재기상관측,https://data.kma.go.kr/tmeta/stn/selectStnList.do,2026-04-30T18:55:51.543060Z,KMA station metadata address starts with 광주광역시 or 전라남도
AWS_746_1999-06-30,746,AWS,땅끝,1999-06-30,2003-03-10,false,전라남도,,전라남도,34.295,126.5278,13,SFC02,방재기상관측,https://data.kma.go.kr/tmeta/stn/selectStnList.do,2026-04-30T18:55:51.543060Z,KMA station metadata address starts with 광주광역시 or 전라남도
AWS_746_2003-03-10,746,AWS,땅끝,2003-03-10,2012-11-30,false,전라남도,해남군,전라남도 해남군 송지면 산정리,34.3695,126.5169,14.48,SFC02,방재기상관측,https://data.kma.go.kr/tmeta/stn/selectStnList.do,2026-04-30T18:55:51.543060Z,KMA station metadata address starts with 광주광역시 or 전라남도
AWS_746_2012-11-30,746,AWS,땅끝,2012-11-30,2015-07-13,false,전라남도,해남군,전라남도 해남군 송지면 미야리,34.382,126.5159,9,SFC02,방재기상관측,https://data.kma.go.kr/tmeta/stn/selectStnList.do,2026-04-30T18:55:51.543060Z,KMA station metadata address starts with 광주광역시 or 전라남도
AWS_746_2015-07-13,746,AWS,땅끝,2015-07-13,2020-10-23,false,전라남도,해남군,전라남도 해남군 송지면 미야리,34.382,126.5159,9,SFC02,방재기상관측,https://data.kma.go.kr/tmeta/stn/selectStnList.do,2026-04-30T18:55:51.543060Z,KMA station metadata address starts with 광주광역시 or 전라남도
AWS_746_2020-10-23,746,AWS,땅끝,2020-10-23,2024-10-15,false,전라남도,해남군,전라남도 해남군 송지면 미야리,34.3818,126.5159,8.82,SFC02,방재기상관측,https://data.kma.go.kr/tmeta/stn/selectStnList.do,2026-04-30T18:55:51.543060Z,KMA station metadata address starts with 광주광역시 or 전라남도
AWS_746_2024-10-15,746,AWS,땅끝,2024-10-15,2025-09-18,false,전라남도,해남군,전라남도 해남군 송지면 미야리,34.3818,126.5159,8.82,SFC02,방재기상관측,https://data.kma.go.kr/tmeta/stn/selectStnList.do,2026-04-30T18:55:51.543060Z,KMA station metadata address starts with 광주광역시 or 전라남도
AWS_746_2025-09-18,746,AWS,땅끝,2025-09-18,,true,전라남도,해남군,전라남도 해남군 송지면 미야리,34.3818,126.5159,8.82,SFC02,방재기상관측,https://data.kma.go.kr/tmeta/stn/selectStnList.do,2026-04-30T18:55:51.543060Z,KMA station metadata address starts with 광주광역시 or 전라남도
AWS_747_1992-11-08,747,AWS,청산도,1992-11-08,2011-10-19,false,전라남도,완도군,전라남도 완도군 청산면 도청리,34.1799,126.859,19.62,SFC02,방재기상관측,https://data.kma.go.kr/tmeta/stn/selectStnList.do,2026-04-30T18:55:51.543060Z,KMA station metadata address starts with 광주광역시 or 전라남도
AWS_747_2011-10-20,747,AWS,청산도,2011-10-20,2015-07-13,false,전라남도,완도군,전라남도 완도군 청산면 도청리,34.1834,126.8585,26,SFC02,방재기상관측,https://data.kma.go.kr/tmeta/stn/selectStnList.do,2026-04-30T18:55:51.543060Z,KMA station metadata address starts with 광주광역시 or 전라남도
AWS_747_2015-07-13,747,AWS,청산도,2015-07-13,2019-11-14,false,전라남도,완도군,전라남도 완도군 청산면 도청리,34.1834,126.8585,26,SFC02,방재기상관측,https://data.kma.go.kr/tmeta/stn/selectStnList.do,2026-04-30T18:55:51.543060Z,KMA station metadata address starts with 광주광역시 or 전라남도
AWS_747_2019-11-14,747,AWS,청산도,2019-11-14,2020-10-23,false,전라남도,완도군,전라남도 완도군 청산면 도청리,34.1834,126.8585,26,SFC02,방재기상관측,https://data.kma.go.kr/tmeta/stn/selectStnList.do,2026-04-30T18:55:51.543060Z,KMA station metadata address starts with 광주광역시 or 전라남도
AWS_747_2020-10-23,747,AWS,청산도,2020-10-23,2024-10-15,false,전라남도,완도군,전라남도 완도군 청산면 도청리,34.1829,126.858,24.76,SFC02,방재기상관측,https://data.kma.go.kr/tmeta/stn/selectStnList.do,2026-04-30T18:55:51.543060Z,KMA station metadata address starts with 광주광역시 or 전라남도
AWS_747_2024-10-15,747,AWS,청산도,2024-10-15,,true,전라남도,완도군,전라남도 완도군 청산면 도청리,34.1829,126.858,24.76,SFC02,방재기상관측,https://data.kma.go.kr/tmeta/stn/selectStnList.do,2026-04-30T18:55:51.543060Z,KMA station metadata address starts with 광주광역시 or 전라남도
AWS_748_1992-12-07,748,AWS,벌교,1992-12-07,1998-05-21,false,전라남도,보성군,전라남도 보성군 벌교읍 벌교리,34.830,127.350,12,SFC02,방재기상관측,https://data.kma.go.kr/tmeta/stn/selectStnList.do,2026-04-30T18:55:51.543060Z,KMA station metadata address starts with 광주광역시 or 전라남도
AWS_748_1998-05-21,748,AWS,벌교,1998-05-21,2007-09-12,false,전라남도,보성군,전라남도 보성군 벌교읍 벌교리,34.830,127.350,26,SFC02,방재기상관측,https://data.kma.go.kr/tmeta/stn/selectStnList.do,2026-04-30T18:55:51.543060Z,KMA station metadata address starts with 광주광역시 or 전라남도
AWS_748_2007-09-12,748,AWS,벌교,2007-09-12,2011-11-17,false,전라남도,보성군,전라남도 보성군 벌교읍 벌교리,34.8493,127.3592,43.26,SFC02,방재기상관측,https://data.kma.go.kr/tmeta/stn/selectStnList.do,2026-04-30T18:55:51.543060Z,KMA station metadata address starts with 광주광역시 or 전라남도
AWS_748_2011-11-17,748,AWS,벌교,2011-11-17,2024-10-15,false,전라남도,보성군,전라남도 보성군 벌교읍,34.8369,127.3631,1.6,SFC02,방재기상관측,https://data.kma.go.kr/tmeta/stn/selectStnList.do,2026-04-30T18:55:51.543060Z,KMA station metadata address starts with 광주광역시 or 전라남도
AWS_748_2024-10-15,748,AWS,벌교,2024-10-15,,true,전라남도,보성군,전라남도 보성군 벌교읍 장양리,34.8369,127.3631,1.6,SFC02,방재기상관측,https://data.kma.go.kr/tmeta/stn/selectStnList.do,2026-04-30T18:55:51.543060Z,KMA station metadata address starts with 광주광역시 or 전라남도
AWS_749_1992-12-07,749,AWS,도양,1992-12-07,2007-08-09,false,전라남도,고흥군,전라남도 고흥군 도양읍 봉암리,34.530,127.130,11,SFC02,방재기상관측,https://data.kma.go.kr/tmeta/stn/selectStnList.do,2026-04-30T18:55:51.543060Z,KMA station metadata address starts with 광주광역시 or 전라남도
AWS_749_2007-08-09,749,AWS,도양,2007-08-09,2011-12-14,false,전라남도,고흥군,전라남도 고흥군 도양읍 봉암리,34.5295,127.1386,10.4,SFC02,방재기상관측,https://data.kma.go.kr/tmeta/stn/selectStnList.do,2026-04-30T18:55:51.543060Z,KMA station metadata address starts with 광주광역시 or 전라남도
AWS_749_2011-12-14,749,AWS,도양,2011-12-14,2017-08-25,false,전라남도,고흥군,전라남도 고흥군 도양읍 봉암리,34.5348,127.1272,24.8,SFC02,방재기상관측,https://data.kma.go.kr/tmeta/stn/selectStnList.do,2026-04-30T18:55:51.543060Z,KMA station metadata address starts with 광주광역시 or 전라남도
AWS_749_2017-08-25,749,AWS,도양,2017-08-25,2020-02-27,false,전라남도,고흥군,전라남도 고흥군 도양읍 봉암리,34.5347,127.1272,29.3,SFC02,방재기상관측,https://data.kma.go.kr/tmeta/stn/selectStnList.do,2026-04-30T18:55:51.543060Z,KMA station metadata address starts with 광주광역시 or 전라남도
AWS_749_2020-02-27,749,AWS,도양,2020-02-27,2020-10-23,false,전라남도,고흥군,전라남도 고흥군 도양읍 봉암리,34.5347,127.1272,29.3,SFC02,방재기상관측,https://data.kma.go.kr/tmeta/stn/selectStnList.do,2026-04-30T18:55:51.543060Z,KMA station metadata address starts with 광주광역시 or 전라남도
AWS_749_2020-10-23,749,AWS,도양,2020-10-23,,true,전라남도,고흥군,전라남도 고흥군 도양읍 봉암리,34.5347,127.1272,24.96,SFC02,방재기상관측,https://data.kma.go.kr/tmeta/stn/selectStnList.do,2026-04-30T18:55:51.543060Z,KMA station metadata address starts with 광주광역시 or 전라남도
AWS_750_1992-12-07,750,AWS,백야,1992-12-07,2020-10-23,false,전라남도,여수시,전라남도 여수시 화양면 안포리,34.6308,127.6256,34.87,SFC02,방재기상관측,https://data.kma.go.kr/tmeta/stn/selectStnList.do,2026-04-30T18:55:51.543060Z,KMA station metadata address starts with 광주광역시 or 전라남도
AWS_750_2020-10-23,750,AWS,백야,2020-10-23,2021-09-01,false,전라남도,여수시,전라남도 여수시 화양면 안포리,34.6308,127.6256,35.71,SFC02,방재기상관측,https://data.kma.go.kr/tmeta/stn/selectStnList.do,2026-04-30T18:55:51.543060Z,KMA station metadata address starts with 광주광역시 or 전라남도
AWS_750_2021-09-01,750,AWS,백야,2021-09-01,,true,전라남도,여수시,전라남도 여수시 화양면 안포리,34.6278,127.6357,23,SFC02,방재기상관측,https://data.kma.go.kr/tmeta/stn/selectStnList.do,2026-04-30T18:55:51.543060Z,KMA station metadata address starts with 광주광역시 or 전라남도
AWS_754_1993-03-26,754,AWS,함평,1993-03-26,2000-09-01,false,전라남도,함평군,전라남도 함평군 함평읍 기각리,35.0635,126.5225,23,SFC02,방재기상관측,https://data.kma.go.kr/tmeta/stn/selectStnList.do,2026-04-30T18:55:51.543060Z,KMA station metadata address starts with 광주광역시 or 전라남도
AWS_754_2000-09-01,754,AWS,함평,2000-09-01,2007-08-31,false,전라남도,함평군,전라남도 함평군 함평읍 기각리,35.0635,126.5225,21,SFC02,방재기상관측,https://data.kma.go.kr/tmeta/stn/selectStnList.do,2026-04-30T18:55:51.543060Z,KMA station metadata address starts with 광주광역시 or 전라남도
AWS_754_2007-08-31,754,AWS,함평,2007-08-31,2010-10-05,false,전라남도,함평군,전라남도 함평군 함평읍 기각리,35.0635,126.5225,21,SFC02,방재기상관측,https://data.kma.go.kr/tmeta/stn/selectStnList.do,2026-04-30T18:55:51.543060Z,KMA station metadata address starts with 광주광역시 or 전라남도
AWS_754_2010-10-05,754,AWS,함평,2010-10-05,2010-12-10,false,전라남도,함평군,전라남도 함평군 함평읍 기각리,35.064,126.523,21,SFC02,방재기상관측,https://data.kma.go.kr/tmeta/stn/selectStnList.do,2026-04-30T18:55:51.543060Z,KMA station metadata address starts with 광주광역시 or 전라남도
AWS_754_2010-12-10,754,AWS,함평,2010-12-10,2015-07-13,false,전라남도,함평군,전라남도 함평군 함평읍 기각리,35.0602,126.5264,11,SFC02,방재기상관측,https://data.kma.go.kr/tmeta/stn/selectStnList.do,2026-04-30T18:55:51.543060Z,KMA station metadata address starts with 광주광역시 or 전라남도
AWS_754_2015-07-13,754,AWS,함평,2015-07-13,2020-02-04,false,전라남도,함평군,전라남도 함평군 함평읍 기각리,35.0602,126.5264,11,SFC02,방재기상관측,https://data.kma.go.kr/tmeta/stn/selectStnList.do,2026-04-30T18:55:51.543060Z,KMA station metadata address starts with 광주광역시 or 전라남도
AWS_754_2020-02-04,754,AWS,함평,2020-02-04,2020-10-23,false,전라남도,함평군,전라남도 함평군 함평읍 기각리,35.0602,126.5264,11,SFC02,방재기상관측,https://data.kma.go.kr/tmeta/stn/selectStnList.do,2026-04-30T18:55:51.543060Z,KMA station metadata address starts with 광주광역시 or 전라남도
AWS_754_2020-10-23,754,AWS,함평,2020-10-23,,true,전라남도,함평군,전라남도 함평군 함평읍 기각리,35.0604,126.5273,10.42,SFC02,방재기상관측,https://data.kma.go.kr/tmeta/stn/selectStnList.do,2026-04-30T18:55:51.543060Z,KMA station metadata address starts with 광주광역시 or 전라남도
AWS_755_1992-12-12,755,AWS,화순북,1992-12-12,2010-12-01,false,전라남도,화순군,전라남도 화순군 북면 이천리,35.170,127.130,253,SFC02,방재기상관측,https://data.kma.go.kr/tmeta/stn/selectStnList.do,2026-04-30T18:55:51.543060Z,KMA station metadata address starts with 광주광역시 or 전라남도
AWS_755_2010-12-01,755,AWS,화순북,2010-12-01,2020-10-23,false,전라남도,화순군,전라남도 화순군 북면 옥리,35.1594,127.0853,190.4,SFC02,방재기상관측,https://data.kma.go.kr/tmeta/stn/selectStnList.do,2026-04-30T18:55:51.543060Z,KMA station metadata address starts with 광주광역시 or 전라남도
AWS_755_2020-10-23,755,AWS,화순북,2020-10-23,2023-08-01,false,전라남도,화순군,전라남도 화순군 북면 옥리,35.1596,127.0853,185.01,SFC02,방재기상관측,https://data.kma.go.kr/tmeta/stn/selectStnList.do,2026-04-30T18:55:51.543060Z,KMA station metadata address starts with 광주광역시 or 전라남도
AWS_755_2023-08-01,755,AWS,백아면,2023-08-01,,true,전라남도,화순군,전라남도 화순군 북면 용곡리,35.1596,127.0853,187.32,SFC02,방재기상관측,https://data.kma.go.kr/tmeta/stn/selectStnList.do,2026-04-30T18:55:51.543060Z,KMA station metadata address starts with 광주광역시 or 전라남도
AWS_765_1993-11-13,765,AWS,문덕,1993-11-13,1998-05-21,false,전라남도,보성군,전라남도 보성군 문덕면 운곡리,34.930,127.170,125,SFC02,방재기상관측,https://data.kma.go.kr/tmeta/stn/selectStnList.do,2026-04-30T18:55:51.543060Z,KMA station metadata address starts with 광주광역시 or 전라남도
AWS_765_1998-05-21,765,AWS,문덕,1998-05-21,2007-08-18,false,전라남도,보성군,전라남도 보성군 문덕면 운곡리,34.930,127.170,115,SFC02,방재기상관측,https://data.kma.go.kr/tmeta/stn/selectStnList.do,2026-04-30T18:55:51.543060Z,KMA station metadata address starts with 광주광역시 or 전라남도
AWS_765_2007-08-18,765,AWS,문덕,2007-08-18,2012-10-12,false,전라남도,보성군,전라남도 보성군 문덕면 운곡리,34.9293,127.1724,129.58,SFC02,방재기상관측,https://data.kma.go.kr/tmeta/stn/selectStnList.do,2026-04-30T18:55:51.543060Z,KMA station metadata address starts with 광주광역시 or 전라남도
AWS_765_2012-10-12,765,AWS,복내,2012-10-12,2015-07-13,false,전라남도,보성군,전라남도 보성군 복내면 복내리,34.8924,127.1345,116.35,SFC02,방재기상관측,https://data.kma.go.kr/tmeta/stn/selectStnList.do,2026-04-30T18:55:51.543060Z,KMA station metadata address starts with 광주광역시 or 전라남도
AWS_765_2015-07-13,765,AWS,복내,2015-07-13,2020-10-23,false,전라남도,보성군,전라남도 보성군 복내면 복내리,34.8924,127.1345,116.35,SFC02,방재기상관측,https://data.kma.go.kr/tmeta/stn/selectStnList.do,2026-04-30T18:55:51.543060Z,KMA station metadata address starts with 광주광역시 or 전라남도
AWS_765_2020-10-23,765,AWS,복내,2020-10-23,2024-10-15,false,전라남도,보성군,전라남도 보성군 복내면 복내리,34.8923,127.1345,109.9,SFC02,방재기상관측,https://data.kma.go.kr/tmeta/stn/selectStnList.do,2026-04-30T18:55:51.543060Z,KMA station metadata address starts with 광주광역시 or 전라남도
AWS_765_2024-10-15,765,AWS,복내,2024-10-15,,true,전라남도,보성군,전라남도 보성군 복내면 복내리,34.8923,127.1345,109.9,SFC02,방재기상관측,https://data.kma.go.kr/tmeta/stn/selectStnList.do,2026-04-30T18:55:51.543060Z,KMA station metadata address starts with 광주광역시 or 전라남도
AWS_766_1993-11-13,766,AWS,여천(공),1993-11-13,2010-12-10,false,전라남도,여수시,전라남도 여수시 월내동,34.850,127.720,14,SFC02,방재기상관측,https://data.kma.go.kr/tmeta/stn/selectStnList.do,2026-04-30T18:55:51.543060Z,KMA station metadata address starts with 광주광역시 or 전라남도
AWS_766_2010-12-10,766,AWS,여천(공),2010-12-10,2013-10-01,false,전라남도,여수시,전라남도 여수시 월내동,34.8495,127.715,67.45,SFC02,방재기상관측,https://data.kma.go.kr/tmeta/stn/selectStnList.do,2026-04-30T18:55:51.543060Z,KMA station metadata address starts with 광주광역시 or 전라남도
AWS_766_2013-10-01,766,AWS,여수산단,2013-10-01,2020-10-07,false,전라남도,여수시,전라남도 여수시 월내동,34.8495,127.715,67.45,SFC02,방재기상관측,https://data.kma.go.kr/tmeta/stn/selectStnList.do,2026-04-30T18:55:51.543060Z,KMA station metadata address starts with 광주광역시 or 전라남도
AWS_766_2020-10-07,766,AWS,여수산단,2020-10-07,2021-10-15,false,전라남도,여수시,전라남도 여수시 월내동,34.8495,127.715,78.86,SFC02,방재기상관측,https://data.kma.go.kr/tmeta/stn/selectStnList.do,2026-04-30T18:55:51.543060Z,KMA station metadata address starts with 광주광역시 or 전라남도
AWS_766_2021-10-15,766,AWS,여수산단,2021-10-15,,true,전라남도,여수시,전라남도 여수시 월내동,34.8495,127.715,78.86,SFC02,방재기상관측,https://data.kma.go.kr/tmeta/stn/selectStnList.do,2026-04-30T18:55:51.543060Z,KMA station metadata address starts with 광주광역시 or 전라남도
AWS_767_1993-11-13,767,AWS,영남,1993-11-13,2007-08-10,false,전라남도,고흥군,전라남도 고흥군 영남면 양사리,34.600,127.450,22,SFC02,방재기상관측,https://data.kma.go.kr/tmeta/stn/selectStnList.do,2026-04-30T18:55:51.543060Z,KMA station metadata address starts with 광주광역시 or 전라남도
AWS_767_2007-08-10,767,AWS,영남,2007-08-10,2012-12-18,false,전라남도,고흥군,전라남도 고흥군 영남면 양사리,34.602,127.4559,14.51,SFC02,방재기상관측,https://data.kma.go.kr/tmeta/stn/selectStnList.do,2026-04-30T18:55:51.543060Z,KMA station metadata address starts with 광주광역시 or 전라남도
AWS_767_2012-12-18,767,AWS,포두,2012-12-18,2020-10-23,false,전라남도,고흥군,전라남도 고흥군 포두면 송산리,34.5886,127.3975,12,SFC02,방재기상관측,https://data.kma.go.kr/tmeta/stn/selectStnList.do,2026-04-30T18:55:51.543060Z,KMA station metadata address starts with 광주광역시 or 전라남도
AWS_767_2020-10-23,767,AWS,포두,2020-10-23,2024-10-15,false,전라남도,고흥군,전라남도 고흥군 포두면 송산리,34.5885,127.3975,3.72,SFC02,방재기상관측,https://data.kma.go.kr/tmeta/stn/selectStnList.do,2026-04-30T18:55:51.543060Z,KMA station metadata address starts with 광주광역시 or 전라남도
AWS_767_2024-10-15,767,AWS,포두,2024-10-15,,true,전라남도,고흥군,전라남도 고흥군 포두면 송산리,34.5885,127.3975,3.72,SFC02,방재기상관측,https://data.kma.go.kr/tmeta/stn/selectStnList.do,2026-04-30T18:55:51.543060Z,KMA station metadata address starts with 광주광역시 or 전라남도
AWS_768_1993-11-13,768,AWS,곡성,1993-11-13,2010-11-29,false,전라남도,곡성군,전라남도 곡성군 곡성읍 교촌리,35.2802,127.2908,81,SFC02,방재기상관측,https://data.kma.go.kr/tmeta/stn/selectStnList.do,2026-04-30T18:55:51.543060Z,KMA station metadata address starts with 광주광역시 or 전라남도
AWS_768_2010-11-29,768,AWS,곡성,2010-11-29,2015-07-13,false,전라남도,곡성군,전라남도 곡성군 곡성읍 학정리,35.289,127.289,100,SFC02,방재기상관측,https://data.kma.go.kr/tmeta/stn/selectStnList.do,2026-04-30T18:55:51.543060Z,KMA station metadata address starts with 광주광역시 or 전라남도
AWS_768_2015-07-13,768,AWS,곡성,2015-07-13,2020-10-23,false,전라남도,곡성군,전라남도 곡성군 곡성읍 학정리,35.289,127.289,100,SFC02,방재기상관측,https://data.kma.go.kr/tmeta/stn/selectStnList.do,2026-04-30T18:55:51.543060Z,KMA station metadata address starts with 광주광역시 or 전라남도
AWS_768_2020-10-23,768,AWS,곡성,2020-10-23,2021-08-16,false,전라남도,곡성군,전라남도 곡성군 곡성읍 학정리,35.2889,127.2853,100.48,SFC02,방재기상관측,https://data.kma.go.kr/tmeta/stn/selectStnList.do,2026-04-30T18:55:51.543060Z,KMA station metadata address starts with 광주광역시 or 전라남도
AWS_768_2021-08-16,768,AWS,곡성,2021-08-16,,true,전라남도,곡성군,전라남도 곡성군 곡성읍 학정리,35.2889,127.2853,100.48,SFC02,방재기상관측,https://data.kma.go.kr/tmeta/stn/selectStnList.do,2026-04-30T18:55:51.543060Z,KMA station metadata address starts with 광주광역시 or 전라남도
AWS_769_1993-11-13,769,AWS,염산,1993-11-13,2000-09-01,false,전라남도,영광군,전라남도 영광군 염산면 봉남리,35.2159,126.3729,12,SFC02,방재기상관측,https://data.kma.go.kr/tmeta/stn/selectStnList.do,2026-04-30T18:55:51.543060Z,KMA station metadata address starts with 광주광역시 or 전라남도
AWS_769_2000-09-01,769,AWS,염산,2000-09-01,2007-08-29,false,전라남도,영광군,전라남도 영광군 염산면 봉남리,35.2159,126.3729,16,SFC02,방재기상관측,https://data.kma.go.kr/tmeta/stn/selectStnList.do,2026-04-30T18:55:51.543060Z,KMA station metadata address starts with 광주광역시 or 전라남도
AWS_769_2007-08-29,769,AWS,염산,2007-08-29,2013-12-16,false,전라남도,영광군,전라남도 영광군 염산면 봉남리,35.2179,126.3718,15.21,SFC02,방재기상관측,https://data.kma.go.kr/tmeta/stn/selectStnList.do,2026-04-30T18:55:51.543060Z,KMA station metadata address starts with 광주광역시 or 전라남도
AWS_769_2013-12-16,769,AWS,염산,2013-12-16,2015-07-13,false,전라남도,영광군,전라남도 영광군 염산면 옥실리,35.1993,126.3834,3.25,SFC02,방재기상관측,https://data.kma.go.kr/tmeta/stn/selectStnList.do,2026-04-30T18:55:51.543060Z,KMA station metadata address starts with 광주광역시 or 전라남도
AWS_769_2015-07-13,769,AWS,염산,2015-07-13,2020-10-23,false,전라남도,영광군,전라남도 영광군 염산면 옥실리,35.1993,126.3834,3.25,SFC02,방재기상관측,https://data.kma.go.kr/tmeta/stn/selectStnList.do,2026-04-30T18:55:51.543060Z,KMA station metadata address starts with 광주광역시 or 전라남도
AWS_769_2020-10-23,769,AWS,염산,2020-10-23,,true,전라남도,영광군,전라남도 영광군 염산면 옥실리,35.1993,126.3834,5.4,SFC02,방재기상관측,https://data.kma.go.kr/tmeta/stn/selectStnList.do,2026-04-30T18:55:51.543060Z,KMA station metadata address starts with 광주광역시 or 전라남도
AWS_770_1993-11-13,770,AWS,다도,1993-11-13,2007-08-27,false,전라남도,나주시,전라남도 나주시 다도면 신동리,34.930,126.830,70,SFC02,방재기상관측,https://data.kma.go.kr/tmeta/stn/selectStnList.do,2026-04-30T18:55:51.543060Z,KMA station metadata address starts with 광주광역시 or 전라남도
AWS_770_2007-08-27,770,AWS,다도,2007-08-27,2012-11-28,false,전라남도,나주시,전라남도 나주시 다도면 신동리,34.9473,126.8275,80.62,SFC02,방재기상관측,https://data.kma.go.kr/tmeta/stn/selectStnList.do,2026-04-30T18:55:51.543060Z,KMA station metadata address starts with 광주광역시 or 전라남도
AWS_770_2012-11-28,770,AWS,다도,2012-11-28,2020-02-04,false,전라남도,나주시,전라남도 나주시 다도면 신동리,34.9474,126.8278,73.27,SFC02,방재기상관측,https://data.kma.go.kr/tmeta/stn/selectStnList.do,2026-04-30T18:55:51.543060Z,KMA station metadata address starts with 광주광역시 or 전라남도
AWS_770_2020-02-04,770,AWS,다도,2020-02-04,2022-12-22,false,전라남도,나주시,전라남도 나주시 다도면 신동리,34.9476,126.8278,73.27,SFC02,방재기상관측,https://data.kma.go.kr/tmeta/stn/selectStnList.do,2026-04-30T18:55:51.543060Z,KMA station metadata address starts with 광주광역시 or 전라남도
AWS_770_2022-12-22,770,AWS,다도,2022-12-22,,true,전라남도,나주시,전라남도 나주시 다도면 암정리,34.9286,126.820,99,SFC02,방재기상관측,https://data.kma.go.kr/tmeta/stn/selectStnList.do,2026-04-30T18:55:51.543060Z,KMA station metadata address starts with 광주광역시 or 전라남도
AWS_771_1993-10-06,771,AWS,안좌,1993-10-06,2007-10-18,false,전라남도,신안군,전라남도 신안군 안좌면 읍동리,34.750,126.120,32,SFC02,방재기상관측,https://data.kma.go.kr/tmeta/stn/selectStnList.do,2026-04-30T18:55:51.543060Z,KMA station metadata address starts with 광주광역시 or 전라남도
AWS_771_2007-10-18,771,AWS,안좌,2007-10-18,2012-11-30,false,전라남도,신안군,전라남도 신안군 안좌면 읍동리,34.7561,126.1246,33.09,SFC02,방재기상관측,https://data.kma.go.kr/tmeta/stn/selectStnList.do,2026-04-30T18:55:51.543060Z,KMA station metadata address starts with 광주광역시 or 전라남도
AWS_771_2012-11-30,771,AWS,안좌,2012-11-30,2020-10-23,false,전라남도,신안군,전라남도 신안군 안좌면 향목리,34.7269,126.1446,3.61,SFC02,방재기상관측,https://data.kma.go.kr/tmeta/stn/selectStnList.do,2026-04-30T18:55:51.543060Z,KMA station metadata address starts with 광주광역시 or 전라남도
AWS_771_2020-10-23,771,AWS,안좌,2020-10-23,2024-10-15,false,전라남도,신안군,전라남도 신안군 안좌면 향목리,34.7269,126.1446,3.36,SFC02,방재기상관측,https://data.kma.go.kr/tmeta/stn/selectStnList.do,2026-04-30T18:55:51.543060Z,KMA station metadata address starts with 광주광역시 or 전라남도
AWS_771_2024-10-15,771,AWS,안좌,2024-10-15,,true,전라남도,신안군,전라남도 신안군 안좌면 향목리,34.7269,126.1446,3.36,SFC02,방재기상관측,https://data.kma.go.kr/tmeta/stn/selectStnList.do,2026-04-30T18:55:51.543060Z,KMA station metadata address starts with 광주광역시 or 전라남도
AWS_772_1993-10-06,772,AWS,고군,1993-10-06,1998-05-18,false,전라남도,진도군,전라남도 진도군 고군면 오산리,34.4858,126.3454,30,SFC02,방재기상관측,https://data.kma.go.kr/tmeta/stn/selectStnList.do,2026-04-30T18:55:51.543060Z,KMA station metadata address starts with 광주광역시 or 전라남도
AWS_772_1998-05-18,772,AWS,고군,1998-05-18,2002-01-29,false,전라남도,진도군,전라남도 진도군 고군면 오산리,34.4858,126.3454,30,SFC02,방재기상관측,https://data.kma.go.kr/tmeta/stn/selectStnList.do,2026-04-30T18:55:51.543060Z,KMA station metadata address starts with 광주광역시 or 전라남도
AWS_772_2002-01-29,772,AWS,고군,2002-01-29,2007-09-06,false,전라남도,진도군,전라남도 진도군 고군면 오산리,34.4858,126.3454,36,SFC02,방재기상관측,https://data.kma.go.kr/tmeta/stn/selectStnList.do,2026-04-30T18:55:51.543060Z,KMA station metadata address starts with 광주광역시 or 전라남도
AWS_772_2007-09-06,772,AWS,고군,2007-09-06,2013-12-17,false,전라남도,진도군,전라남도 진도군 고군면 오산리,34.4906,126.343,43.2,SFC02,방재기상관측,https://data.kma.go.kr/tmeta/stn/selectStnList.do,2026-04-30T18:55:51.543060Z,KMA station metadata address starts with 광주광역시 or 전라남도
AWS_772_2013-12-17,772,AWS,수유,2013-12-17,2015-07-13,false,전라남도,진도군,전라남도 진도군 진도읍 수유리,34.5319,126.2394,1,SFC02,방재기상관측,https://data.kma.go.kr/tmeta/stn/selectStnList.do,2026-04-30T18:55:51.543060Z,KMA station metadata address starts with 광주광역시 or 전라남도
AWS_772_2015-07-13,772,AWS,수유,2015-07-13,2020-10-23,false,전라남도,진도군,전라남도 진도군 진도읍 수유리,34.5319,126.2394,1,SFC02,방재기상관측,https://data.kma.go.kr/tmeta/stn/selectStnList.do,2026-04-30T18:55:51.543060Z,KMA station metadata address starts with 광주광역시 or 전라남도
AWS_772_2020-10-23,772,AWS,수유,2020-10-23,2024-10-15,false,전라남도,진도군,전라남도 진도군 진도읍 수유리,34.5321,126.2396,1.35,SFC02,방재기상관측,https://data.kma.go.kr/tmeta/stn/selectStnList.do,2026-04-30T18:55:51.543060Z,KMA station metadata address starts with 광주광역시 or 전라남도
AWS_772_2024-10-15,772,AWS,수유,2024-10-15,,true,전라남도,진도군,전라남도 진도군 진도읍 수유리,34.5321,126.2396,1.35,SFC02,방재기상관측,https://data.kma.go.kr/tmeta/stn/selectStnList.do,2026-04-30T18:55:51.543060Z,KMA station metadata address starts with 광주광역시 or 전라남도
AWS_773_1993-10-06,773,AWS,미암,1993-10-06,2013-11-13,false,전라남도,영암군,전라남도 영암군 학산면 상월리,34.6993,126.5718,16.9,SFC02,방재기상관측,https://data.kma.go.kr/tmeta/stn/selectStnList.do,2026-04-30T18:55:51.543060Z,KMA station metadata address starts with 광주광역시 or 전라남도
AWS_773_2013-11-13,773,AWS,학산,2013-11-13,2020-09-23,false,전라남도,영암군,전라남도 영암군 학산면 상월리,34.7086,126.636,99.07,SFC02,방재기상관측,https://data.kma.go.kr/tmeta/stn/selectStnList.do,2026-04-30T18:55:51.543060Z,KMA station metadata address starts with 광주광역시 or 전라남도
AWS_773_2020-09-23,773,AWS,학산,2020-09-23,,true,전라남도,영암군,전라남도 영암군 학산면 상월리,34.7085,126.6359,72.11,SFC02,방재기상관측,https://data.kma.go.kr/tmeta/stn/selectStnList.do,2026-04-30T18:55:51.543060Z,KMA station metadata address starts with 광주광역시 or 전라남도
AWS_774_1993-10-07,774,AWS,몽탄,1993-10-07,2000-09-01,false,전라남도,무안군,전라남도 무안군 몽탄면 사천리,34.930,126.500,11,SFC02,방재기상관측,https://data.kma.go.kr/tmeta/stn/selectStnList.do,2026-04-30T18:55:51.543060Z,KMA station metadata address starts with 광주광역시 or 전라남도
AWS_774_2000-09-01,774,AWS,몽탄,2000-09-01,2013-06-26,false,전라남도,무안군,전라남도 무안군 몽탄면 사천리,34.9308,126.5021,17.84,SFC02,방재기상관측,https://data.kma.go.kr/tmeta/stn/selectStnList.do,2026-04-30T18:55:51.543060Z,KMA station metadata address starts with 광주광역시 or 전라남도
AWS_774_2013-06-26,774,AWS,전남도청,2013-06-26,2020-09-22,false,전라남도,무안군,전라남도 무안군 삼향읍,34.8175,126.4662,10.76,SFC02,방재기상관측,https://data.kma.go.kr/tmeta/stn/selectStnList.do,2026-04-30T18:55:51.543060Z,KMA station metadata address starts with 광주광역시 or 전라남도
AWS_774_2020-09-22,774,AWS,전남도청,2020-09-22,2021-10-15,false,전라남도,무안군,전라남도 무안군 삼향읍,34.8175,126.4662,11.17,SFC02,방재기상관측,https://data.kma.go.kr/tmeta/stn/selectStnList.do,2026-04-30T18:55:51.543060Z,KMA station metadata address starts with 광주광역시 or 전라남도
AWS_774_2021-10-15,774,AWS,전남도청,2021-10-15,,true,전라남도,무안군,전라남도 무안군 삼향읍 남악리,34.8175,126.4662,11.17,SFC02,방재기상관측,https://data.kma.go.kr/tmeta/stn/selectStnList.do,2026-04-30T18:55:51.543060Z,KMA station metadata address starts with 광주광역시 or 전라남도
AWS_775_1993-10-07,775,AWS,월야,1993-10-07,2000-09-01,false,전라남도,,전라남도,35.1785,126.6346,50,SFC02,방재기상관측,https://data.kma.go.kr/tmeta/stn/selectStnList.do,2026-04-30T18:55:51.543060Z,KMA station metadata address starts with 광주광역시 or 전라남도
AWS_775_2000-09-01,775,AWS,월야,2000-09-01,2015-07-13,false,전라남도,함평군,전라남도 함평군 월야면 월야리,35.1801,126.6322,51.65,SFC02,방재기상관측,https://data.kma.go.kr/tmeta/stn/selectStnList.do,2026-04-30T18:55:51.543060Z,KMA station metadata address starts with 광주광역시 or 전라남도
AWS_775_2015-07-13,775,AWS,월야,2015-07-13,2015-07-28,false,전라남도,함평군,전라남도 함평군 월야면 월야리,35.1801,126.6322,51.65,SFC02,방재기상관측,https://data.kma.go.kr/tmeta/stn/selectStnList.do,2026-04-30T18:55:51.543060Z,KMA station metadata address starts with 광주광역시 or 전라남도
AWS_775_2015-07-28,775,AWS,월야,2015-07-28,2015-12-24,false,전라남도,함평군,전라남도 함평군 월야면 월야리,35.1775,126.6447,38.1,SFC02,방재기상관측,https://data.kma.go.kr/tmeta/stn/selectStnList.do,2026-04-30T18:55:51.543060Z,KMA station metadata address starts with 광주광역시 or 전라남도
AWS_775_2015-12-24,775,AWS,월야,2015-12-24,2022-10-03,false,전라남도,함평군,전라남도 함평군 월야면 월야리,35.1777,126.6354,35.38,SFC02,방재기상관측,https://data.kma.go.kr/tmeta/stn/selectStnList.do,2026-04-30T18:55:51.543060Z,KMA station metadata address starts with 광주광역시 or 전라남도
AWS_775_2022-10-03,775,AWS,월야,2022-10-03,2025-04-04,false,전라남도,함평군,전라남도 함평군 월야면 월야리,35.1777,126.6354,35.38,SFC02,방재기상관측,https://data.kma.go.kr/tmeta/stn/selectStnList.do,2026-04-30T18:55:51.543060Z,KMA station metadata address starts with 광주광역시 or 전라남도
AWS_775_2025-04-04,775,AWS,월야,2025-04-04,,true,전라남도,함평군,전라남도 함평군 월야면 외치리,35.1778,126.6391,39.42,SFC02,방재기상관측,https://data.kma.go.kr/tmeta/stn/selectStnList.do,2026-04-30T18:55:51.543060Z,KMA station metadata address starts with 광주광역시 or 전라남도
AWS_776_1993-10-05,776,AWS,현산,1993-10-05,2015-07-13,false,전라남도,해남군,전라남도 해남군 현산면 일평리,34.4602,126.5534,22.64,SFC02,방재기상관측,https://data.kma.go.kr/tmeta/stn/selectStnList.do,2026-04-30T18:55:51.543060Z,KMA station metadata address starts with 광주광역시 or 전라남도
AWS_776_2015-07-13,776,AWS,현산,2015-07-13,2015-07-31,false,전라남도,해남군,전라남도 해남군 현산면 일평리,34.4602,126.5534,22.64,SFC02,방재기상관측,https://data.kma.go.kr/tmeta/stn/selectStnList.do,2026-04-30T18:55:51.543060Z,KMA station metadata address starts with 광주광역시 or 전라남도
AWS_776_2015-07-31,776,AWS,현산,2015-07-31,2020-10-23,false,전라남도,해남군,전라남도 해남군 현산면 고현리,34.4667,126.5531,22.1,SFC02,방재기상관측,https://data.kma.go.kr/tmeta/stn/selectStnList.do,2026-04-30T18:55:51.543060Z,KMA station metadata address starts with 광주광역시 or 전라남도
AWS_776_2020-10-23,776,AWS,현산,2020-10-23,2022-10-31,false,전라남도,해남군,전라남도 해남군 현산면 고현리,34.4667,126.5531,21.83,SFC02,방재기상관측,https://data.kma.go.kr/tmeta/stn/selectStnList.do,2026-04-30T18:55:51.543060Z,KMA station metadata address starts with 광주광역시 or 전라남도
AWS_776_2022-10-31,776,AWS,현산,2022-10-31,,true,전라남도,해남군,전라남도 해남군 현산면 일평리,34.460,126.5571,17,SFC02,방재기상관측,https://data.kma.go.kr/tmeta/stn/selectStnList.do,2026-04-30T18:55:51.543060Z,KMA station metadata address starts with 광주광역시 or 전라남도
AWS_777_1993-10-04,777,AWS,대덕,1993-10-04,2015-07-13,false,전라남도,장흥군,전라남도 장흥군 대덕읍 신월리,34.4994,126.8883,19.86,SFC02,방재기상관측,https://data.kma.go.kr/tmeta/stn/selectStnList.do,2026-04-30T18:55:51.543060Z,KMA station metadata address starts with 광주광역시 or 전라남도
AWS_777_2015-07-13,777,AWS,대덕,2015-07-13,2015-12-21,false,전라남도,장흥군,전라남도 장흥군 대덕읍 신월리,34.4994,126.8883,19.86,SFC02,방재기상관측,https://data.kma.go.kr/tmeta/stn/selectStnList.do,2026-04-30T18:55:51.543060Z,KMA station metadata address starts with 광주광역시 or 전라남도
AWS_777_2015-12-21,777,AWS,관산,2015-12-21,2020-09-19,false,전라남도,장흥군,전라남도 장흥군 관산읍 옥당리,34.5564,126.9347,37.1,SFC02,방재기상관측,https://data.kma.go.kr/tmeta/stn/selectStnList.do,2026-04-30T18:55:51.543060Z,KMA station metadata address starts with 광주광역시 or 전라남도
AWS_777_2020-09-19,777,AWS,관산,2020-09-19,2021-10-15,false,전라남도,장흥군,전라남도 장흥군 관산읍 옥당리,34.5563,126.9346,37.1,SFC02,방재기상관측,https://data.kma.go.kr/tmeta/stn/selectStnList.do,2026-04-30T18:55:51.543060Z,KMA station metadata address starts with 광주광역시 or 전라남도
AWS_777_2021-10-15,777,AWS,관산,2021-10-15,,true,전라남도,장흥군,전라남도 장흥군 관산읍 옥당리,34.5563,126.9346,37.1,SFC02,방재기상관측,https://data.kma.go.kr/tmeta/stn/selectStnList.do,2026-04-30T18:55:51.543060Z,KMA station metadata address starts with 광주광역시 or 전라남도
AWS_778_1993-09-23,778,AWS,유치,1993-09-23,2010-09-16,false,전라남도,장흥군,전라남도 장흥군 유치면 신풍리,34.780,126.880,82,SFC02,방재기상관측,https://data.kma.go.kr/tmeta/stn/selectStnList.do,2026-04-30T18:55:51.543060Z,KMA station metadata address starts with 광주광역시 or 전라남도
AWS_778_2010-09-16,778,AWS,유치,2010-09-16,2015-07-13,false,전라남도,장흥군,전라남도 장흥군 유치면 관동리,34.796,126.8218,94,SFC02,방재기상관측,https://data.kma.go.kr/tmeta/stn/selectStnList.do,2026-04-30T18:55:51.543060Z,KMA station metadata address starts with 광주광역시 or 전라남도
AWS_778_2015-07-13,778,AWS,유치,2015-07-13,2020-09-23,false,전라남도,장흥군,전라남도 장흥군 유치면 관동리,34.796,126.8218,94,SFC02,방재기상관측,https://data.kma.go.kr/tmeta/stn/selectStnList.do,2026-04-30T18:55:51.543060Z,KMA station metadata address starts with 광주광역시 or 전라남도
AWS_778_2020-09-23,778,AWS,유치,2020-09-23,,true,전라남도,장흥군,전라남도 장흥군 유치면 관동리,34.7959,126.8218,96.16,SFC02,방재기상관측,https://data.kma.go.kr/tmeta/stn/selectStnList.do,2026-04-30T18:55:51.543060Z,KMA station metadata address starts with 광주광역시 or 전라남도
AWS_783_1995-02-03,783,AWS,하남공,1995-02-03,2008-12-19,false,광주광역시,광산구,광주광역시 광산구 장덕동,35.190,126.810,37,SFC02,방재기상관측,https://data.kma.go.kr/tmeta/stn/selectStnList.do,2026-04-30T18:55:51.543060Z,KMA station metadata address starts with 광주광역시 or 전라남도
AWS_783_2008-12-19,783,AWS,과기원,2008-12-19,2020-10-13,false,광주광역시,북구,광주광역시 북구 오룡동,35.2303,126.8408,32.37,SFC02,방재기상관측,https://data.kma.go.kr/tmeta/stn/selectStnList.do,2026-04-30T18:55:51.543060Z,KMA station metadata address starts with 광주광역시 or 전라남도
AWS_783_2020-10-13,783,AWS,과기원,2020-10-13,,true,광주광역시,북구,광주광역시 북구 오룡동,35.2303,126.8408,30.59,SFC02,방재기상관측,https://data.kma.go.kr/tmeta/stn/selectStnList.do,2026-04-30T18:55:51.543060Z,KMA station metadata address starts with 광주광역시 or 전라남도
AWS_784_1994-12-28,784,AWS,시종,1994-12-28,2014-12-12,false,전라남도,영암군,전라남도 영암군 시종면 내동리,34.8686,126.6071,17.43,SFC02,방재기상관측,https://data.kma.go.kr/tmeta/stn/selectStnList.do,2026-04-30T18:55:51.543060Z,KMA station metadata address starts with 광주광역시 or 전라남도
AWS_784_2014-12-12,784,AWS,시종,2014-12-12,2020-09-23,false,전라남도,영암군,전라남도 영암군 시종면 만수리,34.8771,126.6126,20.2,SFC02,방재기상관측,https://data.kma.go.kr/tmeta/stn/selectStnList.do,2026-04-30T18:55:51.543060Z,KMA station metadata address starts with 광주광역시 or 전라남도
AWS_784_2020-09-23,784,AWS,시종,2020-09-23,,true,전라남도,영암군,전라남도 영암군 시종면 만수리,34.8772,126.6126,22.08,SFC02,방재기상관측,https://data.kma.go.kr/tmeta/stn/selectStnList.do,2026-04-30T18:55:51.543060Z,KMA station metadata address starts with 광주광역시 or 전라남도
AWS_785_1992-11-08,785,AWS,북일,1992-11-08,2013-12-18,false,전라남도,해남군,전라남도 해남군 북일면 신월리,34.4642,126.6761,21.06,SFC02,방재기상관측,https://data.kma.go.kr/tmeta/stn/selectStnList.do,2026-04-30T18:55:51.543060Z,KMA station metadata address starts with 광주광역시 or 전라남도
AWS_785_2013-12-19,785,AWS,북일,2013-12-19,2015-07-13,false,전라남도,해남군,전라남도 해남군 북일면 신월리,34.4731,126.6827,22,SFC02,방재기상관측,https://data.kma.go.kr/tmeta/stn/selectStnList.do,2026-04-30T18:55:51.543060Z,KMA station metadata address starts with 광주광역시 or 전라남도
AWS_785_2015-07-13,785,AWS,북일,2015-07-13,2020-09-23,false,전라남도,해남군,전라남도 해남군 북일면 신월리,34.4731,126.6827,22,SFC02,방재기상관측,https://data.kma.go.kr/tmeta/stn/selectStnList.do,2026-04-30T18:55:51.543060Z,KMA station metadata address starts with 광주광역시 or 전라남도
AWS_785_2020-09-23,785,AWS,북일,2020-09-23,2021-10-15,false,전라남도,해남군,전라남도 해남군 북일면 신월리,34.4638,126.6763,13.04,SFC02,방재기상관측,https://data.kma.go.kr/tmeta/stn/selectStnList.do,2026-04-30T18:55:51.543060Z,KMA station metadata address starts with 광주광역시 or 전라남도
AWS_785_2021-10-15,785,AWS,북일,2021-10-15,,true,전라남도,해남군,전라남도 해남군 북일면 신월리,34.4638,126.6763,13.04,SFC02,방재기상관측,https://data.kma.go.kr/tmeta/stn/selectStnList.do,2026-04-30T18:55:51.543060Z,KMA station metadata address starts with 광주광역시 or 전라남도
AWS_786_1995-02-03,786,AWS,돌산,1995-02-03,2017-08-25,false,전라남도,여수시,전라남도 여수시 돌산읍 신복리,34.620,127.720,8,SFC02,방재기상관측,https://data.kma.go.kr/tmeta/stn/selectStnList.do,2026-04-30T18:55:51.543060Z,KMA station metadata address starts with 광주광역시 or 전라남도
AWS_786_2017-08-25,786,AWS,돌산,2017-08-25,2020-10-23,false,전라남도,여수시,전라남도 여수시 돌산읍 신복리,34.6032,127.7399,10.7,SFC02,방재기상관측,https://data.kma.go.kr/tmeta/stn/selectStnList.do,2026-04-30T18:55:51.543060Z,KMA station metadata address starts with 광주광역시 or 전라남도
AWS_786_2020-10-23,786,AWS,돌산,2020-10-23,2021-08-31,false,전라남도,여수시,전라남도 여수시 돌산읍 신복리,34.6032,127.7399,9.79,SFC02,방재기상관측,https://data.kma.go.kr/tmeta/stn/selectStnList.do,2026-04-30T18:55:51.543060Z,KMA station metadata address starts with 광주광역시 or 전라남도
AWS_786_2021-08-31,786,AWS,돌산,2021-08-31,,true,전라남도,여수시,전라남도 여수시 돌산읍 서덕리,34.6381,127.7741,17,SFC02,방재기상관측,https://data.kma.go.kr/tmeta/stn/selectStnList.do,2026-04-30T18:55:51.543060Z,KMA station metadata address starts with 광주광역시 or 전라남도
AWS_787_1995-02-02,787,AWS,도화,1995-02-02,2007-08-08,false,전라남도,고흥군,전라남도 고흥군 도화면 구암리,34.445,127.3306,137,SFC02,방재기상관측,https://data.kma.go.kr/tmeta/stn/selectStnList.do,2026-04-30T18:55:51.543060Z,KMA station metadata address starts with 광주광역시 or 전라남도
AWS_787_2007-08-08,787,AWS,도화,2007-08-08,2017-11-07,false,전라남도,고흥군,전라남도 고흥군 도화면 구암리,34.4522,127.3325,140.21,SFC02,방재기상관측,https://data.kma.go.kr/tmeta/stn/selectStnList.do,2026-04-30T18:55:51.543060Z,KMA station metadata address starts with 광주광역시 or 전라남도
AWS_787_2017-11-07,787,AWS,도화,2017-11-07,2020-02-04,false,전라남도,고흥군,전라남도 고흥군 도화면 당오리,34.5067,127.3172,12.3,SFC02,방재기상관측,https://data.kma.go.kr/tmeta/stn/selectStnList.do,2026-04-30T18:55:51.543060Z,KMA station metadata address starts with 광주광역시 or 전라남도
AWS_787_2020-02-04,787,AWS,도화,2020-02-04,,true,전라남도,고흥군,전라남도 고흥군 도화면 당오리,34.5067,127.3172,12.3,SFC02,방재기상관측,https://data.kma.go.kr/tmeta/stn/selectStnList.do,2026-04-30T18:55:51.543060Z,KMA station metadata address starts with 광주광역시 or 전라남도
AWS_788_1994-12-06,788,AWS,무등산,1994-12-06,2002-04-02,false,전라남도,,전라남도,35.130,127.000,380,SFC02,방재기상관측,https://data.kma.go.kr/tmeta/stn/selectStnList.do,2026-04-30T18:55:51.543060Z,KMA station metadata address starts with 광주광역시 or 전라남도
AWS_788_2002-04-02,788,AWS,풍암,2002-04-02,2007-08-30,false,광주광역시,서구,광주광역시 서구 풍암동,35.1313,126.879,62,SFC02,방재기상관측,https://data.kma.go.kr/tmeta/stn/selectStnList.do,2026-04-30T18:55:51.543060Z,KMA station metadata address starts with 광주광역시 or 전라남도
AWS_788_2007-08-30,788,AWS,풍암,2007-08-30,2016-11-09,false,광주광역시,서구,광주광역시 서구 풍암동,35.1343,126.8771,62.99,SFC02,방재기상관측,https://data.kma.go.kr/tmeta/stn/selectStnList.do,2026-04-30T18:55:51.543060Z,KMA station metadata address starts with 광주광역시 or 전라남도
AWS_788_2016-11-09,788,AWS,풍암,2016-11-09,2020-02-27,false,광주광역시,서구,광주광역시 서구 풍암동,35.1316,126.8813,62.7,SFC02,방재기상관측,https://data.kma.go.kr/tmeta/stn/selectStnList.do,2026-04-30T18:55:51.543060Z,KMA station metadata address starts with 광주광역시 or 전라남도
AWS_788_2020-02-27,788,AWS,풍암,2020-02-27,2020-10-23,false,광주광역시,서구,광주광역시 서구 풍암동,35.1316,126.8813,62.7,SFC02,방재기상관측,https://data.kma.go.kr/tmeta/stn/selectStnList.do,2026-04-30T18:55:51.543060Z,KMA station metadata address starts with 광주광역시 or 전라남도
AWS_788_2020-10-23,788,AWS,풍암,2020-10-23,,true,광주광역시,서구,광주광역시 서구 풍암동,35.1316,126.8813,64.98,SFC02,방재기상관측,https://data.kma.go.kr/tmeta/stn/selectStnList.do,2026-04-30T18:55:51.543060Z,KMA station metadata address starts with 광주광역시 or 전라남도
AWS_789_1998-03-09,789,AWS,압해도,1998-03-09,2007-10-16,false,전라남도,신안군,전라남도 신안군 압해읍 학교리,34.8833,126.3167,25,SFC02,방재기상관측,https://data.kma.go.kr/tmeta/stn/selectStnList.do,2026-04-30T18:55:51.543060Z,KMA station metadata address starts with 광주광역시 or 전라남도
AWS_789_2007-10-16,789,AWS,압해도,2007-10-16,2011-11-15,false,전라남도,신안군,전라남도 신안군 압해읍 학교리,34.8657,126.3126,24.36,SFC02,방재기상관측,https://data.kma.go.kr/tmeta/stn/selectStnList.do,2026-04-30T18:55:51.543060Z,KMA station metadata address starts with 광주광역시 or 전라남도
AWS_789_2011-11-15,789,AWS,압해도,2011-11-15,2015-12-24,false,전라남도,신안군,전라남도 신안군 압해읍 신용리,34.8764,126.2933,12,SFC02,방재기상관측,https://data.kma.go.kr/tmeta/stn/selectStnList.do,2026-04-30T18:55:51.543060Z,KMA station metadata address starts with 광주광역시 or 전라남도
AWS_789_2015-12-24,789,AWS,압해도,2015-12-24,2020-10-23,false,전라남도,신안군,전라남도 신안군 압해읍 신용리,34.8764,126.2933,12,SFC02,방재기상관측,https://data.kma.go.kr/tmeta/stn/selectStnList.do,2026-04-30T18:55:51.543060Z,KMA station metadata address starts with 광주광역시 or 전라남도
AWS_789_2020-10-23,789,AWS,압해도,2020-10-23,,true,전라남도,신안군,전라남도 신안군 압해읍 신용리,34.8764,126.2929,8.91,SFC02,방재기상관측,https://data.kma.go.kr/tmeta/stn/selectStnList.do,2026-04-30T18:55:51.543060Z,KMA station metadata address starts with 광주광역시 or 전라남도
AWS_790_1998-03-26,790,AWS,나로도,1998-03-26,2001-01-05,false,전라남도,고흥군,전라남도 고흥군 봉래면 외초리,34.4833,127.4667,50,SFC02,방재기상관측,https://data.kma.go.kr/tmeta/stn/selectStnList.do,2026-04-30T18:55:51.543060Z,KMA station metadata address starts with 광주광역시 or 전라남도
AWS_790_2001-01-05,790,AWS,나로도,2001-01-05,2013-12-03,false,전라남도,고흥군,전라남도 고흥군 봉래면 외초리,34.4143,127.490,126.77,SFC02,방재기상관측,https://data.kma.go.kr/tmeta/stn/selectStnList.do,2026-04-30T18:55:51.543060Z,KMA station metadata address starts with 광주광역시 or 전라남도
AWS_790_2013-12-03,790,AWS,나로도,2013-12-03,2020-10-09,false,전라남도,고흥군,전라남도 고흥군 동일면 덕흥리,34.5326,127.4674,136,SFC02,방재기상관측,https://data.kma.go.kr/tmeta/stn/selectStnList.do,2026-04-30T18:55:51.543060Z,KMA station metadata address starts with 광주광역시 or 전라남도
AWS_790_2020-10-09,790,AWS,나로도,2020-10-09,2024-10-15,false,전라남도,고흥군,전라남도 고흥군 동일면 덕흥리,34.5326,127.4674,135.19,SFC02,방재기상관측,https://data.kma.go.kr/tmeta/stn/selectStnList.do,2026-04-30T18:55:51.543060Z,KMA station metadata address starts with 광주광역시 or 전라남도
AWS_790_2024-10-15,790,AWS,나로도,2024-10-15,,true,전라남도,고흥군,전라남도 고흥군 동일면 덕흥리,34.5326,127.4674,135.19,SFC02,방재기상관측,https://data.kma.go.kr/tmeta/stn/selectStnList.do,2026-04-30T18:55:51.543060Z,KMA station metadata address starts with 광주광역시 or 전라남도
AWS_791_1998-09-28,791,AWS,피아골,1998-09-28,2006-03-10,false,전라남도,구례군,전라남도 구례군 토지면 내동리,35.2667,127.5833,411,SFC02,방재기상관측,https://data.kma.go.kr/tmeta/stn/selectStnList.do,2026-04-30T18:55:51.543060Z,KMA station metadata address starts with 광주광역시 or 전라남도
AWS_791_2006-03-30,791,AWS,피아골,2006-03-30,2015-07-13,false,전라남도,구례군,전라남도 구례군 토지면 내동리,35.2662,127.5838,413.25,SFC02,방재기상관측,https://data.kma.go.kr/tmeta/stn/selectStnList.do,2026-04-30T18:55:51.543060Z,KMA station metadata address starts with 광주광역시 or 전라남도
AWS_791_2015-07-13,791,AWS,피아골,2015-07-13,2020-10-23,false,전라남도,구례군,전라남도 구례군 토지면 내동리,35.2662,127.5838,413.25,SFC02,방재기상관측,https://data.kma.go.kr/tmeta/stn/selectStnList.do,2026-04-30T18:55:51.543060Z,KMA station metadata address starts with 광주광역시 or 전라남도
AWS_791_2020-10-23,791,AWS,피아골,2020-10-23,2024-09-03,false,전라남도,구례군,전라남도 구례군 토지면 내동리,35.2662,127.5838,410.15,SFC02,방재기상관측,https://data.kma.go.kr/tmeta/stn/selectStnList.do,2026-04-30T18:55:51.543060Z,KMA station metadata address starts with 광주광역시 or 전라남도
AWS_791_2024-09-03,791,AWS,피아골,2024-09-03,,true,전라남도,구례군,전라남도 구례군 토지면 내동리,35.2662,127.5838,410.15,SFC02,방재기상관측,https://data.kma.go.kr/tmeta/stn/selectStnList.do,2026-04-30T18:55:51.543060Z,KMA station metadata address starts with 광주광역시 or 전라남도
AWS_794_1999-06-19,794,AWS,황전,1999-06-19,2004-10-30,false,전라남도,순천시,전라남도 순천시 황전면 괴목리,35.100,127.4333,97,SFC02,방재기상관측,https://data.kma.go.kr/tmeta/stn/selectStnList.do,2026-04-30T18:55:51.543060Z,KMA station metadata address starts with 광주광역시 or 전라남도
AWS_794_2004-10-30,794,AWS,황전,2004-10-30,2015-07-13,false,전라남도,순천시,전라남도 순천시 황전면 괴목리,35.1014,127.4271,79.58,SFC02,방재기상관측,https://data.kma.go.kr/tmeta/stn/selectStnList.do,2026-04-30T18:55:51.543060Z,KMA station metadata address starts with 광주광역시 or 전라남도
AWS_794_2015-07-13,794,AWS,황전,2015-07-13,2016-06-17,false,전라남도,순천시,전라남도 순천시 황전면 괴목리,35.1014,127.4271,79.58,SFC02,방재기상관측,https://data.kma.go.kr/tmeta/stn/selectStnList.do,2026-04-30T18:55:51.543060Z,KMA station metadata address starts with 광주광역시 or 전라남도
AWS_794_2016-06-17,794,AWS,황전,2016-06-17,2022-10-06,false,전라남도,순천시,전라남도 순천시 황전면 괴목리,35.1007,127.4274,75.99,SFC02,방재기상관측,https://data.kma.go.kr/tmeta/stn/selectStnList.do,2026-04-30T18:55:51.543060Z,KMA station metadata address starts with 광주광역시 or 전라남도
AWS_794_2022-10-06,794,AWS,황전,2022-10-06,,true,전라남도,순천시,전라남도 순천시 황전면 괴목리,35.1007,127.4274,75.99,SFC02,방재기상관측,https://data.kma.go.kr/tmeta/stn/selectStnList.do,2026-04-30T18:55:51.543060Z,KMA station metadata address starts with 광주광역시 or 전라남도
AWS_795_1999-06-05,795,AWS,죽학,1999-06-05,2004-10-30,false,전라남도,순천시,전라남도 순천시 승주읍 죽학리,34.9833,127.3667,175,SFC02,방재기상관측,https://data.kma.go.kr/tmeta/stn/selectStnList.do,2026-04-30T18:55:51.543060Z,KMA station metadata address starts with 광주광역시 or 전라남도
AWS_795_2004-10-30,795,AWS,죽학,2004-10-30,2011-12-13,false,전라남도,순천시,전라남도 순천시 승주읍 죽학리,34.9908,127.3625,120.52,SFC02,방재기상관측,https://data.kma.go.kr/tmeta/stn/selectStnList.do,2026-04-30T18:55:51.543060Z,KMA station metadata address starts with 광주광역시 or 전라남도
AWS_795_2011-12-13,795,AWS,옥과,2011-12-13,2015-07-13,false,전라남도,곡성군,전라남도 곡성군 옥과면 리문리,35.2753,127.139,83.9,SFC02,방재기상관측,https://data.kma.go.kr/tmeta/stn/selectStnList.do,2026-04-30T18:55:51.543060Z,KMA station metadata address starts with 광주광역시 or 전라남도
AWS_795_2015-07-13,795,AWS,옥과,2015-07-13,2017-08-25,false,전라남도,곡성군,전라남도 곡성군 옥과면 리문리,35.2753,127.139,83.9,SFC02,방재기상관측,https://data.kma.go.kr/tmeta/stn/selectStnList.do,2026-04-30T18:55:51.543060Z,KMA station metadata address starts with 광주광역시 or 전라남도
AWS_795_2017-08-25,795,AWS,옥과,2017-08-25,2020-10-23,false,전라남도,곡성군,전라남도 곡성군 옥과면 리문리,35.2753,127.139,87.6,SFC02,방재기상관측,https://data.kma.go.kr/tmeta/stn/selectStnList.do,2026-04-30T18:55:51.543060Z,KMA station metadata address starts with 광주광역시 or 전라남도
AWS_795_2020-10-23,795,AWS,옥과,2020-10-23,2022-10-01,false,전라남도,곡성군,전라남도 곡성군 옥과면 리문리,35.2753,127.139,86.65,SFC02,방재기상관측,https://data.kma.go.kr/tmeta/stn/selectStnList.do,2026-04-30T18:55:51.543060Z,KMA station metadata address starts with 광주광역시 or 전라남도
AWS_795_2022-10-01,795,AWS,옥과,2022-10-01,,true,전라남도,곡성군,전라남도 곡성군 옥과면 리문리,35.2753,127.139,86.65,SFC02,방재기상관측,https://data.kma.go.kr/tmeta/stn/selectStnList.do,2026-04-30T18:55:51.543060Z,KMA station metadata address starts with 광주광역시 or 전라남도
AWS_796_1999-06-11,796,AWS,초도,1999-06-11,2004-10-30,false,전라남도,여수시,전라남도 여수시 삼산면 동도리,34.2333,127.250,35,SFC02,방재기상관측,https://data.kma.go.kr/tmeta/stn/selectStnList.do,2026-04-30T18:55:51.543060Z,KMA station metadata address starts with 광주광역시 or 전라남도
AWS_796_2004-10-30,796,AWS,초도,2004-10-30,2020-10-23,false,전라남도,여수시,전라남도 여수시 삼산면 초도리,34.2378,127.2448,38,SFC02,방재기상관측,https://data.kma.go.kr/tmeta/stn/selectStnList.do,2026-04-30T18:55:51.543060Z,KMA station metadata address starts with 광주광역시 or 전라남도
AWS_796_2020-10-23,796,AWS,초도,2020-10-23,2021-08-14,false,전라남도,여수시,전라남도 여수시 삼산면 초도리,34.2378,127.2448,37.52,SFC02,방재기상관측,https://data.kma.go.kr/tmeta/stn/selectStnList.do,2026-04-30T18:55:51.543060Z,KMA station metadata address starts with 광주광역시 or 전라남도
AWS_796_2021-08-14,796,AWS,초도,2021-08-14,,true,전라남도,여수시,전라남도 여수시 삼산면 초도리,34.2378,127.2448,37.52,SFC02,방재기상관측,https://data.kma.go.kr/tmeta/stn/selectStnList.do,2026-04-30T18:55:51.543060Z,KMA station metadata address starts with 광주광역시 or 전라남도
AWS_797_1999-06-18,797,AWS,하태도,1999-06-18,2004-11-17,false,전라남도,신안군,전라남도 신안군 흑산면 태도리,34.3833,125.300,50,SFC02,방재기상관측,https://data.kma.go.kr/tmeta/stn/selectStnList.do,2026-04-30T18:55:51.543060Z,KMA station metadata address starts with 광주광역시 or 전라남도
AWS_797_2004-11-17,797,AWS,하태도,2004-11-17,2021-08-06,false,전라남도,신안군,전라남도 신안군 흑산면 태도리,34.395,125.2995,35.63,SFC02,방재기상관측,https://data.kma.go.kr/tmeta/stn/selectStnList.do,2026-04-30T18:55:51.543060Z,KMA station metadata address starts with 광주광역시 or 전라남도
AWS_797_2021-08-06,797,AWS,하태도,2021-08-06,,true,전라남도,신안군,전라남도 신안군 흑산면 태도리,34.395,125.2995,35.63,SFC02,방재기상관측,https://data.kma.go.kr/tmeta/stn/selectStnList.do,2026-04-30T18:55:51.543060Z,KMA station metadata address starts with 광주광역시 or 전라남도
AWS_798_1999-06-14,798,AWS,홍도,1999-06-14,2019-11-28,false,전라남도,신안군,전라남도 신안군 흑산면 홍도리,34.6667,125.1833,22,SFC02,방재기상관측,https://data.kma.go.kr/tmeta/stn/selectStnList.do,2026-04-30T18:55:51.543060Z,KMA station metadata address starts with 광주광역시 or 전라남도
AWS_798_2019-11-28,798,AWS,홍도,2019-11-28,2020-10-23,false,전라남도,신안군,전라남도 신안군 흑산면 홍도리,34.6667,125.1833,22,SFC02,방재기상관측,https://data.kma.go.kr/tmeta/stn/selectStnList.do,2026-04-30T18:55:51.543060Z,KMA station metadata address starts with 광주광역시 or 전라남도
AWS_798_2020-10-23,798,AWS,홍도,2020-10-23,2024-10-15,false,전라남도,신안군,전라남도 신안군 흑산면 홍도리,34.6855,125.1924,23.21,SFC02,방재기상관측,https://data.kma.go.kr/tmeta/stn/selectStnList.do,2026-04-30T18:55:51.543060Z,KMA station metadata address starts with 광주광역시 or 전라남도
AWS_798_2024-10-15,798,AWS,홍도,2024-10-15,,true,전라남도,신안군,전라남도 신안군 흑산면 홍도리,34.6855,125.1924,23.21,SFC02,방재기상관측,https://data.kma.go.kr/tmeta/stn/selectStnList.do,2026-04-30T18:55:51.543060Z,KMA station metadata address starts with 광주광역시 or 전라남도
AWS_799_1999-06-11,799,AWS,낙월도,1999-06-11,2000-09-01,false,전라남도,영광군,전라남도 영광군 낙월면 상낙월리,35.200,126.1333,12,SFC02,방재기상관측,https://data.kma.go.kr/tmeta/stn/selectStnList.do,2026-04-30T18:55:51.543060Z,KMA station metadata address starts with 광주광역시 or 전라남도
AWS_799_2000-09-01,799,AWS,낙월도,2000-09-01,2004-11-17,false,전라남도,영광군,전라남도 영광군 낙월면 상낙월리,35.200,126.1333,12,SFC02,방재기상관측,https://data.kma.go.kr/tmeta/stn/selectStnList.do,2026-04-30T18:55:51.543060Z,KMA station metadata address starts with 광주광역시 or 전라남도
AWS_799_2004-11-17,799,AWS,낙월도,2004-11-17,2015-07-13,false,전라남도,영광군,전라남도 영광군 낙월면 상낙월리,35.2022,126.1376,12.02,SFC02,방재기상관측,https://data.kma.go.kr/tmeta/stn/selectStnList.do,2026-04-30T18:55:51.543060Z,KMA station metadata address starts with 광주광역시 or 전라남도
AWS_799_2015-07-13,799,AWS,낙월도,2015-07-13,2022-10-02,false,전라남도,영광군,전라남도 영광군 낙월면 상낙월리,35.2022,126.1376,12.02,SFC02,방재기상관측,https://data.kma.go.kr/tmeta/stn/selectStnList.do,2026-04-30T18:55:51.543060Z,KMA station metadata address starts with 광주광역시 or 전라남도
AWS_799_2022-10-02,799,AWS,낙월도,2022-10-02,2024-09-10,false,전라남도,영광군,전라남도 영광군 낙월면 상낙월리,35.2022,126.1376,12.02,SFC02,방재기상관측,https://data.kma.go.kr/tmeta/stn/selectStnList.do,2026-04-30T18:55:51.543060Z,KMA station metadata address starts with 광주광역시 or 전라남도
AWS_799_2024-09-10,799,AWS,낙월도,2024-09-10,,true,전라남도,영광군,전라남도 영광군 낙월면 상낙월리,35.202,126.1349,19.46,SFC02,방재기상관측,https://data.kma.go.kr/tmeta/stn/selectStnList.do,2026-04-30T18:55:51.543060Z,KMA station metadata address starts with 광주광역시 or 전라남도
AWS_856_2002-12-20,856,AWS,백운산,2002-12-20,2013-12-26,false,전라남도,광양시,전라남도 광양시 옥룡면 동곡리,35.0836,127.6294,518,SFC02,방재기상관측,https://data.kma.go.kr/tmeta/stn/selectStnList.do,2026-04-30T18:55:51.543060Z,KMA station metadata address starts with 광주광역시 or 전라남도
AWS_856_2013-12-26,856,AWS,백운산,2013-12-26,2015-07-13,false,전라남도,광양시,전라남도 광양시 옥룡면 동곡리,35.1018,127.5981,514.96,SFC02,방재기상관측,https://data.kma.go.kr/tmeta/stn/selectStnList.do,2026-04-30T18:55:51.543060Z,KMA station metadata address starts with 광주광역시 or 전라남도
AWS_856_2015-07-13,856,AWS,백운산,2015-07-13,2016-08-01,false,전라남도,광양시,전라남도 광양시 옥룡면 동곡리,35.1018,127.5981,514.96,SFC02,방재기상관측,https://data.kma.go.kr/tmeta/stn/selectStnList.do,2026-04-30T18:55:51.543060Z,KMA station metadata address starts with 광주광역시 or 전라남도
AWS_856_2016-08-01,856,AWS,광양백운산,2016-08-01,2023-10-29,false,전라남도,광양시,전라남도 광양시 옥룡면 동곡리,35.1018,127.5982,514.84,SFC02,방재기상관측,https://data.kma.go.kr/tmeta/stn/selectStnList.do,2026-04-30T18:55:51.543060Z,KMA station metadata address starts with 광주광역시 or 전라남도
AWS_856_2023-10-29,856,AWS,광양백운산,2023-10-29,,true,전라남도,광양시,전라남도 광양시 옥룡면 동곡리,35.1018,127.5982,514.84,SFC02,방재기상관측,https://data.kma.go.kr/tmeta/stn/selectStnList.do,2026-04-30T18:55:51.543060Z,KMA station metadata address starts with 광주광역시 or 전라남도
AWS_857_2002-12-15,857,AWS,완도읍,2002-12-15,2010-11-26,false,전라남도,완도군,전라남도 완도군 완도읍 정도리,34.2975,126.6989,13,SFC02,방재기상관측,https://data.kma.go.kr/tmeta/stn/selectStnList.do,2026-04-30T18:55:51.543060Z,KMA station metadata address starts with 광주광역시 or 전라남도
AWS_857_2010-11-26,857,AWS,완도읍,2010-11-26,2015-07-13,false,전라남도,완도군,전라남도 완도군 완도읍 중도리,34.300,126.7173,4.43,SFC02,방재기상관측,https://data.kma.go.kr/tmeta/stn/selectStnList.do,2026-04-30T18:55:51.543060Z,KMA station metadata address starts with 광주광역시 or 전라남도
AWS_857_2015-07-13,857,AWS,완도읍,2015-07-13,2020-10-23,false,전라남도,완도군,전라남도 완도군 완도읍 중도리,34.300,126.7173,4.43,SFC02,방재기상관측,https://data.kma.go.kr/tmeta/stn/selectStnList.do,2026-04-30T18:55:51.543060Z,KMA station metadata address starts with 광주광역시 or 전라남도
AWS_857_2020-10-23,857,AWS,완도읍,2020-10-23,2022-10-07,false,전라남도,완도군,전라남도 완도군 완도읍 중도리,34.300,126.7174,8.46,SFC02,방재기상관측,https://data.kma.go.kr/tmeta/stn/selectStnList.do,2026-04-30T18:55:51.543060Z,KMA station metadata address starts with 광주광역시 or 전라남도
AWS_857_2022-10-07,857,AWS,완도읍,2022-10-07,,true,전라남도,완도군,전라남도 완도군 완도읍 중도리,34.300,126.7174,8.46,SFC02,방재기상관측,https://data.kma.go.kr/tmeta/stn/selectStnList.do,2026-04-30T18:55:51.543060Z,KMA station metadata address starts with 광주광역시 or 전라남도
AWS_858_2002-12-11,858,AWS,심동리,2002-12-11,2011-10-01,false,전라남도,진도군,전라남도 진도군 지산면 심동리,34.4583,126.1175,214,SFC02,방재기상관측,https://data.kma.go.kr/tmeta/stn/selectStnList.do,2026-04-30T18:55:51.543060Z,KMA station metadata address starts with 광주광역시 or 전라남도
AWS_858_2011-10-01,858,AWS,지산,2011-10-01,2015-07-13,false,전라남도,진도군,전라남도 진도군 지산면 인지리,34.4296,126.170,37.5,SFC02,방재기상관측,https://data.kma.go.kr/tmeta/stn/selectStnList.do,2026-04-30T18:55:51.543060Z,KMA station metadata address starts with 광주광역시 or 전라남도
AWS_858_2015-07-13,858,AWS,지산,2015-07-13,2020-10-23,false,전라남도,진도군,전라남도 진도군 지산면 인지리,34.4296,126.170,37.5,SFC02,방재기상관측,https://data.kma.go.kr/tmeta/stn/selectStnList.do,2026-04-30T18:55:51.543060Z,KMA station metadata address starts with 광주광역시 or 전라남도
AWS_858_2020-10-23,858,AWS,지산,2020-10-23,2023-10-28,false,전라남도,진도군,전라남도 진도군 지산면 인지리,34.4296,126.1701,34.67,SFC02,방재기상관측,https://data.kma.go.kr/tmeta/stn/selectStnList.do,2026-04-30T18:55:51.543060Z,KMA station metadata address starts with 광주광역시 or 전라남도
AWS_858_2023-10-28,858,AWS,지산,2023-10-28,,true,전라남도,진도군,전라남도 진도군 지산면 인지리,34.4296,126.1701,34.67,SFC02,방재기상관측,https://data.kma.go.kr/tmeta/stn/selectStnList.do,2026-04-30T18:55:51.543060Z,KMA station metadata address starts with 광주광역시 or 전라남도
AWS_865_2002-03-05,865,AWS,광주W,2002-03-05,2002-07-01,false,광주광역시,서구,광주광역시 서구 풍암동,35.1306,126.8769,45,SFC02,방재기상관측,https://data.kma.go.kr/tmeta/stn/selectStnList.do,2026-04-30T18:55:51.543060Z,KMA station metadata address starts with 광주광역시 or 전라남도
AWS_882_2007-09-14,882,AWS,상무대,2007-09-14,2020-02-14,false,전라남도,장성군,전라남도 장성군 삼서면 학성리,35.2518,126.6042,107.74,SFC02,방재기상관측,https://data.kma.go.kr/tmeta/stn/selectStnList.do,2026-04-30T18:55:51.543060Z,KMA station metadata address starts with 광주광역시 or 전라남도
AWS_882_2020-02-14,882,AWS,상무대,2020-02-14,2020-10-23,false,전라남도,장성군,전라남도 장성군 삼서면 학성리,35.2518,126.6042,107.74,SFC02,방재기상관측,https://data.kma.go.kr/tmeta/stn/selectStnList.do,2026-04-30T18:55:51.543060Z,KMA station metadata address starts with 광주광역시 or 전라남도
AWS_882_2020-10-23,882,AWS,상무대,2020-10-23,2025-05-28,false,전라남도,장성군,전라남도 장성군 삼서면 학성리,35.2518,126.6042,106.65,SFC02,방재기상관측,https://data.kma.go.kr/tmeta/stn/selectStnList.do,2026-04-30T18:55:51.543060Z,KMA station metadata address starts with 광주광역시 or 전라남도
AWS_882_2025-05-28,882,AWS,상무대,2025-05-28,,true,전라남도,장성군,전라남도 장성군 삼서면 학성리,35.2526,126.6053,120.67,SFC02,방재기상관측,https://data.kma.go.kr/tmeta/stn/selectStnList.do,2026-04-30T18:55:51.543060Z,KMA station metadata address starts with 광주광역시 or 전라남도
AWS_964_2019-07-08,964,AWS,마량,2019-07-08,2020-09-19,false,전라남도,강진군,전라남도 강진군 마량면 마량리,34.459,126.8156,48.8,SFC02,방재기상관측,https://data.kma.go.kr/tmeta/stn/selectStnList.do,2026-04-30T18:55:51.543060Z,KMA station metadata address starts with 광주광역시 or 전라남도
AWS_964_2020-09-19,964,AWS,마량,2020-09-19,2021-10-15,false,전라남도,강진군,전라남도 강진군 마량면 마량리,34.459,126.8156,48.8,SFC02,방재기상관측,https://data.kma.go.kr/tmeta/stn/selectStnList.do,2026-04-30T18:55:51.543060Z,KMA station metadata address starts with 광주광역시 or 전라남도
AWS_964_2021-10-15,964,AWS,마량,2021-10-15,,true,전라남도,강진군,전라남도 강진군 마량면 마량리,34.459,126.8157,49.92,SFC02,방재기상관측,https://data.kma.go.kr/tmeta/stn/selectStnList.do,2026-04-30T18:55:51.543060Z,KMA station metadata address starts with 광주광역시 or 전라남도
AWS_973_2003-08-13,973,AWS,순천(농),2003-08-13,2015-07-13,false,전라남도,순천시,전라남도 순천시 주암면 구산리,35.0719,127.2412,74.38,SFC02,방재기상관측,https://data.kma.go.kr/tmeta/stn/selectStnList.do,2026-04-30T18:55:51.543060Z,KMA station metadata address starts with 광주광역시 or 전라남도
AWS_973_2015-07-13,973,AWS,순천(농),2015-07-13,2016-10-19,false,전라남도,순천시,전라남도 순천시 주암면 구산리,35.0719,127.2412,74.38,SFC02,방재기상관측,https://data.kma.go.kr/tmeta/stn/selectStnList.do,2026-04-30T18:55:51.543060Z,KMA station metadata address starts with 광주광역시 or 전라남도
AWS_973_2016-10-19,973,AWS,순천(농),2016-10-19,2019-01-01,false,전라남도,순천시,전라남도 순천시 주암면 구산리,35.0719,127.2412,74.38,SFC02,방재기상관측,https://data.kma.go.kr/tmeta/stn/selectStnList.do,2026-04-30T18:55:51.543060Z,KMA station metadata address starts with 광주광역시 or 전라남도
AWS_973_2019-01-01,973,AWS,화순능주,2019-01-01,2020-10-23,false,전라남도,화순군,전라남도 화순군 능주면 만수리,35.0233,126.9496,39.8,SFC02,방재기상관측,https://data.kma.go.kr/tmeta/stn/selectStnList.do,2026-04-30T18:55:51.543060Z,KMA station metadata address starts with 광주광역시 or 전라남도
AWS_973_2020-10-23,973,AWS,화순능주,2020-10-23,2024-10-15,false,전라남도,화순군,전라남도 화순군 능주면 만수리,35.0233,126.9496,39.64,SFC02,방재기상관측,https://data.kma.go.kr/tmeta/stn/selectStnList.do,2026-04-30T18:55:51.543060Z,KMA station metadata address starts with 광주광역시 or 전라남도
AWS_973_2024-10-15,973,AWS,화순능주,2024-10-15,,true,전라남도,화순군,전라남도 화순군 능주면 만수리,35.0233,126.9496,39.64,SFC02,방재기상관측,https://data.kma.go.kr/tmeta/stn/selectStnList.do,2026-04-30T18:55:51.543060Z,KMA station metadata address starts with 광주광역시 or 전라남도
