region_code,region_name,sido_name,sigungu_code,sigungu_name,emd_name,representative_longitude,representative_latitude,admin_unit_type,forest_type_class,road_access_class,slope_class,dryness_class,settlement_interface_class,geometry_source,code_match_status,profile_generated_at,profile_basis
2911010100,광주광역시 동구 대인동,광주광역시,29110,동구,대인동,126.9152442,35.1540669,urban_dong,urban_interface,dense_road,low,seasonal,high,data/raw/SOURCE_ADMIN_BOUNDARIES/snapshots/full/LP_AA_EMD_gwangju_jeonnam.csv,active_legal_code_boundary_geometry_match,2026-05-01T00:29:44+09:00,boundary representative point + legal dong admin type heuristic
2911010200,광주광역시 동구 금남로5가,광주광역시,29110,동구,금남로5가,126.9121244,35.1526967,urban_dong,urban_interface,dense_road,low,seasonal,high,data/raw/SOURCE_ADMIN_BOUNDARIES/snapshots/full/LP_AA_EMD_gwangju_jeonnam.csv,active_legal_code_boundary_geometry_match,2026-05-01T00:29:44+09:00,boundary representative point + legal dong admin type heuristic
2911010300,광주광역시 동구 충장로5가,광주광역시,29110,동구,충장로5가,126.9112764,35.1514283,urban_dong,urban_interface,dense_road,low,seasonal,high,data/raw/SOURCE_ADMIN_BOUNDARIES/snapshots/full/LP_AA_EMD_gwangju_jeonnam.csv,active_legal_code_boundary_geometry_match,2026-05-01T00:29:44+09:00,boundary representative point + legal dong admin type heuristic
2911010400,광주광역시 동구 수기동,광주광역시,29110,동구,수기동,126.9097782,35.1504733,urban_dong,urban_interface,dense_road,low,seasonal,high,data/raw/SOURCE_ADMIN_BOUNDARIES/snapshots/full/LP_AA_EMD_gwangju_jeonnam.csv,active_legal_code_boundary_geometry_match,2026-05-01T00:29:44+09:00,boundary representative point + legal dong admin type heuristic
2911010500,광주광역시 동구 대의동,광주광역시,29110,동구,대의동,126.9201447,35.1491445,urban_dong,urban_interface,dense_road,low,seasonal,high,data/raw/SOURCE_ADMIN_BOUNDARIES/snapshots/full/LP_AA_EMD_gwangju_jeonnam.csv,active_legal_code_boundary_geometry_match,2026-05-01T00:29:44+09:00,boundary representative point + legal dong admin type heuristic
2911010600,광주광역시 동구 궁동,광주광역시,29110,동구,궁동,126.918828,35.1506315,urban_dong,urban_interface,dense_road,low,seasonal,high,data/raw/SOURCE_ADMIN_BOUNDARIES/snapshots/full/LP_AA_EMD_gwangju_jeonnam.csv,active_legal_code_boundary_geometry_match,2026-05-01T00:29:44+09:00,boundary representative point + legal dong admin type heuristic
2911010700,광주광역시 동구 장동,광주광역시,29110,동구,장동,126.9222916,35.1501592,urban_dong,urban_interface,dense_road,low,seasonal,high,data/raw/SOURCE_ADMIN_BOUNDARIES/snapshots/full/LP_AA_EMD_gwangju_jeonnam.csv,active_legal_code_boundary_geometry_match,2026-05-01T00:29:44+09:00,boundary representative point + legal dong admin type heuristic
2911010800,광주광역시 동구 동명동,광주광역시,29110,동구,동명동,126.9261152,35.1506533,urban_dong,urban_interface,dense_road,low,seasonal,high,data/raw/SOURCE_ADMIN_BOUNDARIES/snapshots/full/LP_AA_EMD_gwangju_jeonnam.csv,active_legal_code_boundary_geometry_match,2026-05-01T00:29:44+09:00,boundary representative point + legal dong admin type heuristic
2911010900,광주광역시 동구 계림동,광주광역시,29110,동구,계림동,126.9208427,35.1593959,urban_dong,urban_interface,dense_road,low,seasonal,high,data/raw/SOURCE_ADMIN_BOUNDARIES/snapshots/full/LP_AA_EMD_gwangju_jeonnam.csv,active_legal_code_boundary_geometry_match,2026-05-01T00:29:44+09:00,boundary representative point + legal dong admin type heuristic
2911011000,광주광역시 동구 산수동,광주광역시,29110,동구,산수동,126.9353836,35.1568609,urban_dong,urban_interface,dense_road,medium,seasonal,high,data/raw/SOURCE_ADMIN_BOUNDARIES/snapshots/full/LP_AA_EMD_gwangju_jeonnam.csv,active_legal_code_boundary_geometry_match,2026-05-01T00:29:44+09:00,boundary representative point + legal dong admin type heuristic
2911011100,광주광역시 동구 지산동,광주광역시,29110,동구,지산동,126.9425522,35.1487998,urban_dong,urban_interface,dense_road,medium,seasonal,high,data/raw/SOURCE_ADMIN_BOUNDARIES/snapshots/full/LP_AA_EMD_gwangju_jeonnam.csv,active_legal_code_boundary_geometry_match,2026-05-01T00:29:44+09:00,boundary representative point + legal dong admin type heuristic
2911011200,광주광역시 동구 남동,광주광역시,29110,동구,남동,126.9202019,35.1441164,urban_dong,urban_interface,dense_road,low,seasonal,high,data/raw/SOURCE_ADMIN_BOUNDARIES/snapshots/full/LP_AA_EMD_gwangju_jeonnam.csv,active_legal_code_boundary_geometry_match,2026-05-01T00:29:44+09:00,boundary representative point + legal dong admin type heuristic
2911011300,광주광역시 동구 광산동,광주광역시,29110,동구,광산동,126.9199016,35.1466744,urban_dong,urban_interface,dense_road,low,seasonal,high,data/raw/SOURCE_ADMIN_BOUNDARIES/snapshots/full/LP_AA_EMD_gwangju_jeonnam.csv,active_legal_code_boundary_geometry_match,2026-05-01T00:29:44+09:00,boundary representative point + legal dong admin type heuristic
2911011400,광주광역시 동구 금동,광주광역시,29110,동구,금동,126.9174911,35.1433268,urban_dong,urban_interface,dense_road,low,seasonal,high,data/raw/SOURCE_ADMIN_BOUNDARIES/snapshots/full/LP_AA_EMD_gwangju_jeonnam.csv,active_legal_code_boundary_geometry_match,2026-05-01T00:29:44+09:00,boundary representative point + legal dong admin type heuristic
2911011500,광주광역시 동구 호남동,광주광역시,29110,동구,호남동,126.9126196,35.1476052,urban_dong,urban_interface,dense_road,low,seasonal,high,data/raw/SOURCE_ADMIN_BOUNDARIES/snapshots/full/LP_AA_EMD_gwangju_jeonnam.csv,active_legal_code_boundary_geometry_match,2026-05-01T00:29:44+09:00,boundary representative point + legal dong admin type heuristic
2911011600,광주광역시 동구 불로동,광주광역시,29110,동구,불로동,126.9149546,35.1453874,urban_dong,urban_interface,dense_road,low,seasonal,high,data/raw/SOURCE_ADMIN_BOUNDARIES/snapshots/full/LP_AA_EMD_gwangju_jeonnam.csv,active_legal_code_boundary_geometry_match,2026-05-01T00:29:44+09:00,boundary representative point + legal dong admin type heuristic
2911011700,광주광역시 동구 황금동,광주광역시,29110,동구,황금동,126.9157464,35.1473469,urban_dong,urban_interface,dense_road,low,seasonal,high,data/raw/SOURCE_ADMIN_BOUNDARIES/snapshots/full/LP_AA_EMD_gwangju_jeonnam.csv,active_legal_code_boundary_geometry_match,2026-05-01T00:29:44+09:00,boundary representative point + legal dong admin type heuristic
2911011800,광주광역시 동구 서석동,광주광역시,29110,동구,서석동,126.9307172,35.1422182,urban_dong,urban_interface,dense_road,medium,seasonal,high,data/raw/SOURCE_ADMIN_BOUNDARIES/snapshots/full/LP_AA_EMD_gwangju_jeonnam.csv,active_legal_code_boundary_geometry_match,2026-05-01T00:29:44+09:00,boundary representative point + legal dong admin type heuristic
2911011900,광주광역시 동구 소태동,광주광역시,29110,동구,소태동,126.9436219,35.118923,urban_dong,urban_interface,dense_road,medium,seasonal,high,data/raw/SOURCE_ADMIN_BOUNDARIES/snapshots/full/LP_AA_EMD_gwangju_jeonnam.csv,active_legal_code_boundary_geometry_match,2026-05-01T00:29:44+09:00,boundary representative point + legal dong admin type heuristic
2911012000,광주광역시 동구 용연동,광주광역시,29110,동구,용연동,126.9730697,35.1052552,urban_dong,urban_interface,dense_road,medium,elevated,high,data/raw/SOURCE_ADMIN_BOUNDARIES/snapshots/full/LP_AA_EMD_gwangju_jeonnam.csv,active_legal_code_boundary_geometry_match,2026-05-01T00:29:44+09:00,boundary representative point + legal dong admin type heuristic
2911012100,광주광역시 동구 운림동,광주광역시,29110,동구,운림동,126.9674123,35.127999,urban_dong,urban_interface,dense_road,medium,elevated,high,data/raw/SOURCE_ADMIN_BOUNDARIES/snapshots/full/LP_AA_EMD_gwangju_jeonnam.csv,active_legal_code_boundary_geometry_match,2026-05-01T00:29:44+09:00,boundary representative point + legal dong admin type heuristic
2911012200,광주광역시 동구 학동,광주광역시,29110,동구,학동,126.9311669,35.1362645,urban_dong,urban_interface,dense_road,medium,seasonal,high,data/raw/SOURCE_ADMIN_BOUNDARIES/snapshots/full/LP_AA_EMD_gwangju_jeonnam.csv,active_legal_code_boundary_geometry_match,2026-05-01T00:29:44+09:00,boundary representative point + legal dong admin type heuristic
2911012300,광주광역시 동구 월남동,광주광역시,29110,동구,월남동,126.9415756,35.1026384,urban_dong,urban_interface,dense_road,medium,seasonal,high,data/raw/SOURCE_ADMIN_BOUNDARIES/snapshots/full/LP_AA_EMD_gwangju_jeonnam.csv,active_legal_code_boundary_geometry_match,2026-05-01T00:29:44+09:00,boundary representative point + legal dong admin type heuristic
2911012400,광주광역시 동구 선교동,광주광역시,29110,동구,선교동,126.9526042,35.0847874,urban_dong,urban_interface,dense_road,medium,elevated,high,data/raw/SOURCE_ADMIN_BOUNDARIES/snapshots/full/LP_AA_EMD_gwangju_jeonnam.csv,active_legal_code_boundary_geometry_match,2026-05-01T00:29:44+09:00,boundary representative point + legal dong admin type heuristic
2911012500,광주광역시 동구 내남동,광주광역시,29110,동구,내남동,126.9348937,35.0874316,urban_dong,urban_interface,dense_road,medium,seasonal,high,data/raw/SOURCE_ADMIN_BOUNDARIES/snapshots/full/LP_AA_EMD_gwangju_jeonnam.csv,active_legal_code_boundary_geometry_match,2026-05-01T00:29:44+09:00,boundary representative point + legal dong admin type heuristic
2911012600,광주광역시 동구 용산동,광주광역시,29110,동구,용산동,126.9244611,35.1124731,urban_dong,urban_interface,dense_road,low,seasonal,high,data/raw/SOURCE_ADMIN_BOUNDARIES/snapshots/full/LP_AA_EMD_gwangju_jeonnam.csv,active_legal_code_boundary_geometry_match,2026-05-01T00:29:44+09:00,boundary representative point + legal dong admin type heuristic
2911012700,광주광역시 동구 충장로1가,광주광역시,29110,동구,충장로1가,126.9177323,35.1471812,urban_dong,urban_interface,dense_road,low,seasonal,high,data/raw/SOURCE_ADMIN_BOUNDARIES/snapshots/full/LP_AA_EMD_gwangju_jeonnam.csv,active_legal_code_boundary_geometry_match,2026-05-01T00:29:44+09:00,boundary representative point + legal dong admin type heuristic
2911012800,광주광역시 동구 충장로2가,광주광역시,29110,동구,충장로2가,126.9163326,35.1480493,urban_dong,urban_interface,dense_road,low,seasonal,high,data/raw/SOURCE_ADMIN_BOUNDARIES/snapshots/full/LP_AA_EMD_gwangju_jeonnam.csv,active_legal_code_boundary_geometry_match,2026-05-01T00:29:44+09:00,boundary representative point + legal dong admin type heuristic
2911012900,광주광역시 동구 충장로3가,광주광역시,29110,동구,충장로3가,126.9151443,35.1488423,urban_dong,urban_interface,dense_road,low,seasonal,high,data/raw/SOURCE_ADMIN_BOUNDARIES/snapshots/full/LP_AA_EMD_gwangju_jeonnam.csv,active_legal_code_boundary_geometry_match,2026-05-01T00:29:44+09:00,boundary representative point + legal dong admin type heuristic
2911013000,광주광역시 동구 충장로4가,광주광역시,29110,동구,충장로4가,126.9134308,35.149525,urban_dong,urban_interface,dense_road,low,seasonal,high,data/raw/SOURCE_ADMIN_BOUNDARIES/snapshots/full/LP_AA_EMD_gwangju_jeonnam.csv,active_legal_code_boundary_geometry_match,2026-05-01T00:29:44+09:00,boundary representative point + legal dong admin type heuristic
2911013100,광주광역시 동구 금남로1가,광주광역시,29110,동구,금남로1가,126.9191882,35.1478111,urban_dong,urban_interface,dense_road,low,seasonal,high,data/raw/SOURCE_ADMIN_BOUNDARIES/snapshots/full/LP_AA_EMD_gwangju_jeonnam.csv,active_legal_code_boundary_geometry_match,2026-05-01T00:29:44+09:00,boundary representative point + legal dong admin type heuristic
2911013200,광주광역시 동구 금남로2가,광주광역시,29110,동구,금남로2가,126.917465,35.1487588,urban_dong,urban_interface,dense_road,low,seasonal,high,data/raw/SOURCE_ADMIN_BOUNDARIES/snapshots/full/LP_AA_EMD_gwangju_jeonnam.csv,active_legal_code_boundary_geometry_match,2026-05-01T00:29:44+09:00,boundary representative point + legal dong admin type heuristic
2911013300,광주광역시 동구 금남로3가,광주광역시,29110,동구,금남로3가,126.9161512,35.1499609,urban_dong,urban_interface,dense_road,low,seasonal,high,data/raw/SOURCE_ADMIN_BOUNDARIES/snapshots/full/LP_AA_EMD_gwangju_jeonnam.csv,active_legal_code_boundary_geometry_match,2026-05-01T00:29:44+09:00,boundary representative point + legal dong admin type heuristic
2911013400,광주광역시 동구 금남로4가,광주광역시,29110,동구,금남로4가,126.9151634,35.1509284,urban_dong,urban_interface,dense_road,low,seasonal,high,data/raw/SOURCE_ADMIN_BOUNDARIES/snapshots/full/LP_AA_EMD_gwangju_jeonnam.csv,active_legal_code_boundary_geometry_match,2026-05-01T00:29:44+09:00,boundary representative point + legal dong admin type heuristic
2914010400,광주광역시 서구 양동,광주광역시,29140,서구,양동,126.8993749,35.1545297,urban_dong,urban_interface,dense_road,low,seasonal,high,data/raw/SOURCE_ADMIN_BOUNDARIES/snapshots/full/LP_AA_EMD_gwangju_jeonnam.csv,active_legal_code_boundary_geometry_match,2026-05-01T00:29:44+09:00,boundary representative point + legal dong admin type heuristic
2914010600,광주광역시 서구 농성동,광주광역시,29140,서구,농성동,126.8898317,35.1542836,urban_dong,urban_interface,dense_road,low,seasonal,high,data/raw/SOURCE_ADMIN_BOUNDARIES/snapshots/full/LP_AA_EMD_gwangju_jeonnam.csv,active_legal_code_boundary_geometry_match,2026-05-01T00:29:44+09:00,boundary representative point + legal dong admin type heuristic
2914011500,광주광역시 서구 광천동,광주광역시,29140,서구,광천동,126.881839,35.1652763,urban_dong,urban_interface,dense_road,low,seasonal,high,data/raw/SOURCE_ADMIN_BOUNDARIES/snapshots/full/LP_AA_EMD_gwangju_jeonnam.csv,active_legal_code_boundary_geometry_match,2026-05-01T00:29:44+09:00,boundary representative point + legal dong admin type heuristic
2914011600,광주광역시 서구 유촌동,광주광역시,29140,서구,유촌동,126.8541561,35.1661854,urban_dong,urban_interface,dense_road,low,seasonal,high,data/raw/SOURCE_ADMIN_BOUNDARIES/snapshots/full/LP_AA_EMD_gwangju_jeonnam.csv,active_legal_code_boundary_geometry_match,2026-05-01T00:29:44+09:00,boundary representative point + legal dong admin type heuristic
2914011700,광주광역시 서구 덕흥동,광주광역시,29140,서구,덕흥동,126.8355103,35.16654,urban_dong,urban_interface,dense_road,low,seasonal,high,data/raw/SOURCE_ADMIN_BOUNDARIES/snapshots/full/LP_AA_EMD_gwangju_jeonnam.csv,active_legal_code_boundary_geometry_match,2026-05-01T00:29:44+09:00,boundary representative point + legal dong admin type heuristic
2914011800,광주광역시 서구 쌍촌동,광주광역시,29140,서구,쌍촌동,126.8629729,35.1546629,urban_dong,urban_interface,dense_road,low,seasonal,high,data/raw/SOURCE_ADMIN_BOUNDARIES/snapshots/full/LP_AA_EMD_gwangju_jeonnam.csv,active_legal_code_boundary_geometry_match,2026-05-01T00:29:44+09:00,boundary representative point + legal dong admin type heuristic
2914011900,광주광역시 서구 화정동,광주광역시,29140,서구,화정동,126.8788087,35.1467588,urban_dong,urban_interface,dense_road,low,seasonal,high,data/raw/SOURCE_ADMIN_BOUNDARIES/snapshots/full/LP_AA_EMD_gwangju_jeonnam.csv,active_legal_code_boundary_geometry_match,2026-05-01T00:29:44+09:00,boundary representative point + legal dong admin type heuristic
2914012000,광주광역시 서구 치평동,광주광역시,29140,서구,치평동,126.8408373,35.1523674,urban_dong,urban_interface,dense_road,low,seasonal,high,data/raw/SOURCE_ADMIN_BOUNDARIES/snapshots/full/LP_AA_EMD_gwangju_jeonnam.csv,active_legal_code_boundary_geometry_match,2026-05-01T00:29:44+09:00,boundary representative point + legal dong admin type heuristic
2914012100,광주광역시 서구 내방동,광주광역시,29140,서구,내방동,126.8726548,35.1590739,urban_dong,urban_interface,dense_road,low,seasonal,high,data/raw/SOURCE_ADMIN_BOUNDARIES/snapshots/full/LP_AA_EMD_gwangju_jeonnam.csv,active_legal_code_boundary_geometry_match,2026-05-01T00:29:44+09:00,boundary representative point + legal dong admin type heuristic
2914012500,광주광역시 서구 서창동,광주광역시,29140,서구,서창동,126.8295533,35.1089231,urban_dong,urban_interface,dense_road,low,seasonal,high,data/raw/SOURCE_ADMIN_BOUNDARIES/snapshots/full/LP_AA_EMD_gwangju_jeonnam.csv,active_legal_code_boundary_geometry_match,2026-05-01T00:29:44+09:00,boundary representative point + legal dong admin type heuristic
2914012600,광주광역시 서구 세하동,광주광역시,29140,서구,세하동,126.8339828,35.1195026,urban_dong,urban_interface,dense_road,low,seasonal,high,data/raw/SOURCE_ADMIN_BOUNDARIES/snapshots/full/LP_AA_EMD_gwangju_jeonnam.csv,active_legal_code_boundary_geometry_match,2026-05-01T00:29:44+09:00,boundary representative point + legal dong admin type heuristic
2914012700,광주광역시 서구 용두동,광주광역시,29140,서구,용두동,126.8162743,35.100208,urban_dong,urban_interface,dense_road,low,seasonal,high,data/raw/SOURCE_ADMIN_BOUNDARIES/snapshots/full/LP_AA_EMD_gwangju_jeonnam.csv,active_legal_code_boundary_geometry_match,2026-05-01T00:29:44+09:00,boundary representative point + legal dong admin type heuristic
2914012800,광주광역시 서구 풍암동,광주광역시,29140,서구,풍암동,126.8752412,35.1241573,urban_dong,urban_interface,dense_road,low,seasonal,high,data/raw/SOURCE_ADMIN_BOUNDARIES/snapshots/full/LP_AA_EMD_gwangju_jeonnam.csv,active_legal_code_boundary_geometry_match,2026-05-01T00:29:44+09:00,boundary representative point + legal dong admin type heuristic
2914012900,광주광역시 서구 벽진동,광주광역시,29140,서구,벽진동,126.8296689,35.1332276,urban_dong,urban_interface,dense_road,low,seasonal,high,data/raw/SOURCE_ADMIN_BOUNDARIES/snapshots/full/LP_AA_EMD_gwangju_jeonnam.csv,active_legal_code_boundary_geometry_match,2026-05-01T00:29:44+09:00,boundary representative point + legal dong admin type heuristic
2914013000,광주광역시 서구 금호동,광주광역시,29140,서구,금호동,126.853633,35.1318974,urban_dong,urban_interface,dense_road,low,seasonal,high,data/raw/SOURCE_ADMIN_BOUNDARIES/snapshots/full/LP_AA_EMD_gwangju_jeonnam.csv,active_legal_code_boundary_geometry_match,2026-05-01T00:29:44+09:00,boundary representative point + legal dong admin type heuristic
2914013100,광주광역시 서구 마륵동,광주광역시,29140,서구,마륵동,126.8415514,35.1427416,urban_dong,urban_interface,dense_road,low,seasonal,high,data/raw/SOURCE_ADMIN_BOUNDARIES/snapshots/full/LP_AA_EMD_gwangju_jeonnam.csv,active_legal_code_boundary_geometry_match,2026-05-01T00:29:44+09:00,boundary representative point + legal dong admin type heuristic
2914013200,광주광역시 서구 매월동,광주광역시,29140,서구,매월동,126.8535241,35.1172944,urban_dong,urban_interface,dense_road,low,seasonal,high,data/raw/SOURCE_ADMIN_BOUNDARIES/snapshots/full/LP_AA_EMD_gwangju_jeonnam.csv,active_legal_code_boundary_geometry_match,2026-05-01T00:29:44+09:00,boundary representative point + legal dong admin type heuristic
2914013300,광주광역시 서구 동천동,광주광역시,29140,서구,동천동,126.8607138,35.1717647,urban_dong,urban_interface,dense_road,low,seasonal,high,data/raw/SOURCE_ADMIN_BOUNDARIES/snapshots/full/LP_AA_EMD_gwangju_jeonnam.csv,active_legal_code_boundary_geometry_match,2026-05-01T00:29:44+09:00,boundary representative point + legal dong admin type heuristic
2915510100,광주광역시 남구 사동,광주광역시,29155,남구,사동,126.9124503,35.1437731,urban_dong,urban_interface,dense_road,low,seasonal,high,data/raw/SOURCE_ADMIN_BOUNDARIES/snapshots/full/LP_AA_EMD_gwangju_jeonnam.csv,active_legal_code_boundary_geometry_match,2026-05-01T00:29:44+09:00,boundary representative point + legal dong admin type heuristic
2915510200,광주광역시 남구 구동,광주광역시,29155,남구,구동,126.9098552,35.1468462,urban_dong,urban_interface,dense_road,low,seasonal,high,data/raw/SOURCE_ADMIN_BOUNDARIES/snapshots/full/LP_AA_EMD_gwangju_jeonnam.csv,active_legal_code_boundary_geometry_match,2026-05-01T00:29:44+09:00,boundary representative point + legal dong admin type heuristic
2915510300,광주광역시 남구 서동,광주광역시,29155,남구,서동,126.9067481,35.1440854,urban_dong,urban_interface,dense_road,low,seasonal,high,data/raw/SOURCE_ADMIN_BOUNDARIES/snapshots/full/LP_AA_EMD_gwangju_jeonnam.csv,active_legal_code_boundary_geometry_match,2026-05-01T00:29:44+09:00,boundary representative point + legal dong admin type heuristic
2915510400,광주광역시 남구 월산동,광주광역시,29155,남구,월산동,126.8953705,35.1441253,urban_dong,urban_interface,dense_road,low,seasonal,high,data/raw/SOURCE_ADMIN_BOUNDARIES/snapshots/full/LP_AA_EMD_gwangju_jeonnam.csv,active_legal_code_boundary_geometry_match,2026-05-01T00:29:44+09:00,boundary representative point + legal dong admin type heuristic
2915510500,광주광역시 남구 백운동,광주광역시,29155,남구,백운동,126.9037862,35.1385128,urban_dong,urban_interface,dense_road,low,seasonal,high,data/raw/SOURCE_ADMIN_BOUNDARIES/snapshots/full/LP_AA_EMD_gwangju_jeonnam.csv,active_legal_code_boundary_geometry_match,2026-05-01T00:29:44+09:00,boundary representative point + legal dong admin type heuristic
2915510600,광주광역시 남구 주월동,광주광역시,29155,남구,주월동,126.8977362,35.131655,urban_dong,urban_interface,dense_road,low,seasonal,high,data/raw/SOURCE_ADMIN_BOUNDARIES/snapshots/full/LP_AA_EMD_gwangju_jeonnam.csv,active_legal_code_boundary_geometry_match,2026-05-01T00:29:44+09:00,boundary representative point + legal dong admin type heuristic
2915510700,광주광역시 남구 노대동,광주광역시,29155,남구,노대동,126.9071066,35.1001017,urban_dong,urban_interface,dense_road,low,seasonal,high,data/raw/SOURCE_ADMIN_BOUNDARIES/snapshots/full/LP_AA_EMD_gwangju_jeonnam.csv,active_legal_code_boundary_geometry_match,2026-05-01T00:29:44+09:00,boundary representative point + legal dong admin type heuristic
2915510800,광주광역시 남구 진월동,광주광역시,29155,남구,진월동,126.9020767,35.1155705,urban_dong,urban_interface,dense_road,low,seasonal,high,data/raw/SOURCE_ADMIN_BOUNDARIES/snapshots/full/LP_AA_EMD_gwangju_jeonnam.csv,active_legal_code_boundary_geometry_match,2026-05-01T00:29:44+09:00,boundary representative point + legal dong admin type heuristic
2915510900,광주광역시 남구 덕남동,광주광역시,29155,남구,덕남동,126.9001706,35.0890727,urban_dong,urban_interface,dense_road,low,seasonal,high,data/raw/SOURCE_ADMIN_BOUNDARIES/snapshots/full/LP_AA_EMD_gwangju_jeonnam.csv,active_legal_code_boundary_geometry_match,2026-05-01T00:29:44+09:00,boundary representative point + legal dong admin type heuristic
2915511000,광주광역시 남구 행암동,광주광역시,29155,남구,행암동,126.8869845,35.0994044,urban_dong,urban_interface,dense_road,low,seasonal,high,data/raw/SOURCE_ADMIN_BOUNDARIES/snapshots/full/LP_AA_EMD_gwangju_jeonnam.csv,active_legal_code_boundary_geometry_match,2026-05-01T00:29:44+09:00,boundary representative point + legal dong admin type heuristic
2915511100,광주광역시 남구 임암동,광주광역시,29155,남구,임암동,126.8697874,35.1014978,urban_dong,urban_interface,dense_road,low,seasonal,high,data/raw/SOURCE_ADMIN_BOUNDARIES/snapshots/full/LP_AA_EMD_gwangju_jeonnam.csv,active_legal_code_boundary_geometry_match,2026-05-01T00:29:44+09:00,boundary representative point + legal dong admin type heuristic
2915511200,광주광역시 남구 송하동,광주광역시,29155,남구,송하동,126.8838753,35.1100591,urban_dong,urban_interface,dense_road,low,seasonal,high,data/raw/SOURCE_ADMIN_BOUNDARIES/snapshots/full/LP_AA_EMD_gwangju_jeonnam.csv,active_legal_code_boundary_geometry_match,2026-05-01T00:29:44+09:00,boundary representative point + legal dong admin type heuristic
2915511300,광주광역시 남구 양림동,광주광역시,29155,남구,양림동,126.9147851,35.1387068,urban_dong,urban_interface,dense_road,low,seasonal,high,data/raw/SOURCE_ADMIN_BOUNDARIES/snapshots/full/LP_AA_EMD_gwangju_jeonnam.csv,active_legal_code_boundary_geometry_match,2026-05-01T00:29:44+09:00,boundary representative point + legal dong admin type heuristic
2915511400,광주광역시 남구 방림동,광주광역시,29155,남구,방림동,126.9197491,35.1314061,urban_dong,urban_interface,dense_road,low,seasonal,high,data/raw/SOURCE_ADMIN_BOUNDARIES/snapshots/full/LP_AA_EMD_gwangju_jeonnam.csv,active_legal_code_boundary_geometry_match,2026-05-01T00:29:44+09:00,boundary representative point + legal dong admin type heuristic
2915511500,광주광역시 남구 봉선동,광주광역시,29155,남구,봉선동,126.9140727,35.1243213,urban_dong,urban_interface,dense_road,low,seasonal,high,data/raw/SOURCE_ADMIN_BOUNDARIES/snapshots/full/LP_AA_EMD_gwangju_jeonnam.csv,active_legal_code_boundary_geometry_match,2026-05-01T00:29:44+09:00,boundary representative point + legal dong admin type heuristic
2915511600,광주광역시 남구 구소동,광주광역시,29155,남구,구소동,126.8078036,35.0563132,urban_dong,urban_interface,dense_road,low,seasonal,high,data/raw/SOURCE_ADMIN_BOUNDARIES/snapshots/full/LP_AA_EMD_gwangju_jeonnam.csv,active_legal_code_boundary_geometry_match,2026-05-01T00:29:44+09:00,boundary representative point + legal dong admin type heuristic
2915511700,광주광역시 남구 양촌동,광주광역시,29155,남구,양촌동,126.7889784,35.0651479,urban_dong,urban_interface,dense_road,low,seasonal,high,data/raw/SOURCE_ADMIN_BOUNDARIES/snapshots/full/LP_AA_EMD_gwangju_jeonnam.csv,active_legal_code_boundary_geometry_match,2026-05-01T00:29:44+09:00,boundary representative point + legal dong admin type heuristic
2915511800,광주광역시 남구 도금동,광주광역시,29155,남구,도금동,126.8454648,35.0759524,urban_dong,urban_interface,dense_road,low,seasonal,high,data/raw/SOURCE_ADMIN_BOUNDARIES/snapshots/full/LP_AA_EMD_gwangju_jeonnam.csv,active_legal_code_boundary_geometry_match,2026-05-01T00:29:44+09:00,boundary representative point + legal dong admin type heuristic
2915511900,광주광역시 남구 승촌동,광주광역시,29155,남구,승촌동,126.7756991,35.0611158,urban_dong,urban_interface,dense_road,low,seasonal,high,data/raw/SOURCE_ADMIN_BOUNDARIES/snapshots/full/LP_AA_EMD_gwangju_jeonnam.csv,active_legal_code_boundary_geometry_match,2026-05-01T00:29:44+09:00,boundary representative point + legal dong admin type heuristic
2915512000,광주광역시 남구 지석동,광주광역시,29155,남구,지석동,126.8351021,35.082299,urban_dong,urban_interface,dense_road,low,seasonal,high,data/raw/SOURCE_ADMIN_BOUNDARIES/snapshots/full/LP_AA_EMD_gwangju_jeonnam.csv,active_legal_code_boundary_geometry_match,2026-05-01T00:29:44+09:00,boundary representative point + legal dong admin type heuristic
2915512100,광주광역시 남구 압촌동,광주광역시,29155,남구,압촌동,126.8326602,35.0904122,urban_dong,urban_interface,dense_road,low,seasonal,high,data/raw/SOURCE_ADMIN_BOUNDARIES/snapshots/full/LP_AA_EMD_gwangju_jeonnam.csv,active_legal_code_boundary_geometry_match,2026-05-01T00:29:44+09:00,boundary representative point + legal dong admin type heuristic
2915512200,광주광역시 남구 화장동,광주광역시,29155,남구,화장동,126.8001575,35.0830661,urban_dong,urban_interface,dense_road,low,seasonal,high,data/raw/SOURCE_ADMIN_BOUNDARIES/snapshots/full/LP_AA_EMD_gwangju_jeonnam.csv,active_legal_code_boundary_geometry_match,2026-05-01T00:29:44+09:00,boundary representative point + legal dong admin type heuristic
2915512300,광주광역시 남구 칠석동,광주광역시,29155,남구,칠석동,126.8368449,35.07019,urban_dong,urban_interface,dense_road,low,seasonal,high,data/raw/SOURCE_ADMIN_BOUNDARIES/snapshots/full/LP_AA_EMD_gwangju_jeonnam.csv,active_legal_code_boundary_geometry_match,2026-05-01T00:29:44+09:00,boundary representative point + legal dong admin type heuristic
2915512400,광주광역시 남구 석정동,광주광역시,29155,남구,석정동,126.8174482,35.0848657,urban_dong,urban_interface,dense_road,low,seasonal,high,data/raw/SOURCE_ADMIN_BOUNDARIES/snapshots/full/LP_AA_EMD_gwangju_jeonnam.csv,active_legal_code_boundary_geometry_match,2026-05-01T00:29:44+09:00,boundary representative point + legal dong admin type heuristic
2915512500,광주광역시 남구 신장동,광주광역시,29155,남구,신장동,126.8162023,35.0586069,urban_dong,urban_interface,dense_road,low,seasonal,high,data/raw/SOURCE_ADMIN_BOUNDARIES/snapshots/full/LP_AA_EMD_gwangju_jeonnam.csv,active_legal_code_boundary_geometry_match,2026-05-01T00:29:44+09:00,boundary representative point + legal dong admin type heuristic
2915512600,광주광역시 남구 양과동,광주광역시,29155,남구,양과동,126.8788827,35.0873332,urban_dong,urban_interface,dense_road,low,seasonal,high,data/raw/SOURCE_ADMIN_BOUNDARIES/snapshots/full/LP_AA_EMD_gwangju_jeonnam.csv,active_legal_code_boundary_geometry_match,2026-05-01T00:29:44+09:00,boundary representative point + legal dong admin type heuristic
2915512700,광주광역시 남구 이장동,광주광역시,29155,남구,이장동,126.8565609,35.0892516,urban_dong,urban_interface,dense_road,low,seasonal,high,data/raw/SOURCE_ADMIN_BOUNDARIES/snapshots/full/LP_AA_EMD_gwangju_jeonnam.csv,active_legal_code_boundary_geometry_match,2026-05-01T00:29:44+09:00,boundary representative point + legal dong admin type heuristic
2915512800,광주광역시 남구 대지동,광주광역시,29155,남구,대지동,126.8208588,35.0730405,urban_dong,urban_interface,dense_road,low,seasonal,high,data/raw/SOURCE_ADMIN_BOUNDARIES/snapshots/full/LP_AA_EMD_gwangju_jeonnam.csv,active_legal_code_boundary_geometry_match,2026-05-01T00:29:44+09:00,boundary representative point + legal dong admin type heuristic
2915512900,광주광역시 남구 원산동,광주광역시,29155,남구,원산동,126.8477929,35.0928292,urban_dong,urban_interface,dense_road,low,seasonal,high,data/raw/SOURCE_ADMIN_BOUNDARIES/snapshots/full/LP_AA_EMD_gwangju_jeonnam.csv,active_legal_code_boundary_geometry_match,2026-05-01T00:29:44+09:00,boundary representative point + legal dong admin type heuristic
2915513000,광주광역시 남구 월성동,광주광역시,29155,남구,월성동,126.8068343,35.0656136,urban_dong,urban_interface,dense_road,low,seasonal,high,data/raw/SOURCE_ADMIN_BOUNDARIES/snapshots/full/LP_AA_EMD_gwangju_jeonnam.csv,active_legal_code_boundary_geometry_match,2026-05-01T00:29:44+09:00,boundary representative point + legal dong admin type heuristic
2917010100,광주광역시 북구 중흥동,광주광역시,29170,북구,중흥동,126.9104478,35.1665975,urban_dong,urban_interface,dense_road,low,seasonal,high,data/raw/SOURCE_ADMIN_BOUNDARIES/snapshots/full/LP_AA_EMD_gwangju_jeonnam.csv,active_legal_code_boundary_geometry_match,2026-05-01T00:29:44+09:00,boundary representative point + legal dong admin type heuristic
2917010200,광주광역시 북구 유동,광주광역시,29170,북구,유동,126.9058304,35.1583632,urban_dong,urban_interface,dense_road,low,seasonal,high,data/raw/SOURCE_ADMIN_BOUNDARIES/snapshots/full/LP_AA_EMD_gwangju_jeonnam.csv,active_legal_code_boundary_geometry_match,2026-05-01T00:29:44+09:00,boundary representative point + legal dong admin type heuristic
2917010300,광주광역시 북구 누문동,광주광역시,29170,북구,누문동,126.9066016,35.1539961,urban_dong,urban_interface,dense_road,low,seasonal,high,data/raw/SOURCE_ADMIN_BOUNDARIES/snapshots/full/LP_AA_EMD_gwangju_jeonnam.csv,active_legal_code_boundary_geometry_match,2026-05-01T00:29:44+09:00,boundary representative point + legal dong admin type heuristic
2917010400,광주광역시 북구 북동,광주광역시,29170,북구,북동,126.9096147,35.1558525,urban_dong,urban_interface,dense_road,low,seasonal,high,data/raw/SOURCE_ADMIN_BOUNDARIES/snapshots/full/LP_AA_EMD_gwangju_jeonnam.csv,active_legal_code_boundary_geometry_match,2026-05-01T00:29:44+09:00,boundary representative point + legal dong admin type heuristic
2917010500,광주광역시 북구 임동,광주광역시,29170,북구,임동,126.8937258,35.1630062,urban_dong,urban_interface,dense_road,low,seasonal,high,data/raw/SOURCE_ADMIN_BOUNDARIES/snapshots/full/LP_AA_EMD_gwangju_jeonnam.csv,active_legal_code_boundary_geometry_match,2026-05-01T00:29:44+09:00,boundary representative point + legal dong admin type heuristic
2917010600,광주광역시 북구 신안동,광주광역시,29170,북구,신안동,126.8988419,35.1683228,urban_dong,urban_interface,dense_road,low,seasonal,high,data/raw/SOURCE_ADMIN_BOUNDARIES/snapshots/full/LP_AA_EMD_gwangju_jeonnam.csv,active_legal_code_boundary_geometry_match,2026-05-01T00:29:44+09:00,boundary representative point + legal dong admin type heuristic
2917010700,광주광역시 북구 용봉동,광주광역시,29170,북구,용봉동,126.9013181,35.1795384,urban_dong,urban_interface,dense_road,low,seasonal,high,data/raw/SOURCE_ADMIN_BOUNDARIES/snapshots/full/LP_AA_EMD_gwangju_jeonnam.csv,active_legal_code_boundary_geometry_match,2026-05-01T00:29:44+09:00,boundary representative point + legal dong admin type heuristic
2917010800,광주광역시 북구 동림동,광주광역시,29170,북구,동림동,126.8624557,35.1827154,urban_dong,urban_interface,dense_road,low,seasonal,high,data/raw/SOURCE_ADMIN_BOUNDARIES/snapshots/full/LP_AA_EMD_gwangju_jeonnam.csv,active_legal_code_boundary_geometry_match,2026-05-01T00:29:44+09:00,boundary representative point + legal dong admin type heuristic
2917010900,광주광역시 북구 운암동,광주광역시,29170,북구,운암동,126.8765721,35.1804271,urban_dong,urban_interface,dense_road,low,seasonal,high,data/raw/SOURCE_ADMIN_BOUNDARIES/snapshots/full/LP_AA_EMD_gwangju_jeonnam.csv,active_legal_code_boundary_geometry_match,2026-05-01T00:29:44+09:00,boundary representative point + legal dong admin type heuristic
2917011000,광주광역시 북구 우산동,광주광역시,29170,북구,우산동,126.9221107,35.1737692,urban_dong,urban_interface,dense_road,low,seasonal,high,data/raw/SOURCE_ADMIN_BOUNDARIES/snapshots/full/LP_AA_EMD_gwangju_jeonnam.csv,active_legal_code_boundary_geometry_match,2026-05-01T00:29:44+09:00,boundary representative point + legal dong admin type heuristic
2917011100,광주광역시 북구 풍향동,광주광역시,29170,북구,풍향동,126.9253403,35.1651346,urban_dong,urban_interface,dense_road,low,seasonal,high,data/raw/SOURCE_ADMIN_BOUNDARIES/snapshots/full/LP_AA_EMD_gwangju_jeonnam.csv,active_legal_code_boundary_geometry_match,2026-05-01T00:29:44+09:00,boundary representative point + legal dong admin type heuristic
2917011200,광주광역시 북구 문흥동,광주광역시,29170,북구,문흥동,126.9254619,35.1877727,urban_dong,urban_interface,dense_road,low,seasonal,high,data/raw/SOURCE_ADMIN_BOUNDARIES/snapshots/full/LP_AA_EMD_gwangju_jeonnam.csv,active_legal_code_boundary_geometry_match,2026-05-01T00:29:44+09:00,boundary representative point + legal dong admin type heuristic
2917011300,광주광역시 북구 각화동,광주광역시,29170,북구,각화동,126.9408131,35.1831283,urban_dong,urban_interface,dense_road,medium,seasonal,high,data/raw/SOURCE_ADMIN_BOUNDARIES/snapshots/full/LP_AA_EMD_gwangju_jeonnam.csv,active_legal_code_boundary_geometry_match,2026-05-01T00:29:44+09:00,boundary representative point + legal dong admin type heuristic
2917011400,광주광역시 북구 두암동,광주광역시,29170,북구,두암동,126.9343396,35.1701865,urban_dong,urban_interface,dense_road,medium,seasonal,high,data/raw/SOURCE_ADMIN_BOUNDARIES/snapshots/full/LP_AA_EMD_gwangju_jeonnam.csv,active_legal_code_boundary_geometry_match,2026-05-01T00:29:44+09:00,boundary representative point + legal dong admin type heuristic
2917011500,광주광역시 북구 오치동,광주광역시,29170,북구,오치동,126.9098867,35.1919332,urban_dong,urban_interface,dense_road,low,seasonal,high,data/raw/SOURCE_ADMIN_BOUNDARIES/snapshots/full/LP_AA_EMD_gwangju_jeonnam.csv,active_legal_code_boundary_geometry_match,2026-05-01T00:29:44+09:00,boundary representative point + legal dong admin type heuristic
2917011600,광주광역시 북구 삼각동,광주광역시,29170,북구,삼각동,126.9095634,35.2030892,urban_dong,urban_interface,dense_road,low,seasonal,high,data/raw/SOURCE_ADMIN_BOUNDARIES/snapshots/full/LP_AA_EMD_gwangju_jeonnam.csv,active_legal_code_boundary_geometry_match,2026-05-01T00:29:44+09:00,boundary representative point + legal dong admin type heuristic
2917011700,광주광역시 북구 매곡동,광주광역시,29170,북구,매곡동,126.8894272,35.1911637,urban_dong,urban_interface,dense_road,low,seasonal,high,data/raw/SOURCE_ADMIN_BOUNDARIES/snapshots/full/LP_AA_EMD_gwangju_jeonnam.csv,active_legal_code_boundary_geometry_match,2026-05-01T00:29:44+09:00,boundary representative point + legal dong admin type heuristic
2917011800,광주광역시 북구 충효동,광주광역시,29170,북구,충효동,127.0056968,35.1772185,urban_dong,urban_interface,dense_road,medium,elevated,high,data/raw/SOURCE_ADMIN_BOUNDARIES/snapshots/full/LP_AA_EMD_gwangju_jeonnam.csv,active_legal_code_boundary_geometry_match,2026-05-01T00:29:44+09:00,boundary representative point + legal dong admin type heuristic
2917011900,광주광역시 북구 덕의동,광주광역시,29170,북구,덕의동,126.9840132,35.1798498,urban_dong,urban_interface,dense_road,medium,elevated,high,data/raw/SOURCE_ADMIN_BOUNDARIES/snapshots/full/LP_AA_EMD_gwangju_jeonnam.csv,active_legal_code_boundary_geometry_match,2026-05-01T00:29:44+09:00,boundary representative point + legal dong admin type heuristic
2917012000,광주광역시 북구 금곡동,광주광역시,29170,북구,금곡동,126.9954904,35.1497384,urban_dong,urban_interface,dense_road,medium,elevated,high,data/raw/SOURCE_ADMIN_BOUNDARIES/snapshots/full/LP_AA_EMD_gwangju_jeonnam.csv,active_legal_code_boundary_geometry_match,2026-05-01T00:29:44+09:00,boundary representative point + legal dong admin type heuristic
2917012100,광주광역시 북구 망월동,광주광역시,29170,북구,망월동,126.9535168,35.20156,urban_dong,urban_interface,dense_road,medium,elevated,high,data/raw/SOURCE_ADMIN_BOUNDARIES/snapshots/full/LP_AA_EMD_gwangju_jeonnam.csv,active_legal_code_boundary_geometry_match,2026-05-01T00:29:44+09:00,boundary representative point + legal dong admin type heuristic
2917012200,광주광역시 북구 청풍동,광주광역시,29170,북구,청풍동,126.9630687,35.1714485,urban_dong,urban_interface,dense_road,medium,elevated,high,data/raw/SOURCE_ADMIN_BOUNDARIES/snapshots/full/LP_AA_EMD_gwangju_jeonnam.csv,active_legal_code_boundary_geometry_match,2026-05-01T00:29:44+09:00,boundary representative point + legal dong admin type heuristic
2917012300,광주광역시 북구 화암동,광주광역시,29170,북구,화암동,126.9686007,35.1512053,urban_dong,urban_interface,dense_road,medium,elevated,high,data/raw/SOURCE_ADMIN_BOUNDARIES/snapshots/full/LP_AA_EMD_gwangju_jeonnam.csv,active_legal_code_boundary_geometry_match,2026-05-01T00:29:44+09:00,boundary representative point + legal dong admin type heuristic
2917012400,광주광역시 북구 장등동,광주광역시,29170,북구,장등동,126.9287923,35.2125405,urban_dong,urban_interface,dense_road,low,seasonal,high,data/raw/SOURCE_ADMIN_BOUNDARIES/snapshots/full/LP_AA_EMD_gwangju_jeonnam.csv,active_legal_code_boundary_geometry_match,2026-05-01T00:29:44+09:00,boundary representative point + legal dong admin type heuristic
2917012500,광주광역시 북구 운정동,광주광역시,29170,북구,운정동,126.9432292,35.2254443,urban_dong,urban_interface,dense_road,medium,seasonal,high,data/raw/SOURCE_ADMIN_BOUNDARIES/snapshots/full/LP_AA_EMD_gwangju_jeonnam.csv,active_legal_code_boundary_geometry_match,2026-05-01T00:29:44+09:00,boundary representative point + legal dong admin type heuristic
2917012600,광주광역시 북구 본촌동,광주광역시,29170,북구,본촌동,126.88214,35.2219959,urban_dong,urban_interface,dense_road,low,seasonal,high,data/raw/SOURCE_ADMIN_BOUNDARIES/snapshots/full/LP_AA_EMD_gwangju_jeonnam.csv,active_legal_code_boundary_geometry_match,2026-05-01T00:29:44+09:00,boundary representative point + legal dong admin type heuristic
2917012700,광주광역시 북구 일곡동,광주광역시,29170,북구,일곡동,126.8946714,35.209372,urban_dong,urban_interface,dense_road,low,seasonal,high,data/raw/SOURCE_ADMIN_BOUNDARIES/snapshots/full/LP_AA_EMD_gwangju_jeonnam.csv,active_legal_code_boundary_geometry_match,2026-05-01T00:29:44+09:00,boundary representative point + legal dong admin type heuristic
2917012800,광주광역시 북구 양산동,광주광역시,29170,북구,양산동,126.8751517,35.2023766,urban_dong,urban_interface,dense_road,low,seasonal,high,data/raw/SOURCE_ADMIN_BOUNDARIES/snapshots/full/LP_AA_EMD_gwangju_jeonnam.csv,active_legal_code_boundary_geometry_match,2026-05-01T00:29:44+09:00,boundary representative point + legal dong admin type heuristic
2917012900,광주광역시 북구 연제동,광주광역시,29170,북구,연제동,126.8637756,35.200143,urban_dong,urban_interface,dense_road,low,seasonal,high,data/raw/SOURCE_ADMIN_BOUNDARIES/snapshots/full/LP_AA_EMD_gwangju_jeonnam.csv,active_legal_code_boundary_geometry_match,2026-05-01T00:29:44+09:00,boundary representative point + legal dong admin type heuristic
2917013000,광주광역시 북구 신용동,광주광역시,29170,북구,신용동,126.8628908,35.2141628,urban_dong,urban_interface,dense_road,low,seasonal,high,data/raw/SOURCE_ADMIN_BOUNDARIES/snapshots/full/LP_AA_EMD_gwangju_jeonnam.csv,active_legal_code_boundary_geometry_match,2026-05-01T00:29:44+09:00,boundary representative point + legal dong admin type heuristic
2917013100,광주광역시 북구 용두동,광주광역시,29170,북구,용두동,126.8723326,35.2221148,urban_dong,urban_interface,dense_road,low,seasonal,high,data/raw/SOURCE_ADMIN_BOUNDARIES/snapshots/full/LP_AA_EMD_gwangju_jeonnam.csv,active_legal_code_boundary_geometry_match,2026-05-01T00:29:44+09:00,boundary representative point + legal dong admin type heuristic
2917013200,광주광역시 북구 지야동,광주광역시,29170,북구,지야동,126.8828359,35.2332992,urban_dong,urban_interface,dense_road,low,seasonal,high,data/raw/SOURCE_ADMIN_BOUNDARIES/snapshots/full/LP_AA_EMD_gwangju_jeonnam.csv,active_legal_code_boundary_geometry_match,2026-05-01T00:29:44+09:00,boundary representative point + legal dong admin type heuristic
2917013300,광주광역시 북구 태령동,광주광역시,29170,북구,태령동,126.9270101,35.2475189,urban_dong,urban_interface,dense_road,low,seasonal,high,data/raw/SOURCE_ADMIN_BOUNDARIES/snapshots/full/LP_AA_EMD_gwangju_jeonnam.csv,active_legal_code_boundary_geometry_match,2026-05-01T00:29:44+09:00,boundary representative point + legal dong admin type heuristic
2917013400,광주광역시 북구 수곡동,광주광역시,29170,북구,수곡동,126.9265304,35.2418814,urban_dong,urban_interface,dense_road,low,seasonal,high,data/raw/SOURCE_ADMIN_BOUNDARIES/snapshots/full/LP_AA_EMD_gwangju_jeonnam.csv,active_legal_code_boundary_geometry_match,2026-05-01T00:29:44+09:00,boundary representative point + legal dong admin type heuristic
2917013500,광주광역시 북구 효령동,광주광역시,29170,북구,효령동,126.9149338,35.2374191,urban_dong,urban_interface,dense_road,low,seasonal,high,data/raw/SOURCE_ADMIN_BOUNDARIES/snapshots/full/LP_AA_EMD_gwangju_jeonnam.csv,active_legal_code_boundary_geometry_match,2026-05-01T00:29:44+09:00,boundary representative point + legal dong admin type heuristic
2917013600,광주광역시 북구 용전동,광주광역시,29170,북구,용전동,126.893162,35.2410491,urban_dong,urban_interface,dense_road,low,seasonal,high,data/raw/SOURCE_ADMIN_BOUNDARIES/snapshots/full/LP_AA_EMD_gwangju_jeonnam.csv,active_legal_code_boundary_geometry_match,2026-05-01T00:29:44+09:00,boundary representative point + legal dong admin type heuristic
2917013700,광주광역시 북구 용강동,광주광역시,29170,북구,용강동,126.9028603,35.2515341,urban_dong,urban_interface,dense_road,low,seasonal,high,data/raw/SOURCE_ADMIN_BOUNDARIES/snapshots/full/LP_AA_EMD_gwangju_jeonnam.csv,active_legal_code_boundary_geometry_match,2026-05-01T00:29:44+09:00,boundary representative point + legal dong admin type heuristic
2917013800,광주광역시 북구 생용동,광주광역시,29170,북구,생용동,126.9038846,35.2286159,urban_dong,urban_interface,dense_road,low,seasonal,high,data/raw/SOURCE_ADMIN_BOUNDARIES/snapshots/full/LP_AA_EMD_gwangju_jeonnam.csv,active_legal_code_boundary_geometry_match,2026-05-01T00:29:44+09:00,boundary representative point + legal dong admin type heuristic
2917013900,광주광역시 북구 월출동,광주광역시,29170,북구,월출동,126.8656329,35.23992,urban_dong,urban_interface,dense_road,low,seasonal,high,data/raw/SOURCE_ADMIN_BOUNDARIES/snapshots/full/LP_AA_EMD_gwangju_jeonnam.csv,active_legal_code_boundary_geometry_match,2026-05-01T00:29:44+09:00,boundary representative point + legal dong admin type heuristic
2917014000,광주광역시 북구 대촌동,광주광역시,29170,북구,대촌동,126.8623726,35.2285899,urban_dong,urban_interface,dense_road,low,seasonal,high,data/raw/SOURCE_ADMIN_BOUNDARIES/snapshots/full/LP_AA_EMD_gwangju_jeonnam.csv,active_legal_code_boundary_geometry_match,2026-05-01T00:29:44+09:00,boundary representative point + legal dong admin type heuristic
2917014100,광주광역시 북구 오룡동,광주광역시,29170,북구,오룡동,126.8510087,35.2253813,urban_dong,urban_interface,dense_road,low,seasonal,high,data/raw/SOURCE_ADMIN_BOUNDARIES/snapshots/full/LP_AA_EMD_gwangju_jeonnam.csv,active_legal_code_boundary_geometry_match,2026-05-01T00:29:44+09:00,boundary representative point + legal dong admin type heuristic
2920010100,광주광역시 광산구 송정동,광주광역시,29200,광산구,송정동,126.8030965,35.1353779,urban_dong,urban_interface,dense_road,low,seasonal,high,data/raw/SOURCE_ADMIN_BOUNDARIES/snapshots/full/LP_AA_EMD_gwangju_jeonnam.csv,active_legal_code_boundary_geometry_match,2026-05-01T00:29:44+09:00,boundary representative point + legal dong admin type heuristic
2920010200,광주광역시 광산구 도산동,광주광역시,29200,광산구,도산동,126.7951485,35.1241541,urban_dong,urban_interface,dense_road,low,seasonal,high,data/raw/SOURCE_ADMIN_BOUNDARIES/snapshots/full/LP_AA_EMD_gwangju_jeonnam.csv,active_legal_code_boundary_geometry_match,2026-05-01T00:29:44+09:00,boundary representative point + legal dong admin type heuristic
2920010300,광주광역시 광산구 도호동,광주광역시,29200,광산구,도호동,126.8050929,35.1201242,urban_dong,urban_interface,dense_road,low,seasonal,high,data/raw/SOURCE_ADMIN_BOUNDARIES/snapshots/full/LP_AA_EMD_gwangju_jeonnam.csv,active_legal_code_boundary_geometry_match,2026-05-01T00:29:44+09:00,boundary representative point + legal dong admin type heuristic
2920010400,광주광역시 광산구 신촌동,광주광역시,29200,광산구,신촌동,126.8164589,35.1341721,urban_dong,urban_interface,dense_road,low,seasonal,high,data/raw/SOURCE_ADMIN_BOUNDARIES/snapshots/full/LP_AA_EMD_gwangju_jeonnam.csv,active_legal_code_boundary_geometry_match,2026-05-01T00:29:44+09:00,boundary representative point + legal dong admin type heuristic
2920010500,광주광역시 광산구 서봉동,광주광역시,29200,광산구,서봉동,126.7502069,35.157022,urban_dong,urban_interface,dense_road,low,seasonal,high,data/raw/SOURCE_ADMIN_BOUNDARIES/snapshots/full/LP_AA_EMD_gwangju_jeonnam.csv,active_legal_code_boundary_geometry_match,2026-05-01T00:29:44+09:00,boundary representative point + legal dong admin type heuristic
2920010600,광주광역시 광산구 운수동,광주광역시,29200,광산구,운수동,126.7732624,35.1623192,urban_dong,urban_interface,dense_road,low,seasonal,high,data/raw/SOURCE_ADMIN_BOUNDARIES/snapshots/full/LP_AA_EMD_gwangju_jeonnam.csv,active_legal_code_boundary_geometry_match,2026-05-01T00:29:44+09:00,boundary representative point + legal dong admin type heuristic
2920010700,광주광역시 광산구 선암동,광주광역시,29200,광산구,선암동,126.7759988,35.1509969,urban_dong,urban_interface,dense_road,low,seasonal,high,data/raw/SOURCE_ADMIN_BOUNDARIES/snapshots/full/LP_AA_EMD_gwangju_jeonnam.csv,active_legal_code_boundary_geometry_match,2026-05-01T00:29:44+09:00,boundary representative point + legal dong admin type heuristic
2920010800,광주광역시 광산구 소촌동,광주광역시,29200,광산구,소촌동,126.7958683,35.1544007,urban_dong,urban_interface,dense_road,low,seasonal,high,data/raw/SOURCE_ADMIN_BOUNDARIES/snapshots/full/LP_AA_EMD_gwangju_jeonnam.csv,active_legal_code_boundary_geometry_match,2026-05-01T00:29:44+09:00,boundary representative point + legal dong admin type heuristic
2920010900,광주광역시 광산구 우산동,광주광역시,29200,광산구,우산동,126.8151915,35.1541961,urban_dong,urban_interface,dense_road,low,seasonal,high,data/raw/SOURCE_ADMIN_BOUNDARIES/snapshots/full/LP_AA_EMD_gwangju_jeonnam.csv,active_legal_code_boundary_geometry_match,2026-05-01T00:29:44+09:00,boundary representative point + legal dong admin type heuristic
2920011000,광주광역시 광산구 황룡동,광주광역시,29200,광산구,황룡동,126.7880246,35.1173488,urban_dong,urban_interface,dense_road,low,seasonal,high,data/raw/SOURCE_ADMIN_BOUNDARIES/snapshots/full/LP_AA_EMD_gwangju_jeonnam.csv,active_legal_code_boundary_geometry_match,2026-05-01T00:29:44+09:00,boundary representative point + legal dong admin type heuristic
2920011100,광주광역시 광산구 박호동,광주광역시,29200,광산구,박호동,126.7528906,35.1715379,urban_dong,urban_interface,dense_road,low,seasonal,high,data/raw/SOURCE_ADMIN_BOUNDARIES/snapshots/full/LP_AA_EMD_gwangju_jeonnam.csv,active_legal_code_boundary_geometry_match,2026-05-01T00:29:44+09:00,boundary representative point + legal dong admin type heuristic
2920011200,광주광역시 광산구 비아동,광주광역시,29200,광산구,비아동,126.8283232,35.2251497,urban_dong,urban_interface,dense_road,low,seasonal,high,data/raw/SOURCE_ADMIN_BOUNDARIES/snapshots/full/LP_AA_EMD_gwangju_jeonnam.csv,active_legal_code_boundary_geometry_match,2026-05-01T00:29:44+09:00,boundary representative point + legal dong admin type heuristic
2920011300,광주광역시 광산구 도천동,광주광역시,29200,광산구,도천동,126.8215228,35.2125895,urban_dong,urban_interface,dense_road,low,seasonal,high,data/raw/SOURCE_ADMIN_BOUNDARIES/snapshots/full/LP_AA_EMD_gwangju_jeonnam.csv,active_legal_code_boundary_geometry_match,2026-05-01T00:29:44+09:00,boundary representative point + legal dong admin type heuristic
2920011400,광주광역시 광산구 수완동,광주광역시,29200,광산구,수완동,126.8281132,35.1987639,urban_dong,urban_interface,dense_road,low,seasonal,high,data/raw/SOURCE_ADMIN_BOUNDARIES/snapshots/full/LP_AA_EMD_gwangju_jeonnam.csv,active_legal_code_boundary_geometry_match,2026-05-01T00:29:44+09:00,boundary representative point + legal dong admin type heuristic
2920011500,광주광역시 광산구 월계동,광주광역시,29200,광산구,월계동,126.8361796,35.2130876,urban_dong,urban_interface,dense_road,low,seasonal,high,data/raw/SOURCE_ADMIN_BOUNDARIES/snapshots/full/LP_AA_EMD_gwangju_jeonnam.csv,active_legal_code_boundary_geometry_match,2026-05-01T00:29:44+09:00,boundary representative point + legal dong admin type heuristic
2920011600,광주광역시 광산구 쌍암동,광주광역시,29200,광산구,쌍암동,126.8526394,35.2172538,urban_dong,urban_interface,dense_road,low,seasonal,high,data/raw/SOURCE_ADMIN_BOUNDARIES/snapshots/full/LP_AA_EMD_gwangju_jeonnam.csv,active_legal_code_boundary_geometry_match,2026-05-01T00:29:44+09:00,boundary representative point + legal dong admin type heuristic
2920011700,광주광역시 광산구 산월동,광주광역시,29200,광산구,산월동,126.8491988,35.2052171,urban_dong,urban_interface,dense_road,low,seasonal,high,data/raw/SOURCE_ADMIN_BOUNDARIES/snapshots/full/LP_AA_EMD_gwangju_jeonnam.csv,active_legal_code_boundary_geometry_match,2026-05-01T00:29:44+09:00,boundary representative point + legal dong admin type heuristic
2920011800,광주광역시 광산구 신창동,광주광역시,29200,광산구,신창동,126.8481714,35.1900592,urban_dong,urban_interface,dense_road,low,seasonal,high,data/raw/SOURCE_ADMIN_BOUNDARIES/snapshots/full/LP_AA_EMD_gwangju_jeonnam.csv,active_legal_code_boundary_geometry_match,2026-05-01T00:29:44+09:00,boundary representative point + legal dong admin type heuristic
2920011900,광주광역시 광산구 신가동,광주광역시,29200,광산구,신가동,126.8252759,35.1803085,urban_dong,urban_interface,dense_road,low,seasonal,high,data/raw/SOURCE_ADMIN_BOUNDARIES/snapshots/full/LP_AA_EMD_gwangju_jeonnam.csv,active_legal_code_boundary_geometry_match,2026-05-01T00:29:44+09:00,boundary representative point + legal dong admin type heuristic
2920012000,광주광역시 광산구 운남동,광주광역시,29200,광산구,운남동,126.823415,35.168777,urban_dong,urban_interface,dense_road,low,seasonal,high,data/raw/SOURCE_ADMIN_BOUNDARIES/snapshots/full/LP_AA_EMD_gwangju_jeonnam.csv,active_legal_code_boundary_geometry_match,2026-05-01T00:29:44+09:00,boundary representative point + legal dong admin type heuristic
2920012100,광주광역시 광산구 안청동,광주광역시,29200,광산구,안청동,126.8042758,35.2150743,urban_dong,urban_interface,dense_road,low,seasonal,high,data/raw/SOURCE_ADMIN_BOUNDARIES/snapshots/full/LP_AA_EMD_gwangju_jeonnam.csv,active_legal_code_boundary_geometry_match,2026-05-01T00:29:44+09:00,boundary representative point + legal dong admin type heuristic
2920012200,광주광역시 광산구 진곡동,광주광역시,29200,광산구,진곡동,126.788921,35.2125067,urban_dong,urban_interface,dense_road,low,seasonal,high,data/raw/SOURCE_ADMIN_BOUNDARIES/snapshots/full/LP_AA_EMD_gwangju_jeonnam.csv,active_legal_code_boundary_geometry_match,2026-05-01T00:29:44+09:00,boundary representative point + legal dong admin type heuristic
2920012300,광주광역시 광산구 장덕동,광주광역시,29200,광산구,장덕동,126.8088831,35.1950405,urban_dong,urban_interface,dense_road,low,seasonal,high,data/raw/SOURCE_ADMIN_BOUNDARIES/snapshots/full/LP_AA_EMD_gwangju_jeonnam.csv,active_legal_code_boundary_geometry_match,2026-05-01T00:29:44+09:00,boundary representative point + legal dong admin type heuristic
2920012400,광주광역시 광산구 흑석동,광주광역시,29200,광산구,흑석동,126.80809,35.1825356,urban_dong,urban_interface,dense_road,low,seasonal,high,data/raw/SOURCE_ADMIN_BOUNDARIES/snapshots/full/LP_AA_EMD_gwangju_jeonnam.csv,active_legal_code_boundary_geometry_match,2026-05-01T00:29:44+09:00,boundary representative point + legal dong admin type heuristic
2920012500,광주광역시 광산구 하남동,광주광역시,29200,광산구,하남동,126.7998974,35.1865529,urban_dong,urban_interface,dense_road,low,seasonal,high,data/raw/SOURCE_ADMIN_BOUNDARIES/snapshots/full/LP_AA_EMD_gwangju_jeonnam.csv,active_legal_code_boundary_geometry_match,2026-05-01T00:29:44+09:00,boundary representative point + legal dong admin type heuristic
2920012600,광주광역시 광산구 장수동,광주광역시,29200,광산구,장수동,126.782683,35.183188,urban_dong,urban_interface,dense_road,low,seasonal,high,data/raw/SOURCE_ADMIN_BOUNDARIES/snapshots/full/LP_AA_EMD_gwangju_jeonnam.csv,active_legal_code_boundary_geometry_match,2026-05-01T00:29:44+09:00,boundary representative point + legal dong admin type heuristic
2920012700,광주광역시 광산구 산정동,광주광역시,29200,광산구,산정동,126.7946736,35.1725159,urban_dong,urban_interface,dense_road,low,seasonal,high,data/raw/SOURCE_ADMIN_BOUNDARIES/snapshots/full/LP_AA_EMD_gwangju_jeonnam.csv,active_legal_code_boundary_geometry_match,2026-05-01T00:29:44+09:00,boundary representative point + legal dong admin type heuristic
2920012800,광주광역시 광산구 월곡동,광주광역시,29200,광산구,월곡동,126.8104703,35.1715299,urban_dong,urban_interface,dense_road,low,seasonal,high,data/raw/SOURCE_ADMIN_BOUNDARIES/snapshots/full/LP_AA_EMD_gwangju_jeonnam.csv,active_legal_code_boundary_geometry_match,2026-05-01T00:29:44+09:00,boundary representative point + legal dong admin type heuristic
2920012900,광주광역시 광산구 등임동,광주광역시,29200,광산구,등임동,126.7622026,35.1845212,urban_dong,urban_interface,dense_road,low,seasonal,high,data/raw/SOURCE_ADMIN_BOUNDARIES/snapshots/full/LP_AA_EMD_gwangju_jeonnam.csv,active_legal_code_boundary_geometry_match,2026-05-01T00:29:44+09:00,boundary representative point + legal dong admin type heuristic
2920013000,광주광역시 광산구 산막동,광주광역시,29200,광산구,산막동,126.765412,35.1993595,urban_dong,urban_interface,dense_road,low,seasonal,high,data/raw/SOURCE_ADMIN_BOUNDARIES/snapshots/full/LP_AA_EMD_gwangju_jeonnam.csv,active_legal_code_boundary_geometry_match,2026-05-01T00:29:44+09:00,boundary representative point + legal dong admin type heuristic
2920013100,광주광역시 광산구 고룡동,광주광역시,29200,광산구,고룡동,126.7791472,35.1994398,urban_dong,urban_interface,dense_road,low,seasonal,high,data/raw/SOURCE_ADMIN_BOUNDARIES/snapshots/full/LP_AA_EMD_gwangju_jeonnam.csv,active_legal_code_boundary_geometry_match,2026-05-01T00:29:44+09:00,boundary representative point + legal dong admin type heuristic
2920013200,광주광역시 광산구 신룡동,광주광역시,29200,광산구,신룡동,126.7767521,35.2198718,urban_dong,urban_interface,dense_road,low,seasonal,high,data/raw/SOURCE_ADMIN_BOUNDARIES/snapshots/full/LP_AA_EMD_gwangju_jeonnam.csv,active_legal_code_boundary_geometry_match,2026-05-01T00:29:44+09:00,boundary representative point + legal dong admin type heuristic
2920013300,광주광역시 광산구 두정동,광주광역시,29200,광산구,두정동,126.7612281,35.223231,urban_dong,urban_interface,dense_road,low,seasonal,high,data/raw/SOURCE_ADMIN_BOUNDARIES/snapshots/full/LP_AA_EMD_gwangju_jeonnam.csv,active_legal_code_boundary_geometry_match,2026-05-01T00:29:44+09:00,boundary representative point + legal dong admin type heuristic
2920013400,광주광역시 광산구 임곡동,광주광역시,29200,광산구,임곡동,126.745751,35.21763,urban_dong,urban_interface,dense_road,low,seasonal,high,data/raw/SOURCE_ADMIN_BOUNDARIES/snapshots/full/LP_AA_EMD_gwangju_jeonnam.csv,active_legal_code_boundary_geometry_match,2026-05-01T00:29:44+09:00,boundary representative point + legal dong admin type heuristic
2920013500,광주광역시 광산구 광산동,광주광역시,29200,광산구,광산동,126.7465449,35.2408646,urban_dong,urban_interface,dense_road,low,seasonal,high,data/raw/SOURCE_ADMIN_BOUNDARIES/snapshots/full/LP_AA_EMD_gwangju_jeonnam.csv,active_legal_code_boundary_geometry_match,2026-05-01T00:29:44+09:00,boundary representative point + legal dong admin type heuristic
2920013600,광주광역시 광산구 오산동,광주광역시,29200,광산구,오산동,126.7295312,35.2358439,urban_dong,urban_interface,dense_road,low,seasonal,high,data/raw/SOURCE_ADMIN_BOUNDARIES/snapshots/full/LP_AA_EMD_gwangju_jeonnam.csv,active_legal_code_boundary_geometry_match,2026-05-01T00:29:44+09:00,boundary representative point + legal dong admin type heuristic
2920013700,광주광역시 광산구 사호동,광주광역시,29200,광산구,사호동,126.7277637,35.2141842,urban_dong,urban_interface,dense_road,low,seasonal,high,data/raw/SOURCE_ADMIN_BOUNDARIES/snapshots/full/LP_AA_EMD_gwangju_jeonnam.csv,active_legal_code_boundary_geometry_match,2026-05-01T00:29:44+09:00,boundary representative point + legal dong admin type heuristic
2920013800,광주광역시 광산구 하산동,광주광역시,29200,광산구,하산동,126.7651483,35.0985656,urban_dong,urban_interface,dense_road,low,seasonal,high,data/raw/SOURCE_ADMIN_BOUNDARIES/snapshots/full/LP_AA_EMD_gwangju_jeonnam.csv,active_legal_code_boundary_geometry_match,2026-05-01T00:29:44+09:00,boundary representative point + legal dong admin type heuristic
2920013900,광주광역시 광산구 유계동,광주광역시,29200,광산구,유계동,126.7881954,35.095614,urban_dong,urban_interface,dense_road,low,seasonal,high,data/raw/SOURCE_ADMIN_BOUNDARIES/snapshots/full/LP_AA_EMD_gwangju_jeonnam.csv,active_legal_code_boundary_geometry_match,2026-05-01T00:29:44+09:00,boundary representative point + legal dong admin type heuristic
2920014000,광주광역시 광산구 본덕동,광주광역시,29200,광산구,본덕동,126.7789035,35.0849603,urban_dong,urban_interface,dense_road,low,seasonal,high,data/raw/SOURCE_ADMIN_BOUNDARIES/snapshots/full/LP_AA_EMD_gwangju_jeonnam.csv,active_legal_code_boundary_geometry_match,2026-05-01T00:29:44+09:00,boundary representative point + legal dong admin type heuristic
2920014100,광주광역시 광산구 용봉동,광주광역시,29200,광산구,용봉동,126.7768642,35.0766833,urban_dong,urban_interface,dense_road,low,seasonal,high,data/raw/SOURCE_ADMIN_BOUNDARIES/snapshots/full/LP_AA_EMD_gwangju_jeonnam.csv,active_legal_code_boundary_geometry_match,2026-05-01T00:29:44+09:00,boundary representative point + legal dong admin type heuristic
2920014200,광주광역시 광산구 요기동,광주광역시,29200,광산구,요기동,126.7588819,35.1051779,urban_dong,urban_interface,dense_road,low,seasonal,high,data/raw/SOURCE_ADMIN_BOUNDARIES/snapshots/full/LP_AA_EMD_gwangju_jeonnam.csv,active_legal_code_boundary_geometry_match,2026-05-01T00:29:44+09:00,boundary representative point + legal dong admin type heuristic
2920014300,광주광역시 광산구 복룡동,광주광역시,29200,광산구,복룡동,126.7815321,35.1130608,urban_dong,urban_interface,dense_road,low,seasonal,high,data/raw/SOURCE_ADMIN_BOUNDARIES/snapshots/full/LP_AA_EMD_gwangju_jeonnam.csv,active_legal_code_boundary_geometry_match,2026-05-01T00:29:44+09:00,boundary representative point + legal dong admin type heuristic
2920014400,광주광역시 광산구 송대동,광주광역시,29200,광산구,송대동,126.7950765,35.1066907,urban_dong,urban_interface,dense_road,low,seasonal,high,data/raw/SOURCE_ADMIN_BOUNDARIES/snapshots/full/LP_AA_EMD_gwangju_jeonnam.csv,active_legal_code_boundary_geometry_match,2026-05-01T00:29:44+09:00,boundary representative point + legal dong admin type heuristic
2920014500,광주광역시 광산구 옥동,광주광역시,29200,광산구,옥동,126.7612385,35.12807,urban_dong,urban_interface,dense_road,low,seasonal,high,data/raw/SOURCE_ADMIN_BOUNDARIES/snapshots/full/LP_AA_EMD_gwangju_jeonnam.csv,active_legal_code_boundary_geometry_match,2026-05-01T00:29:44+09:00,boundary representative point + legal dong admin type heuristic
2920014600,광주광역시 광산구 월전동,광주광역시,29200,광산구,월전동,126.7713768,35.1217902,urban_dong,urban_interface,dense_road,low,seasonal,high,data/raw/SOURCE_ADMIN_BOUNDARIES/snapshots/full/LP_AA_EMD_gwangju_jeonnam.csv,active_legal_code_boundary_geometry_match,2026-05-01T00:29:44+09:00,boundary representative point + legal dong admin type heuristic
2920014700,광주광역시 광산구 장록동,광주광역시,29200,광산구,장록동,126.7750178,35.1338283,urban_dong,urban_interface,dense_road,low,seasonal,high,data/raw/SOURCE_ADMIN_BOUNDARIES/snapshots/full/LP_AA_EMD_gwangju_jeonnam.csv,active_legal_code_boundary_geometry_match,2026-05-01T00:29:44+09:00,boundary representative point + legal dong admin type heuristic
2920014800,광주광역시 광산구 송촌동,광주광역시,29200,광산구,송촌동,126.776516,35.1411724,urban_dong,urban_interface,dense_road,low,seasonal,high,data/raw/SOURCE_ADMIN_BOUNDARIES/snapshots/full/LP_AA_EMD_gwangju_jeonnam.csv,active_legal_code_boundary_geometry_match,2026-05-01T00:29:44+09:00,boundary representative point + legal dong admin type heuristic
2920014900,광주광역시 광산구 지죽동,광주광역시,29200,광산구,지죽동,126.7555522,35.1424351,urban_dong,urban_interface,dense_road,low,seasonal,high,data/raw/SOURCE_ADMIN_BOUNDARIES/snapshots/full/LP_AA_EMD_gwangju_jeonnam.csv,active_legal_code_boundary_geometry_match,2026-05-01T00:29:44+09:00,boundary representative point + legal dong admin type heuristic
2920015000,광주광역시 광산구 용동,광주광역시,29200,광산구,용동,126.7506911,35.1347653,urban_dong,urban_interface,dense_road,low,seasonal,high,data/raw/SOURCE_ADMIN_BOUNDARIES/snapshots/full/LP_AA_EMD_gwangju_jeonnam.csv,active_legal_code_boundary_geometry_match,2026-05-01T00:29:44+09:00,boundary representative point + legal dong admin type heuristic
2920015100,광주광역시 광산구 용곡동,광주광역시,29200,광산구,용곡동,126.7374587,35.1304825,urban_dong,urban_interface,dense_road,low,seasonal,high,data/raw/SOURCE_ADMIN_BOUNDARIES/snapshots/full/LP_AA_EMD_gwangju_jeonnam.csv,active_legal_code_boundary_geometry_match,2026-05-01T00:29:44+09:00,boundary representative point + legal dong admin type heuristic
2920015200,광주광역시 광산구 지정동,광주광역시,29200,광산구,지정동,126.7172526,35.1373495,urban_dong,urban_interface,dense_road,low,seasonal,high,data/raw/SOURCE_ADMIN_BOUNDARIES/snapshots/full/LP_AA_EMD_gwangju_jeonnam.csv,active_legal_code_boundary_geometry_match,2026-05-01T00:29:44+09:00,boundary representative point + legal dong admin type heuristic
2920015300,광주광역시 광산구 명화동,광주광역시,29200,광산구,명화동,126.7202449,35.1255064,urban_dong,urban_interface,dense_road,low,seasonal,high,data/raw/SOURCE_ADMIN_BOUNDARIES/snapshots/full/LP_AA_EMD_gwangju_jeonnam.csv,active_legal_code_boundary_geometry_match,2026-05-01T00:29:44+09:00,boundary representative point + legal dong admin type heuristic
2920015400,광주광역시 광산구 동산동,광주광역시,29200,광산구,동산동,126.7173276,35.1210949,urban_dong,urban_interface,dense_road,low,seasonal,high,data/raw/SOURCE_ADMIN_BOUNDARIES/snapshots/full/LP_AA_EMD_gwangju_jeonnam.csv,active_legal_code_boundary_geometry_match,2026-05-01T00:29:44+09:00,boundary representative point + legal dong admin type heuristic
2920015500,광주광역시 광산구 연산동,광주광역시,29200,광산구,연산동,126.750114,35.1133038,urban_dong,urban_interface,dense_road,low,seasonal,high,data/raw/SOURCE_ADMIN_BOUNDARIES/snapshots/full/LP_AA_EMD_gwangju_jeonnam.csv,active_legal_code_boundary_geometry_match,2026-05-01T00:29:44+09:00,boundary representative point + legal dong admin type heuristic
2920015600,광주광역시 광산구 도덕동,광주광역시,29200,광산구,도덕동,126.7044345,35.1551664,urban_dong,urban_interface,dense_road,low,seasonal,high,data/raw/SOURCE_ADMIN_BOUNDARIES/snapshots/full/LP_AA_EMD_gwangju_jeonnam.csv,active_legal_code_boundary_geometry_match,2026-05-01T00:29:44+09:00,boundary representative point + legal dong admin type heuristic
2920015700,광주광역시 광산구 송산동,광주광역시,29200,광산구,송산동,126.7211715,35.1636566,urban_dong,urban_interface,dense_road,low,seasonal,high,data/raw/SOURCE_ADMIN_BOUNDARIES/snapshots/full/LP_AA_EMD_gwangju_jeonnam.csv,active_legal_code_boundary_geometry_match,2026-05-01T00:29:44+09:00,boundary representative point + legal dong admin type heuristic
2920015800,광주광역시 광산구 지평동,광주광역시,29200,광산구,지평동,126.7283218,35.1508287,urban_dong,urban_interface,dense_road,low,seasonal,high,data/raw/SOURCE_ADMIN_BOUNDARIES/snapshots/full/LP_AA_EMD_gwangju_jeonnam.csv,active_legal_code_boundary_geometry_match,2026-05-01T00:29:44+09:00,boundary representative point + legal dong admin type heuristic
2920015900,광주광역시 광산구 오운동,광주광역시,29200,광산구,오운동,126.6924649,35.1514477,urban_dong,urban_interface,dense_road,low,seasonal,high,data/raw/SOURCE_ADMIN_BOUNDARIES/snapshots/full/LP_AA_EMD_gwangju_jeonnam.csv,active_legal_code_boundary_geometry_match,2026-05-01T00:29:44+09:00,boundary representative point + legal dong admin type heuristic
2920016000,광주광역시 광산구 삼거동,광주광역시,29200,광산구,삼거동,126.6724241,35.1598784,urban_dong,urban_interface,dense_road,low,seasonal,high,data/raw/SOURCE_ADMIN_BOUNDARIES/snapshots/full/LP_AA_EMD_gwangju_jeonnam.csv,active_legal_code_boundary_geometry_match,2026-05-01T00:29:44+09:00,boundary representative point + legal dong admin type heuristic
2920016100,광주광역시 광산구 양동,광주광역시,29200,광산구,양동,126.6601099,35.1552878,urban_dong,urban_interface,dense_road,low,seasonal,high,data/raw/SOURCE_ADMIN_BOUNDARIES/snapshots/full/LP_AA_EMD_gwangju_jeonnam.csv,active_legal_code_boundary_geometry_match,2026-05-01T00:29:44+09:00,boundary representative point + legal dong admin type heuristic
2920016200,광주광역시 광산구 내산동,광주광역시,29200,광산구,내산동,126.6605002,35.1303709,urban_dong,urban_interface,dense_road,low,seasonal,high,data/raw/SOURCE_ADMIN_BOUNDARIES/snapshots/full/LP_AA_EMD_gwangju_jeonnam.csv,active_legal_code_boundary_geometry_match,2026-05-01T00:29:44+09:00,boundary representative point + legal dong admin type heuristic
2920016300,광주광역시 광산구 대산동,광주광역시,29200,광산구,대산동,126.6724117,35.137275,urban_dong,urban_interface,dense_road,low,seasonal,high,data/raw/SOURCE_ADMIN_BOUNDARIES/snapshots/full/LP_AA_EMD_gwangju_jeonnam.csv,active_legal_code_boundary_geometry_match,2026-05-01T00:29:44+09:00,boundary representative point + legal dong admin type heuristic
2920016400,광주광역시 광산구 송학동,광주광역시,29200,광산구,송학동,126.6768988,35.1156375,urban_dong,urban_interface,dense_road,low,seasonal,high,data/raw/SOURCE_ADMIN_BOUNDARIES/snapshots/full/LP_AA_EMD_gwangju_jeonnam.csv,active_legal_code_boundary_geometry_match,2026-05-01T00:29:44+09:00,boundary representative point + legal dong admin type heuristic
2920016500,광주광역시 광산구 신동,광주광역시,29200,광산구,신동,126.6991892,35.1155484,urban_dong,urban_interface,dense_road,low,seasonal,high,data/raw/SOURCE_ADMIN_BOUNDARIES/snapshots/full/LP_AA_EMD_gwangju_jeonnam.csv,active_legal_code_boundary_geometry_match,2026-05-01T00:29:44+09:00,boundary representative point + legal dong admin type heuristic
2920016600,광주광역시 광산구 삼도동,광주광역시,29200,광산구,삼도동,126.6903685,35.1262571,urban_dong,urban_interface,dense_road,low,seasonal,high,data/raw/SOURCE_ADMIN_BOUNDARIES/snapshots/full/LP_AA_EMD_gwangju_jeonnam.csv,active_legal_code_boundary_geometry_match,2026-05-01T00:29:44+09:00,boundary representative point + legal dong admin type heuristic
2920016700,광주광역시 광산구 남산동,광주광역시,29200,광산구,남산동,126.7261747,35.1780503,urban_dong,urban_interface,dense_road,low,seasonal,high,data/raw/SOURCE_ADMIN_BOUNDARIES/snapshots/full/LP_AA_EMD_gwangju_jeonnam.csv,active_legal_code_boundary_geometry_match,2026-05-01T00:29:44+09:00,boundary representative point + legal dong admin type heuristic
2920016800,광주광역시 광산구 송치동,광주광역시,29200,광산구,송치동,126.7361956,35.1802956,urban_dong,urban_interface,dense_road,low,seasonal,high,data/raw/SOURCE_ADMIN_BOUNDARIES/snapshots/full/LP_AA_EMD_gwangju_jeonnam.csv,active_legal_code_boundary_geometry_match,2026-05-01T00:29:44+09:00,boundary representative point + legal dong admin type heuristic
2920016900,광주광역시 광산구 산수동,광주광역시,29200,광산구,산수동,126.7474749,35.1863165,urban_dong,urban_interface,dense_road,low,seasonal,high,data/raw/SOURCE_ADMIN_BOUNDARIES/snapshots/full/LP_AA_EMD_gwangju_jeonnam.csv,active_legal_code_boundary_geometry_match,2026-05-01T00:29:44+09:00,boundary representative point + legal dong admin type heuristic
2920017000,광주광역시 광산구 선동,광주광역시,29200,광산구,선동,126.7452496,35.1999796,urban_dong,urban_interface,dense_road,low,seasonal,high,data/raw/SOURCE_ADMIN_BOUNDARIES/snapshots/full/LP_AA_EMD_gwangju_jeonnam.csv,active_legal_code_boundary_geometry_match,2026-05-01T00:29:44+09:00,boundary representative point + legal dong admin type heuristic
2920017100,광주광역시 광산구 지산동,광주광역시,29200,광산구,지산동,126.7326409,35.1956411,urban_dong,urban_interface,dense_road,low,seasonal,high,data/raw/SOURCE_ADMIN_BOUNDARIES/snapshots/full/LP_AA_EMD_gwangju_jeonnam.csv,active_legal_code_boundary_geometry_match,2026-05-01T00:29:44+09:00,boundary representative point + legal dong admin type heuristic
2920017200,광주광역시 광산구 왕동,광주광역시,29200,광산구,왕동,126.7137608,35.1998754,urban_dong,urban_interface,dense_road,low,seasonal,high,data/raw/SOURCE_ADMIN_BOUNDARIES/snapshots/full/LP_AA_EMD_gwangju_jeonnam.csv,active_legal_code_boundary_geometry_match,2026-05-01T00:29:44+09:00,boundary representative point + legal dong admin type heuristic
2920017300,광주광역시 광산구 북산동,광주광역시,29200,광산구,북산동,126.712438,35.1806882,urban_dong,urban_interface,dense_road,low,seasonal,high,data/raw/SOURCE_ADMIN_BOUNDARIES/snapshots/full/LP_AA_EMD_gwangju_jeonnam.csv,active_legal_code_boundary_geometry_match,2026-05-01T00:29:44+09:00,boundary representative point + legal dong admin type heuristic
2920017400,광주광역시 광산구 명도동,광주광역시,29200,광산구,명도동,126.7011975,35.1814257,urban_dong,urban_interface,dense_road,low,seasonal,high,data/raw/SOURCE_ADMIN_BOUNDARIES/snapshots/full/LP_AA_EMD_gwangju_jeonnam.csv,active_legal_code_boundary_geometry_match,2026-05-01T00:29:44+09:00,boundary representative point + legal dong admin type heuristic
2920017500,광주광역시 광산구 동호동,광주광역시,29200,광산구,동호동,126.6874397,35.1801421,urban_dong,urban_interface,dense_road,low,seasonal,high,data/raw/SOURCE_ADMIN_BOUNDARIES/snapshots/full/LP_AA_EMD_gwangju_jeonnam.csv,active_legal_code_boundary_geometry_match,2026-05-01T00:29:44+09:00,boundary representative point + legal dong admin type heuristic
2920017600,광주광역시 광산구 덕림동,광주광역시,29200,광산구,덕림동,126.6707297,35.1814129,urban_dong,urban_interface,dense_road,low,seasonal,high,data/raw/SOURCE_ADMIN_BOUNDARIES/snapshots/full/LP_AA_EMD_gwangju_jeonnam.csv,active_legal_code_boundary_geometry_match,2026-05-01T00:29:44+09:00,boundary representative point + legal dong admin type heuristic
2920017700,광주광역시 광산구 양산동,광주광역시,29200,광산구,양산동,126.689795,35.1984687,urban_dong,urban_interface,dense_road,low,seasonal,high,data/raw/SOURCE_ADMIN_BOUNDARIES/snapshots/full/LP_AA_EMD_gwangju_jeonnam.csv,active_legal_code_boundary_geometry_match,2026-05-01T00:29:44+09:00,boundary representative point + legal dong admin type heuristic
2920017800,광주광역시 광산구 동림동,광주광역시,29200,광산구,동림동,126.6915799,35.2076713,urban_dong,urban_interface,dense_road,low,seasonal,high,data/raw/SOURCE_ADMIN_BOUNDARIES/snapshots/full/LP_AA_EMD_gwangju_jeonnam.csv,active_legal_code_boundary_geometry_match,2026-05-01T00:29:44+09:00,boundary representative point + legal dong admin type heuristic
2920020200,광주광역시 광산구 오선동,광주광역시,29200,광산구,오선동,126.7996958,35.2019907,urban_dong,urban_interface,dense_road,low,seasonal,high,data/raw/SOURCE_ADMIN_BOUNDARIES/snapshots/full/LP_AA_EMD_gwangju_jeonnam.csv,active_legal_code_boundary_geometry_match,2026-05-01T00:29:44+09:00,boundary representative point + legal dong admin type heuristic
4611010100,전라남도 목포시 용당동,전라남도,46110,목포시,용당동,126.397859,34.8036187,urban_dong,urban_interface,dense_road,low,seasonal,high,data/raw/SOURCE_ADMIN_BOUNDARIES/snapshots/full/LP_AA_EMD_gwangju_jeonnam.csv,active_legal_code_boundary_geometry_match,2026-05-01T00:29:44+09:00,boundary representative point + legal dong admin type heuristic
4611010200,전라남도 목포시 산정동,전라남도,46110,목포시,산정동,126.393142,34.7969691,urban_dong,urban_interface,dense_road,low,seasonal,high,data/raw/SOURCE_ADMIN_BOUNDARIES/snapshots/full/LP_AA_EMD_gwangju_jeonnam.csv,active_legal_code_boundary_geometry_match,2026-05-01T00:29:44+09:00,boundary representative point + legal dong admin type heuristic
4611010300,전라남도 목포시 연산동,전라남도,46110,목포시,연산동,126.3835258,34.8180135,urban_dong,urban_interface,dense_road,low,seasonal,high,data/raw/SOURCE_ADMIN_BOUNDARIES/snapshots/full/LP_AA_EMD_gwangju_jeonnam.csv,active_legal_code_boundary_geometry_match,2026-05-01T00:29:44+09:00,boundary representative point + legal dong admin type heuristic
4611010400,전라남도 목포시 대성동,전라남도,46110,목포시,대성동,126.381913,34.7992349,urban_dong,urban_interface,dense_road,low,seasonal,high,data/raw/SOURCE_ADMIN_BOUNDARIES/snapshots/full/LP_AA_EMD_gwangju_jeonnam.csv,active_legal_code_boundary_geometry_match,2026-05-01T00:29:44+09:00,boundary representative point + legal dong admin type heuristic
4611010500,전라남도 목포시 양동,전라남도,46110,목포시,양동,126.380214,34.7968073,urban_dong,urban_interface,dense_road,low,seasonal,high,data/raw/SOURCE_ADMIN_BOUNDARIES/snapshots/full/LP_AA_EMD_gwangju_jeonnam.csv,active_legal_code_boundary_geometry_match,2026-05-01T00:29:44+09:00,boundary representative point + legal dong admin type heuristic
4611010600,전라남도 목포시 북교동,전라남도,46110,목포시,북교동,126.3782382,34.7938772,urban_dong,urban_interface,dense_road,low,seasonal,high,data/raw/SOURCE_ADMIN_BOUNDARIES/snapshots/full/LP_AA_EMD_gwangju_jeonnam.csv,active_legal_code_boundary_geometry_match,2026-05-01T00:29:44+09:00,boundary representative point + legal dong admin type heuristic
4611010700,전라남도 목포시 남교동,전라남도,46110,목포시,남교동,126.3816205,34.7938879,urban_dong,urban_interface,dense_road,low,seasonal,high,data/raw/SOURCE_ADMIN_BOUNDARIES/snapshots/full/LP_AA_EMD_gwangju_jeonnam.csv,active_legal_code_boundary_geometry_match,2026-05-01T00:29:44+09:00,boundary representative point + legal dong admin type heuristic
4611010800,전라남도 목포시 호남동,전라남도,46110,목포시,호남동,126.388235,34.7935352,urban_dong,urban_interface,dense_road,low,seasonal,high,data/raw/SOURCE_ADMIN_BOUNDARIES/snapshots/full/LP_AA_EMD_gwangju_jeonnam.csv,active_legal_code_boundary_geometry_match,2026-05-01T00:29:44+09:00,boundary representative point + legal dong admin type heuristic
4611010900,전라남도 목포시 대안동,전라남도,46110,목포시,대안동,126.3848419,34.7920947,urban_dong,urban_interface,dense_road,low,seasonal,high,data/raw/SOURCE_ADMIN_BOUNDARIES/snapshots/full/LP_AA_EMD_gwangju_jeonnam.csv,active_legal_code_boundary_geometry_match,2026-05-01T00:29:44+09:00,boundary representative point + legal dong admin type heuristic
4611011000,전라남도 목포시 창평동,전라남도,46110,목포시,창평동,126.3839858,34.7929619,urban_dong,urban_interface,dense_road,low,seasonal,high,data/raw/SOURCE_ADMIN_BOUNDARIES/snapshots/full/LP_AA_EMD_gwangju_jeonnam.csv,active_legal_code_boundary_geometry_match,2026-05-01T00:29:44+09:00,boundary representative point + legal dong admin type heuristic
4611011100,전라남도 목포시 명륜동,전라남도,46110,목포시,명륜동,126.3858583,34.792022,urban_dong,urban_interface,dense_road,low,seasonal,high,data/raw/SOURCE_ADMIN_BOUNDARIES/snapshots/full/LP_AA_EMD_gwangju_jeonnam.csv,active_legal_code_boundary_geometry_match,2026-05-01T00:29:44+09:00,boundary representative point + legal dong admin type heuristic
4611011200,전라남도 목포시 죽동,전라남도,46110,목포시,죽동,126.3824933,34.7912546,urban_dong,urban_interface,dense_road,low,seasonal,high,data/raw/SOURCE_ADMIN_BOUNDARIES/snapshots/full/LP_AA_EMD_gwangju_jeonnam.csv,active_legal_code_boundary_geometry_match,2026-05-01T00:29:44+09:00,boundary representative point + legal dong admin type heuristic
4611011300,전라남도 목포시 무안동,전라남도,46110,목포시,무안동,126.3845762,34.7889412,urban_dong,urban_interface,dense_road,low,seasonal,high,data/raw/SOURCE_ADMIN_BOUNDARIES/snapshots/full/LP_AA_EMD_gwangju_jeonnam.csv,active_legal_code_boundary_geometry_match,2026-05-01T00:29:44+09:00,boundary representative point + legal dong admin type heuristic
4611011400,전라남도 목포시 측후동,전라남도,46110,목포시,측후동,126.3823534,34.789164,urban_dong,urban_interface,dense_road,low,seasonal,high,data/raw/SOURCE_ADMIN_BOUNDARIES/snapshots/full/LP_AA_EMD_gwangju_jeonnam.csv,active_legal_code_boundary_geometry_match,2026-05-01T00:29:44+09:00,boundary representative point + legal dong admin type heuristic
4611011500,전라남도 목포시 상락동1가,전라남도,46110,목포시,상락동1가,126.3868362,34.7890528,urban_dong,urban_interface,dense_road,low,seasonal,high,data/raw/SOURCE_ADMIN_BOUNDARIES/snapshots/full/LP_AA_EMD_gwangju_jeonnam.csv,active_legal_code_boundary_geometry_match,2026-05-01T00:29:44+09:00,boundary representative point + legal dong admin type heuristic
4611011600,전라남도 목포시 상락동2가,전라남도,46110,목포시,상락동2가,126.3858419,34.7893932,urban_dong,urban_interface,dense_road,low,seasonal,high,data/raw/SOURCE_ADMIN_BOUNDARIES/snapshots/full/LP_AA_EMD_gwangju_jeonnam.csv,active_legal_code_boundary_geometry_match,2026-05-01T00:29:44+09:00,boundary representative point + legal dong admin type heuristic
4611011700,전라남도 목포시 복만동,전라남도,46110,목포시,복만동,126.385431,34.7879446,urban_dong,urban_interface,dense_road,low,seasonal,high,data/raw/SOURCE_ADMIN_BOUNDARIES/snapshots/full/LP_AA_EMD_gwangju_jeonnam.csv,active_legal_code_boundary_geometry_match,2026-05-01T00:29:44+09:00,boundary representative point + legal dong admin type heuristic
4611011800,전라남도 목포시 동명동,전라남도,46110,목포시,동명동,126.3928961,34.7894175,urban_dong,urban_interface,dense_road,low,seasonal,high,data/raw/SOURCE_ADMIN_BOUNDARIES/snapshots/full/LP_AA_EMD_gwangju_jeonnam.csv,active_legal_code_boundary_geometry_match,2026-05-01T00:29:44+09:00,boundary representative point + legal dong admin type heuristic
4611011900,전라남도 목포시 광동1가,전라남도,46110,목포시,광동1가,126.3902455,34.7879071,urban_dong,urban_interface,dense_road,low,seasonal,high,data/raw/SOURCE_ADMIN_BOUNDARIES/snapshots/full/LP_AA_EMD_gwangju_jeonnam.csv,active_legal_code_boundary_geometry_match,2026-05-01T00:29:44+09:00,boundary representative point + legal dong admin type heuristic
4611012000,전라남도 목포시 광동2가,전라남도,46110,목포시,광동2가,126.3890621,34.7885336,urban_dong,urban_interface,dense_road,low,seasonal,high,data/raw/SOURCE_ADMIN_BOUNDARIES/snapshots/full/LP_AA_EMD_gwangju_jeonnam.csv,active_legal_code_boundary_geometry_match,2026-05-01T00:29:44+09:00,boundary representative point + legal dong admin type heuristic
4611012100,전라남도 목포시 광동3가,전라남도,46110,목포시,광동3가,126.3884073,34.7892305,urban_dong,urban_interface,dense_road,low,seasonal,high,data/raw/SOURCE_ADMIN_BOUNDARIES/snapshots/full/LP_AA_EMD_gwangju_jeonnam.csv,active_legal_code_boundary_geometry_match,2026-05-01T00:29:44+09:00,boundary representative point + legal dong admin type heuristic
4611012200,전라남도 목포시 영해동1가,전라남도,46110,목포시,영해동1가,126.3867696,34.7858362,urban_dong,urban_interface,dense_road,low,seasonal,high,data/raw/SOURCE_ADMIN_BOUNDARIES/snapshots/full/LP_AA_EMD_gwangju_jeonnam.csv,active_legal_code_boundary_geometry_match,2026-05-01T00:29:44+09:00,boundary representative point + legal dong admin type heuristic
4611012300,전라남도 목포시 영해동2가,전라남도,46110,목포시,영해동2가,126.3855117,34.7866696,urban_dong,urban_interface,dense_road,low,seasonal,high,data/raw/SOURCE_ADMIN_BOUNDARIES/snapshots/full/LP_AA_EMD_gwangju_jeonnam.csv,active_legal_code_boundary_geometry_match,2026-05-01T00:29:44+09:00,boundary representative point + legal dong admin type heuristic
4611012400,전라남도 목포시 행복동1가,전라남도,46110,목포시,행복동1가,126.3872443,34.7865375,urban_dong,urban_interface,dense_road,low,seasonal,high,data/raw/SOURCE_ADMIN_BOUNDARIES/snapshots/full/LP_AA_EMD_gwangju_jeonnam.csv,active_legal_code_boundary_geometry_match,2026-05-01T00:29:44+09:00,boundary representative point + legal dong admin type heuristic
4611012500,전라남도 목포시 행복동2가,전라남도,46110,목포시,행복동2가,126.3862087,34.7872873,urban_dong,urban_interface,dense_road,low,seasonal,high,data/raw/SOURCE_ADMIN_BOUNDARIES/snapshots/full/LP_AA_EMD_gwangju_jeonnam.csv,active_legal_code_boundary_geometry_match,2026-05-01T00:29:44+09:00,boundary representative point + legal dong admin type heuristic
4611012600,전라남도 목포시 축복동1가,전라남도,46110,목포시,축복동1가,126.3892987,34.7874217,urban_dong,urban_interface,dense_road,low,seasonal,high,data/raw/SOURCE_ADMIN_BOUNDARIES/snapshots/full/LP_AA_EMD_gwangju_jeonnam.csv,active_legal_code_boundary_geometry_match,2026-05-01T00:29:44+09:00,boundary representative point + legal dong admin type heuristic
4611012700,전라남도 목포시 축복동2가,전라남도,46110,목포시,축복동2가,126.3884382,34.7880816,urban_dong,urban_interface,dense_road,low,seasonal,high,data/raw/SOURCE_ADMIN_BOUNDARIES/snapshots/full/LP_AA_EMD_gwangju_jeonnam.csv,active_legal_code_boundary_geometry_match,2026-05-01T00:29:44+09:00,boundary representative point + legal dong admin type heuristic
4611012800,전라남도 목포시 축복동3가,전라남도,46110,목포시,축복동3가,126.3877152,34.7886401,urban_dong,urban_interface,dense_road,low,seasonal,high,data/raw/SOURCE_ADMIN_BOUNDARIES/snapshots/full/LP_AA_EMD_gwangju_jeonnam.csv,active_legal_code_boundary_geometry_match,2026-05-01T00:29:44+09:00,boundary representative point + legal dong admin type heuristic
4611012900,전라남도 목포시 보광동1가,전라남도,46110,목포시,보광동1가,126.3885047,34.7868247,urban_dong,urban_interface,dense_road,low,seasonal,high,data/raw/SOURCE_ADMIN_BOUNDARIES/snapshots/full/LP_AA_EMD_gwangju_jeonnam.csv,active_legal_code_boundary_geometry_match,2026-05-01T00:29:44+09:00,boundary representative point + legal dong admin type heuristic
4611013000,전라남도 목포시 보광동2가,전라남도,46110,목포시,보광동2가,126.3876888,34.7874057,urban_dong,urban_interface,dense_road,low,seasonal,high,data/raw/SOURCE_ADMIN_BOUNDARIES/snapshots/full/LP_AA_EMD_gwangju_jeonnam.csv,active_legal_code_boundary_geometry_match,2026-05-01T00:29:44+09:00,boundary representative point + legal dong admin type heuristic
4611013100,전라남도 목포시 보광동3가,전라남도,46110,목포시,보광동3가,126.3869887,34.787994,urban_dong,urban_interface,dense_road,low,seasonal,high,data/raw/SOURCE_ADMIN_BOUNDARIES/snapshots/full/LP_AA_EMD_gwangju_jeonnam.csv,active_legal_code_boundary_geometry_match,2026-05-01T00:29:44+09:00,boundary representative point + legal dong admin type heuristic
4611013200,전라남도 목포시 유달동,전라남도,46110,목포시,유달동,126.3790827,34.7862364,urban_dong,urban_interface,dense_road,low,seasonal,high,data/raw/SOURCE_ADMIN_BOUNDARIES/snapshots/full/LP_AA_EMD_gwangju_jeonnam.csv,active_legal_code_boundary_geometry_match,2026-05-01T00:29:44+09:00,boundary representative point + legal dong admin type heuristic
4611013300,전라남도 목포시 대의동1가,전라남도,46110,목포시,대의동1가,126.3846173,34.7869968,urban_dong,urban_interface,dense_road,low,seasonal,high,data/raw/SOURCE_ADMIN_BOUNDARIES/snapshots/full/LP_AA_EMD_gwangju_jeonnam.csv,active_legal_code_boundary_geometry_match,2026-05-01T00:29:44+09:00,boundary representative point + legal dong admin type heuristic
4611013400,전라남도 목포시 대의동2가,전라남도,46110,목포시,대의동2가,126.3827992,34.7876554,urban_dong,urban_interface,dense_road,low,seasonal,high,data/raw/SOURCE_ADMIN_BOUNDARIES/snapshots/full/LP_AA_EMD_gwangju_jeonnam.csv,active_legal_code_boundary_geometry_match,2026-05-01T00:29:44+09:00,boundary representative point + legal dong admin type heuristic
4611013500,전라남도 목포시 대의동3가,전라남도,46110,목포시,대의동3가,126.3808637,34.7867688,urban_dong,urban_interface,dense_road,low,seasonal,high,data/raw/SOURCE_ADMIN_BOUNDARIES/snapshots/full/LP_AA_EMD_gwangju_jeonnam.csv,active_legal_code_boundary_geometry_match,2026-05-01T00:29:44+09:00,boundary representative point + legal dong admin type heuristic
4611013600,전라남도 목포시 중앙동1가,전라남도,46110,목포시,중앙동1가,126.3835729,34.7861391,urban_dong,urban_interface,dense_road,low,seasonal,high,data/raw/SOURCE_ADMIN_BOUNDARIES/snapshots/full/LP_AA_EMD_gwangju_jeonnam.csv,active_legal_code_boundary_geometry_match,2026-05-01T00:29:44+09:00,boundary representative point + legal dong admin type heuristic
4611013700,전라남도 목포시 중앙동2가,전라남도,46110,목포시,중앙동2가,126.3822583,34.786294,urban_dong,urban_interface,dense_road,low,seasonal,high,data/raw/SOURCE_ADMIN_BOUNDARIES/snapshots/full/LP_AA_EMD_gwangju_jeonnam.csv,active_legal_code_boundary_geometry_match,2026-05-01T00:29:44+09:00,boundary representative point + legal dong admin type heuristic
4611013800,전라남도 목포시 중앙동3가,전라남도,46110,목포시,중앙동3가,126.3804357,34.7860762,urban_dong,urban_interface,dense_road,low,seasonal,high,data/raw/SOURCE_ADMIN_BOUNDARIES/snapshots/full/LP_AA_EMD_gwangju_jeonnam.csv,active_legal_code_boundary_geometry_match,2026-05-01T00:29:44+09:00,boundary representative point + legal dong admin type heuristic
4611013900,전라남도 목포시 만호동,전라남도,46110,목포시,만호동,126.3847266,34.7851009,urban_dong,urban_interface,dense_road,low,seasonal,high,data/raw/SOURCE_ADMIN_BOUNDARIES/snapshots/full/LP_AA_EMD_gwangju_jeonnam.csv,active_legal_code_boundary_geometry_match,2026-05-01T00:29:44+09:00,boundary representative point + legal dong admin type heuristic
4611014000,전라남도 목포시 수강동1가,전라남도,46110,목포시,수강동1가,126.3861273,34.7853275,urban_dong,urban_interface,dense_road,low,seasonal,high,data/raw/SOURCE_ADMIN_BOUNDARIES/snapshots/full/LP_AA_EMD_gwangju_jeonnam.csv,active_legal_code_boundary_geometry_match,2026-05-01T00:29:44+09:00,boundary representative point + legal dong admin type heuristic
4611014100,전라남도 목포시 수강동2가,전라남도,46110,목포시,수강동2가,126.3849751,34.7861955,urban_dong,urban_interface,dense_road,low,seasonal,high,data/raw/SOURCE_ADMIN_BOUNDARIES/snapshots/full/LP_AA_EMD_gwangju_jeonnam.csv,active_legal_code_boundary_geometry_match,2026-05-01T00:29:44+09:00,boundary representative point + legal dong admin type heuristic
4611014200,전라남도 목포시 해안동1가,전라남도,46110,목포시,해안동1가,126.3829818,34.7814255,urban_dong,urban_interface,dense_road,low,seasonal,high,data/raw/SOURCE_ADMIN_BOUNDARIES/snapshots/full/LP_AA_EMD_gwangju_jeonnam.csv,active_legal_code_boundary_geometry_match,2026-05-01T00:29:44+09:00,boundary representative point + legal dong admin type heuristic
4611014300,전라남도 목포시 해안동2가,전라남도,46110,목포시,해안동2가,126.3818925,34.7819386,urban_dong,urban_interface,dense_road,low,seasonal,high,data/raw/SOURCE_ADMIN_BOUNDARIES/snapshots/full/LP_AA_EMD_gwangju_jeonnam.csv,active_legal_code_boundary_geometry_match,2026-05-01T00:29:44+09:00,boundary representative point + legal dong admin type heuristic
4611014400,전라남도 목포시 해안동3가,전라남도,46110,목포시,해안동3가,126.3810874,34.7818145,urban_dong,urban_interface,dense_road,low,seasonal,high,data/raw/SOURCE_ADMIN_BOUNDARIES/snapshots/full/LP_AA_EMD_gwangju_jeonnam.csv,active_legal_code_boundary_geometry_match,2026-05-01T00:29:44+09:00,boundary representative point + legal dong admin type heuristic
4611014500,전라남도 목포시 해안동4가,전라남도,46110,목포시,해안동4가,126.3800523,34.7815271,urban_dong,urban_interface,dense_road,low,seasonal,high,data/raw/SOURCE_ADMIN_BOUNDARIES/snapshots/full/LP_AA_EMD_gwangju_jeonnam.csv,active_legal_code_boundary_geometry_match,2026-05-01T00:29:44+09:00,boundary representative point + legal dong admin type heuristic
4611014600,전라남도 목포시 항동,전라남도,46110,목포시,항동,126.3843096,34.7831034,urban_dong,urban_interface,dense_road,low,seasonal,high,data/raw/SOURCE_ADMIN_BOUNDARIES/snapshots/full/LP_AA_EMD_gwangju_jeonnam.csv,active_legal_code_boundary_geometry_match,2026-05-01T00:29:44+09:00,boundary representative point + legal dong admin type heuristic
4611014700,전라남도 목포시 중동1가,전라남도,46110,목포시,중동1가,126.3829741,34.7850564,urban_dong,urban_interface,dense_road,low,seasonal,high,data/raw/SOURCE_ADMIN_BOUNDARIES/snapshots/full/LP_AA_EMD_gwangju_jeonnam.csv,active_legal_code_boundary_geometry_match,2026-05-01T00:29:44+09:00,boundary representative point + legal dong admin type heuristic
4611014800,전라남도 목포시 중동2가,전라남도,46110,목포시,중동2가,126.3811065,34.7848485,urban_dong,urban_interface,dense_road,low,seasonal,high,data/raw/SOURCE_ADMIN_BOUNDARIES/snapshots/full/LP_AA_EMD_gwangju_jeonnam.csv,active_legal_code_boundary_geometry_match,2026-05-01T00:29:44+09:00,boundary representative point + legal dong admin type heuristic
4611014900,전라남도 목포시 유동,전라남도,46110,목포시,유동,126.3818608,34.7834153,urban_dong,urban_interface,dense_road,low,seasonal,high,data/raw/SOURCE_ADMIN_BOUNDARIES/snapshots/full/LP_AA_EMD_gwangju_jeonnam.csv,active_legal_code_boundary_geometry_match,2026-05-01T00:29:44+09:00,boundary representative point + legal dong admin type heuristic
4611015000,전라남도 목포시 금동1가,전라남도,46110,목포시,금동1가,126.3827752,34.7843249,urban_dong,urban_interface,dense_road,low,seasonal,high,data/raw/SOURCE_ADMIN_BOUNDARIES/snapshots/full/LP_AA_EMD_gwangju_jeonnam.csv,active_legal_code_boundary_geometry_match,2026-05-01T00:29:44+09:00,boundary representative point + legal dong admin type heuristic
4611015100,전라남도 목포시 금동2가,전라남도,46110,목포시,금동2가,126.3815128,34.784181,urban_dong,urban_interface,dense_road,low,seasonal,high,data/raw/SOURCE_ADMIN_BOUNDARIES/snapshots/full/LP_AA_EMD_gwangju_jeonnam.csv,active_legal_code_boundary_geometry_match,2026-05-01T00:29:44+09:00,boundary representative point + legal dong admin type heuristic
4611015200,전라남도 목포시 경동1가,전라남도,46110,목포시,경동1가,126.3824693,34.7854804,urban_dong,urban_interface,dense_road,low,seasonal,high,data/raw/SOURCE_ADMIN_BOUNDARIES/snapshots/full/LP_AA_EMD_gwangju_jeonnam.csv,active_legal_code_boundary_geometry_match,2026-05-01T00:29:44+09:00,boundary representative point + legal dong admin type heuristic
4611015300,전라남도 목포시 경동2가,전라남도,46110,목포시,경동2가,126.3801838,34.7853477,urban_dong,urban_interface,dense_road,low,seasonal,high,data/raw/SOURCE_ADMIN_BOUNDARIES/snapshots/full/LP_AA_EMD_gwangju_jeonnam.csv,active_legal_code_boundary_geometry_match,2026-05-01T00:29:44+09:00,boundary representative point + legal dong admin type heuristic
4611015400,전라남도 목포시 서산동,전라남도,46110,목포시,서산동,126.3763873,34.7824338,urban_dong,urban_interface,dense_road,low,seasonal,high,data/raw/SOURCE_ADMIN_BOUNDARIES/snapshots/full/LP_AA_EMD_gwangju_jeonnam.csv,active_legal_code_boundary_geometry_match,2026-05-01T00:29:44+09:00,boundary representative point + legal dong admin type heuristic
4611015500,전라남도 목포시 금화동,전라남도,46110,목포시,금화동,126.3776369,34.7809646,urban_dong,urban_interface,dense_road,low,seasonal,high,data/raw/SOURCE_ADMIN_BOUNDARIES/snapshots/full/LP_AA_EMD_gwangju_jeonnam.csv,active_legal_code_boundary_geometry_match,2026-05-01T00:29:44+09:00,boundary representative point + legal dong admin type heuristic
4611015600,전라남도 목포시 온금동,전라남도,46110,목포시,온금동,126.3755058,34.7847628,urban_dong,urban_interface,dense_road,low,seasonal,high,data/raw/SOURCE_ADMIN_BOUNDARIES/snapshots/full/LP_AA_EMD_gwangju_jeonnam.csv,active_legal_code_boundary_geometry_match,2026-05-01T00:29:44+09:00,boundary representative point + legal dong admin type heuristic
4611015700,전라남도 목포시 죽교동,전라남도,46110,목포시,죽교동,126.3651453,34.7955179,urban_dong,urban_interface,dense_road,low,seasonal,high,data/raw/SOURCE_ADMIN_BOUNDARIES/snapshots/full/LP_AA_EMD_gwangju_jeonnam.csv,active_legal_code_boundary_geometry_match,2026-05-01T00:29:44+09:00,boundary representative point + legal dong admin type heuristic
4611015800,전라남도 목포시 상동,전라남도,46110,목포시,상동,126.4171643,34.8099481,urban_dong,urban_interface,dense_road,low,seasonal,high,data/raw/SOURCE_ADMIN_BOUNDARIES/snapshots/full/LP_AA_EMD_gwangju_jeonnam.csv,active_legal_code_boundary_geometry_match,2026-05-01T00:29:44+09:00,boundary representative point + legal dong admin type heuristic
4611015900,전라남도 목포시 용해동,전라남도,46110,목포시,용해동,126.4061088,34.8072844,urban_dong,urban_interface,dense_road,low,seasonal,high,data/raw/SOURCE_ADMIN_BOUNDARIES/snapshots/full/LP_AA_EMD_gwangju_jeonnam.csv,active_legal_code_boundary_geometry_match,2026-05-01T00:29:44+09:00,boundary representative point + legal dong admin type heuristic
4611016000,전라남도 목포시 석현동,전라남도,46110,목포시,석현동,126.4250782,34.8231445,urban_dong,urban_interface,dense_road,low,seasonal,high,data/raw/SOURCE_ADMIN_BOUNDARIES/snapshots/full/LP_AA_EMD_gwangju_jeonnam.csv,active_legal_code_boundary_geometry_match,2026-05-01T00:29:44+09:00,boundary representative point + legal dong admin type heuristic
4611016100,전라남도 목포시 달동,전라남도,46110,목포시,달동,126.3140476,34.773723,urban_dong,urban_interface,dense_road,low,seasonal,high,data/raw/SOURCE_ADMIN_BOUNDARIES/snapshots/full/LP_AA_EMD_gwangju_jeonnam.csv,active_legal_code_boundary_geometry_match,2026-05-01T00:29:44+09:00,boundary representative point + legal dong admin type heuristic
4611016200,전라남도 목포시 율도동,전라남도,46110,목포시,율도동,126.3246778,34.804049,urban_dong,urban_interface,dense_road,low,seasonal,high,data/raw/SOURCE_ADMIN_BOUNDARIES/snapshots/full/LP_AA_EMD_gwangju_jeonnam.csv,active_legal_code_boundary_geometry_match,2026-05-01T00:29:44+09:00,boundary representative point + legal dong admin type heuristic
4611016300,전라남도 목포시 대양동,전라남도,46110,목포시,대양동,126.4136304,34.8342365,urban_dong,urban_interface,dense_road,low,seasonal,high,data/raw/SOURCE_ADMIN_BOUNDARIES/snapshots/full/LP_AA_EMD_gwangju_jeonnam.csv,active_legal_code_boundary_geometry_match,2026-05-01T00:29:44+09:00,boundary representative point + legal dong admin type heuristic
4611016400,전라남도 목포시 옥암동,전라남도,46110,목포시,옥암동,126.4434622,34.8064442,urban_dong,urban_interface,dense_road,low,seasonal,high,data/raw/SOURCE_ADMIN_BOUNDARIES/snapshots/full/LP_AA_EMD_gwangju_jeonnam.csv,active_legal_code_boundary_geometry_match,2026-05-01T00:29:44+09:00,boundary representative point + legal dong admin type heuristic
4613010100,전라남도 여수시 종화동,전라남도,46130,여수시,종화동,127.7479618,34.738924,urban_dong,urban_interface,dense_road,low,elevated,high,data/raw/SOURCE_ADMIN_BOUNDARIES/snapshots/full/LP_AA_EMD_gwangju_jeonnam.csv,active_legal_code_boundary_geometry_match,2026-05-01T00:29:44+09:00,boundary representative point + legal dong admin type heuristic
4613010200,전라남도 여수시 수정동,전라남도,46130,여수시,수정동,127.7490636,34.7440859,urban_dong,urban_interface,dense_road,low,elevated,high,data/raw/SOURCE_ADMIN_BOUNDARIES/snapshots/full/LP_AA_EMD_gwangju_jeonnam.csv,active_legal_code_boundary_geometry_match,2026-05-01T00:29:44+09:00,boundary representative point + legal dong admin type heuristic
4613010300,전라남도 여수시 공화동,전라남도,46130,여수시,공화동,127.7438976,34.747333,urban_dong,urban_interface,dense_road,low,elevated,high,data/raw/SOURCE_ADMIN_BOUNDARIES/snapshots/full/LP_AA_EMD_gwangju_jeonnam.csv,active_legal_code_boundary_geometry_match,2026-05-01T00:29:44+09:00,boundary representative point + legal dong admin type heuristic
4613010400,전라남도 여수시 관문동,전라남도,46130,여수시,관문동,127.7432998,34.743121,urban_dong,urban_interface,dense_road,low,elevated,high,data/raw/SOURCE_ADMIN_BOUNDARIES/snapshots/full/LP_AA_EMD_gwangju_jeonnam.csv,active_legal_code_boundary_geometry_match,2026-05-01T00:29:44+09:00,boundary representative point + legal dong admin type heuristic
4613010500,전라남도 여수시 고소동,전라남도,46130,여수시,고소동,127.7408846,34.7397301,urban_dong,urban_interface,dense_road,low,elevated,high,data/raw/SOURCE_ADMIN_BOUNDARIES/snapshots/full/LP_AA_EMD_gwangju_jeonnam.csv,active_legal_code_boundary_geometry_match,2026-05-01T00:29:44+09:00,boundary representative point + legal dong admin type heuristic
4613010600,전라남도 여수시 동산동,전라남도,46130,여수시,동산동,127.7374976,34.7457991,urban_dong,urban_interface,dense_road,low,elevated,high,data/raw/SOURCE_ADMIN_BOUNDARIES/snapshots/full/LP_AA_EMD_gwangju_jeonnam.csv,active_legal_code_boundary_geometry_match,2026-05-01T00:29:44+09:00,boundary representative point + legal dong admin type heuristic
4613010700,전라남도 여수시 중앙동,전라남도,46130,여수시,중앙동,127.7362386,34.7394791,urban_dong,urban_interface,dense_road,low,elevated,high,data/raw/SOURCE_ADMIN_BOUNDARIES/snapshots/full/LP_AA_EMD_gwangju_jeonnam.csv,active_legal_code_boundary_geometry_match,2026-05-01T00:29:44+09:00,boundary representative point + legal dong admin type heuristic
4613010800,전라남도 여수시 교동,전라남도,46130,여수시,교동,127.7319287,34.740092,urban_dong,urban_interface,dense_road,low,elevated,high,data/raw/SOURCE_ADMIN_BOUNDARIES/snapshots/full/LP_AA_EMD_gwangju_jeonnam.csv,active_legal_code_boundary_geometry_match,2026-05-01T00:29:44+09:00,boundary representative point + legal dong admin type heuristic
4613010900,전라남도 여수시 군자동,전라남도,46130,여수시,군자동,127.7345937,34.7437242,urban_dong,urban_interface,dense_road,low,elevated,high,data/raw/SOURCE_ADMIN_BOUNDARIES/snapshots/full/LP_AA_EMD_gwangju_jeonnam.csv,active_legal_code_boundary_geometry_match,2026-05-01T00:29:44+09:00,boundary representative point + legal dong admin type heuristic
4613011000,전라남도 여수시 충무동,전라남도,46130,여수시,충무동,127.7310981,34.7428306,urban_dong,urban_interface,dense_road,low,elevated,high,data/raw/SOURCE_ADMIN_BOUNDARIES/snapshots/full/LP_AA_EMD_gwangju_jeonnam.csv,active_legal_code_boundary_geometry_match,2026-05-01T00:29:44+09:00,boundary representative point + legal dong admin type heuristic
4613011100,전라남도 여수시 연등동,전라남도,46130,여수시,연등동,127.730684,34.7516174,urban_dong,urban_interface,dense_road,low,elevated,high,data/raw/SOURCE_ADMIN_BOUNDARIES/snapshots/full/LP_AA_EMD_gwangju_jeonnam.csv,active_legal_code_boundary_geometry_match,2026-05-01T00:29:44+09:00,boundary representative point + legal dong admin type heuristic
4613011200,전라남도 여수시 광무동,전라남도,46130,여수시,광무동,127.7222641,34.7490229,urban_dong,urban_interface,dense_road,low,elevated,high,data/raw/SOURCE_ADMIN_BOUNDARIES/snapshots/full/LP_AA_EMD_gwangju_jeonnam.csv,active_legal_code_boundary_geometry_match,2026-05-01T00:29:44+09:00,boundary representative point + legal dong admin type heuristic
4613011300,전라남도 여수시 서교동,전라남도,46130,여수시,서교동,127.7287942,34.7430164,urban_dong,urban_interface,dense_road,low,elevated,high,data/raw/SOURCE_ADMIN_BOUNDARIES/snapshots/full/LP_AA_EMD_gwangju_jeonnam.csv,active_legal_code_boundary_geometry_match,2026-05-01T00:29:44+09:00,boundary representative point + legal dong admin type heuristic
4613011400,전라남도 여수시 봉강동,전라남도,46130,여수시,봉강동,127.7200444,34.7412735,urban_dong,urban_interface,dense_road,low,elevated,high,data/raw/SOURCE_ADMIN_BOUNDARIES/snapshots/full/LP_AA_EMD_gwangju_jeonnam.csv,active_legal_code_boundary_geometry_match,2026-05-01T00:29:44+09:00,boundary representative point + legal dong admin type heuristic
4613011500,전라남도 여수시 봉산동,전라남도,46130,여수시,봉산동,127.7247649,34.7351033,urban_dong,urban_interface,dense_road,low,elevated,high,data/raw/SOURCE_ADMIN_BOUNDARIES/snapshots/full/LP_AA_EMD_gwangju_jeonnam.csv,active_legal_code_boundary_geometry_match,2026-05-01T00:29:44+09:00,boundary representative point + legal dong admin type heuristic
4613011600,전라남도 여수시 남산동,전라남도,46130,여수시,남산동,127.7306743,34.7338743,urban_dong,urban_interface,dense_road,low,elevated,high,data/raw/SOURCE_ADMIN_BOUNDARIES/snapshots/full/LP_AA_EMD_gwangju_jeonnam.csv,active_legal_code_boundary_geometry_match,2026-05-01T00:29:44+09:00,boundary representative point + legal dong admin type heuristic
4613011700,전라남도 여수시 국동,전라남도,46130,여수시,국동,127.7133207,34.7321357,urban_dong,urban_interface,dense_road,low,elevated,high,data/raw/SOURCE_ADMIN_BOUNDARIES/snapshots/full/LP_AA_EMD_gwangju_jeonnam.csv,active_legal_code_boundary_geometry_match,2026-05-01T00:29:44+09:00,boundary representative point + legal dong admin type heuristic
4613011800,전라남도 여수시 신월동,전라남도,46130,여수시,신월동,127.6975853,34.7313083,urban_dong,urban_interface,dense_road,low,elevated,high,data/raw/SOURCE_ADMIN_BOUNDARIES/snapshots/full/LP_AA_EMD_gwangju_jeonnam.csv,active_legal_code_boundary_geometry_match,2026-05-01T00:29:44+09:00,boundary representative point + legal dong admin type heuristic
4613011900,전라남도 여수시 여서동,전라남도,46130,여수시,여서동,127.7060434,34.747569,urban_dong,urban_interface,dense_road,low,elevated,high,data/raw/SOURCE_ADMIN_BOUNDARIES/snapshots/full/LP_AA_EMD_gwangju_jeonnam.csv,active_legal_code_boundary_geometry_match,2026-05-01T00:29:44+09:00,boundary representative point + legal dong admin type heuristic
4613012000,전라남도 여수시 문수동,전라남도,46130,여수시,문수동,127.6963673,34.7526052,urban_dong,urban_interface,dense_road,low,elevated,high,data/raw/SOURCE_ADMIN_BOUNDARIES/snapshots/full/LP_AA_EMD_gwangju_jeonnam.csv,active_legal_code_boundary_geometry_match,2026-05-01T00:29:44+09:00,boundary representative point + legal dong admin type heuristic
4613012100,전라남도 여수시 오림동,전라남도,46130,여수시,오림동,127.7210667,34.7592161,urban_dong,urban_interface,dense_road,low,elevated,high,data/raw/SOURCE_ADMIN_BOUNDARIES/snapshots/full/LP_AA_EMD_gwangju_jeonnam.csv,active_legal_code_boundary_geometry_match,2026-05-01T00:29:44+09:00,boundary representative point + legal dong admin type heuristic
4613012200,전라남도 여수시 미평동,전라남도,46130,여수시,미평동,127.7069212,34.7737967,urban_dong,urban_interface,dense_road,low,elevated,high,data/raw/SOURCE_ADMIN_BOUNDARIES/snapshots/full/LP_AA_EMD_gwangju_jeonnam.csv,active_legal_code_boundary_geometry_match,2026-05-01T00:29:44+09:00,boundary representative point + legal dong admin type heuristic
4613012300,전라남도 여수시 둔덕동,전라남도,46130,여수시,둔덕동,127.6961224,34.7774588,urban_dong,urban_interface,dense_road,low,elevated,high,data/raw/SOURCE_ADMIN_BOUNDARIES/snapshots/full/LP_AA_EMD_gwangju_jeonnam.csv,active_legal_code_boundary_geometry_match,2026-05-01T00:29:44+09:00,boundary representative point + legal dong admin type heuristic
4613012400,전라남도 여수시 오천동,전라남도,46130,여수시,오천동,127.7400472,34.7958553,urban_dong,urban_interface,dense_road,low,elevated,high,data/raw/SOURCE_ADMIN_BOUNDARIES/snapshots/full/LP_AA_EMD_gwangju_jeonnam.csv,active_legal_code_boundary_geometry_match,2026-05-01T00:29:44+09:00,boundary representative point + legal dong admin type heuristic
4613012500,전라남도 여수시 만흥동,전라남도,46130,여수시,만흥동,127.7305228,34.7761198,urban_dong,urban_interface,dense_road,low,elevated,high,data/raw/SOURCE_ADMIN_BOUNDARIES/snapshots/full/LP_AA_EMD_gwangju_jeonnam.csv,active_legal_code_boundary_geometry_match,2026-05-01T00:29:44+09:00,boundary representative point + legal dong admin type heuristic
4613012600,전라남도 여수시 덕충동,전라남도,46130,여수시,덕충동,127.7412304,34.7556203,urban_dong,urban_interface,dense_road,low,elevated,high,data/raw/SOURCE_ADMIN_BOUNDARIES/snapshots/full/LP_AA_EMD_gwangju_jeonnam.csv,active_legal_code_boundary_geometry_match,2026-05-01T00:29:44+09:00,boundary representative point + legal dong admin type heuristic
4613012700,전라남도 여수시 경호동,전라남도,46130,여수시,경호동,127.7234214,34.7107252,urban_dong,urban_interface,dense_road,low,elevated,high,data/raw/SOURCE_ADMIN_BOUNDARIES/snapshots/full/LP_AA_EMD_gwangju_jeonnam.csv,active_legal_code_boundary_geometry_match,2026-05-01T00:29:44+09:00,boundary representative point + legal dong admin type heuristic
4613012800,전라남도 여수시 학동,전라남도,46130,여수시,학동,127.6623289,34.7617336,urban_dong,urban_interface,dense_road,low,elevated,high,data/raw/SOURCE_ADMIN_BOUNDARIES/snapshots/full/LP_AA_EMD_gwangju_jeonnam.csv,active_legal_code_boundary_geometry_match,2026-05-01T00:29:44+09:00,boundary representative point + legal dong admin type heuristic
4613012900,전라남도 여수시 학용동,전라남도,46130,여수시,학용동,127.6829477,34.7681221,urban_dong,urban_interface,dense_road,low,elevated,high,data/raw/SOURCE_ADMIN_BOUNDARIES/snapshots/full/LP_AA_EMD_gwangju_jeonnam.csv,active_legal_code_boundary_geometry_match,2026-05-01T00:29:44+09:00,boundary representative point + legal dong admin type heuristic
4613013000,전라남도 여수시 안산동,전라남도,46130,여수시,안산동,127.6497194,34.7550545,urban_dong,urban_interface,dense_road,low,elevated,high,data/raw/SOURCE_ADMIN_BOUNDARIES/snapshots/full/LP_AA_EMD_gwangju_jeonnam.csv,active_legal_code_boundary_geometry_match,2026-05-01T00:29:44+09:00,boundary representative point + legal dong admin type heuristic
4613013100,전라남도 여수시 소호동,전라남도,46130,여수시,소호동,127.6422381,34.7370897,urban_dong,urban_interface,dense_road,low,elevated,high,data/raw/SOURCE_ADMIN_BOUNDARIES/snapshots/full/LP_AA_EMD_gwangju_jeonnam.csv,active_legal_code_boundary_geometry_match,2026-05-01T00:29:44+09:00,boundary representative point + legal dong admin type heuristic
4613013200,전라남도 여수시 시전동,전라남도,46130,여수시,시전동,127.6839981,34.7574892,urban_dong,urban_interface,dense_road,low,elevated,high,data/raw/SOURCE_ADMIN_BOUNDARIES/snapshots/full/LP_AA_EMD_gwangju_jeonnam.csv,active_legal_code_boundary_geometry_match,2026-05-01T00:29:44+09:00,boundary representative point + legal dong admin type heuristic
4613013300,전라남도 여수시 신기동,전라남도,46130,여수시,신기동,127.6726217,34.7604357,urban_dong,urban_interface,dense_road,low,elevated,high,data/raw/SOURCE_ADMIN_BOUNDARIES/snapshots/full/LP_AA_EMD_gwangju_jeonnam.csv,active_legal_code_boundary_geometry_match,2026-05-01T00:29:44+09:00,boundary representative point + legal dong admin type heuristic
4613013400,전라남도 여수시 웅천동,전라남도,46130,여수시,웅천동,127.6833729,34.7450029,urban_dong,urban_interface,dense_road,low,elevated,high,data/raw/SOURCE_ADMIN_BOUNDARIES/snapshots/full/LP_AA_EMD_gwangju_jeonnam.csv,active_legal_code_boundary_geometry_match,2026-05-01T00:29:44+09:00,boundary representative point + legal dong admin type heuristic
4613013500,전라남도 여수시 선원동,전라남도,46130,여수시,선원동,127.6561003,34.7727909,urban_dong,urban_interface,dense_road,low,elevated,high,data/raw/SOURCE_ADMIN_BOUNDARIES/snapshots/full/LP_AA_EMD_gwangju_jeonnam.csv,active_legal_code_boundary_geometry_match,2026-05-01T00:29:44+09:00,boundary representative point + legal dong admin type heuristic
4613013600,전라남도 여수시 여천동,전라남도,46130,여수시,여천동,127.6679067,34.7771373,urban_dong,urban_interface,dense_road,low,elevated,high,data/raw/SOURCE_ADMIN_BOUNDARIES/snapshots/full/LP_AA_EMD_gwangju_jeonnam.csv,active_legal_code_boundary_geometry_match,2026-05-01T00:29:44+09:00,boundary representative point + legal dong admin type heuristic
4613013700,전라남도 여수시 화장동,전라남도,46130,여수시,화장동,127.644274,34.7780259,urban_dong,urban_interface,dense_road,low,elevated,high,data/raw/SOURCE_ADMIN_BOUNDARIES/snapshots/full/LP_AA_EMD_gwangju_jeonnam.csv,active_legal_code_boundary_geometry_match,2026-05-01T00:29:44+09:00,boundary representative point + legal dong admin type heuristic
4613013800,전라남도 여수시 주삼동,전라남도,46130,여수시,주삼동,127.6602867,34.792821,urban_dong,urban_interface,dense_road,low,elevated,high,data/raw/SOURCE_ADMIN_BOUNDARIES/snapshots/full/LP_AA_EMD_gwangju_jeonnam.csv,active_legal_code_boundary_geometry_match,2026-05-01T00:29:44+09:00,boundary representative point + legal dong admin type heuristic
4613013900,전라남도 여수시 봉계동,전라남도,46130,여수시,봉계동,127.6797752,34.7836288,urban_dong,urban_interface,dense_road,low,elevated,high,data/raw/SOURCE_ADMIN_BOUNDARIES/snapshots/full/LP_AA_EMD_gwangju_jeonnam.csv,active_legal_code_boundary_geometry_match,2026-05-01T00:29:44+09:00,boundary representative point + legal dong admin type heuristic
4613014000,전라남도 여수시 해산동,전라남도,46130,여수시,해산동,127.6400376,34.8005921,urban_dong,urban_interface,dense_road,low,elevated,high,data/raw/SOURCE_ADMIN_BOUNDARIES/snapshots/full/LP_AA_EMD_gwangju_jeonnam.csv,active_legal_code_boundary_geometry_match,2026-05-01T00:29:44+09:00,boundary representative point + legal dong admin type heuristic
4613014100,전라남도 여수시 화치동,전라남도,46130,여수시,화치동,127.648894,34.817094,urban_dong,urban_interface,dense_road,low,elevated,high,data/raw/SOURCE_ADMIN_BOUNDARIES/snapshots/full/LP_AA_EMD_gwangju_jeonnam.csv,active_legal_code_boundary_geometry_match,2026-05-01T00:29:44+09:00,boundary representative point + legal dong admin type heuristic
4613014200,전라남도 여수시 월하동,전라남도,46130,여수시,월하동,127.6641707,34.8106371,urban_dong,urban_interface,dense_road,low,elevated,high,data/raw/SOURCE_ADMIN_BOUNDARIES/snapshots/full/LP_AA_EMD_gwangju_jeonnam.csv,active_legal_code_boundary_geometry_match,2026-05-01T00:29:44+09:00,boundary representative point + legal dong admin type heuristic
4613014300,전라남도 여수시 평여동,전라남도,46130,여수시,평여동,127.6779069,34.8120565,urban_dong,urban_interface,dense_road,low,elevated,high,data/raw/SOURCE_ADMIN_BOUNDARIES/snapshots/full/LP_AA_EMD_gwangju_jeonnam.csv,active_legal_code_boundary_geometry_match,2026-05-01T00:29:44+09:00,boundary representative point + legal dong admin type heuristic
4613014400,전라남도 여수시 중흥동,전라남도,46130,여수시,중흥동,127.6840737,34.8305592,urban_dong,urban_interface,dense_road,low,elevated,high,data/raw/SOURCE_ADMIN_BOUNDARIES/snapshots/full/LP_AA_EMD_gwangju_jeonnam.csv,active_legal_code_boundary_geometry_match,2026-05-01T00:29:44+09:00,boundary representative point + legal dong admin type heuristic
4613014500,전라남도 여수시 적량동,전라남도,46130,여수시,적량동,127.7088776,34.8464812,urban_dong,urban_interface,dense_road,low,elevated,high,data/raw/SOURCE_ADMIN_BOUNDARIES/snapshots/full/LP_AA_EMD_gwangju_jeonnam.csv,active_legal_code_boundary_geometry_match,2026-05-01T00:29:44+09:00,boundary representative point + legal dong admin type heuristic
4613014600,전라남도 여수시 월내동,전라남도,46130,여수시,월내동,127.7299266,34.8475283,urban_dong,urban_interface,dense_road,low,elevated,high,data/raw/SOURCE_ADMIN_BOUNDARIES/snapshots/full/LP_AA_EMD_gwangju_jeonnam.csv,active_legal_code_boundary_geometry_match,2026-05-01T00:29:44+09:00,boundary representative point + legal dong admin type heuristic
4613014700,전라남도 여수시 묘도동,전라남도,46130,여수시,묘도동,127.7201275,34.8833639,urban_dong,urban_interface,dense_road,low,elevated,high,data/raw/SOURCE_ADMIN_BOUNDARIES/snapshots/full/LP_AA_EMD_gwangju_jeonnam.csv,active_legal_code_boundary_geometry_match,2026-05-01T00:29:44+09:00,boundary representative point + legal dong admin type heuristic
4613014800,전라남도 여수시 낙포동,전라남도,46130,여수시,낙포동,127.7598324,34.847379,urban_dong,urban_interface,dense_road,low,elevated,high,data/raw/SOURCE_ADMIN_BOUNDARIES/snapshots/full/LP_AA_EMD_gwangju_jeonnam.csv,active_legal_code_boundary_geometry_match,2026-05-01T00:29:44+09:00,boundary representative point + legal dong admin type heuristic
4613014900,전라남도 여수시 신덕동,전라남도,46130,여수시,신덕동,127.7558609,34.8188402,urban_dong,urban_interface,dense_road,low,elevated,high,data/raw/SOURCE_ADMIN_BOUNDARIES/snapshots/full/LP_AA_EMD_gwangju_jeonnam.csv,active_legal_code_boundary_geometry_match,2026-05-01T00:29:44+09:00,boundary representative point + legal dong admin type heuristic
4613015000,전라남도 여수시 상암동,전라남도,46130,여수시,상암동,127.7358918,34.827728,urban_dong,urban_interface,dense_road,low,elevated,high,data/raw/SOURCE_ADMIN_BOUNDARIES/snapshots/full/LP_AA_EMD_gwangju_jeonnam.csv,active_legal_code_boundary_geometry_match,2026-05-01T00:29:44+09:00,boundary representative point + legal dong admin type heuristic
4613015100,전라남도 여수시 호명동,전라남도,46130,여수시,호명동,127.7199647,34.8038234,urban_dong,urban_interface,dense_road,low,elevated,high,data/raw/SOURCE_ADMIN_BOUNDARIES/snapshots/full/LP_AA_EMD_gwangju_jeonnam.csv,active_legal_code_boundary_geometry_match,2026-05-01T00:29:44+09:00,boundary representative point + legal dong admin type heuristic
4613025000,전라남도 여수시 돌산읍,전라남도,46130,여수시,돌산읍,127.7703156,34.6593765,town_eup,mixed_hillside,standard_road,medium,moderated,medium,data/raw/SOURCE_ADMIN_BOUNDARIES/snapshots/full/LP_AA_EMD_gwangju_jeonnam.csv,active_legal_code_boundary_geometry_match,2026-05-01T00:29:44+09:00,boundary representative point + legal dong admin type heuristic
4613031000,전라남도 여수시 소라면,전라남도,46130,여수시,소라면,127.6052054,34.7875012,rural_myeon,coastal_open_mix,limited_road,low,moderated,low,data/raw/SOURCE_ADMIN_BOUNDARIES/snapshots/full/LP_AA_EMD_gwangju_jeonnam.csv,active_legal_code_boundary_geometry_match,2026-05-01T00:29:44+09:00,boundary representative point + legal dong admin type heuristic
4613032000,전라남도 여수시 율촌면,전라남도,46130,여수시,율촌면,127.5767156,34.8500281,rural_myeon,coastal_open_mix,limited_road,low,moderated,low,data/raw/SOURCE_ADMIN_BOUNDARIES/snapshots/full/LP_AA_EMD_gwangju_jeonnam.csv,active_legal_code_boundary_geometry_match,2026-05-01T00:29:44+09:00,boundary representative point + legal dong admin type heuristic
4613033000,전라남도 여수시 화양면,전라남도,46130,여수시,화양면,127.5893213,34.6860253,rural_myeon,coastal_open_mix,limited_road,low,moderated,low,data/raw/SOURCE_ADMIN_BOUNDARIES/snapshots/full/LP_AA_EMD_gwangju_jeonnam.csv,active_legal_code_boundary_geometry_match,2026-05-01T00:29:44+09:00,boundary representative point + legal dong admin type heuristic
4613034000,전라남도 여수시 남면,전라남도,46130,여수시,남면,127.7553371,34.52008,rural_myeon,coastal_open_mix,limited_road,low,moderated,low,data/raw/SOURCE_ADMIN_BOUNDARIES/snapshots/full/LP_AA_EMD_gwangju_jeonnam.csv,active_legal_code_boundary_geometry_match,2026-05-01T00:29:44+09:00,boundary representative point + legal dong admin type heuristic
4613035000,전라남도 여수시 화정면,전라남도,46130,여수시,화정면,127.6613005,34.5698453,rural_myeon,coastal_open_mix,limited_road,low,moderated,low,data/raw/SOURCE_ADMIN_BOUNDARIES/snapshots/full/LP_AA_EMD_gwangju_jeonnam.csv,active_legal_code_boundary_geometry_match,2026-05-01T00:29:44+09:00,boundary representative point + legal dong admin type heuristic
4613036000,전라남도 여수시 삼산면,전라남도,46130,여수시,삼산면,127.2455377,34.2317537,rural_myeon,coastal_open_mix,limited_road,low,moderated,low,data/raw/SOURCE_ADMIN_BOUNDARIES/snapshots/full/LP_AA_EMD_gwangju_jeonnam.csv,active_legal_code_boundary_geometry_match,2026-05-01T00:29:44+09:00,boundary representative point + legal dong admin type heuristic
4615010100,전라남도 순천시 삼거동,전라남도,46150,순천시,삼거동,127.4238221,34.9869946,urban_dong,urban_interface,dense_road,low,elevated,high,data/raw/SOURCE_ADMIN_BOUNDARIES/snapshots/full/LP_AA_EMD_gwangju_jeonnam.csv,active_legal_code_boundary_geometry_match,2026-05-01T00:29:44+09:00,boundary representative point + legal dong admin type heuristic
4615010200,전라남도 순천시 와룡동,전라남도,46150,순천시,와룡동,127.4517255,34.9591987,urban_dong,urban_interface,dense_road,low,elevated,high,data/raw/SOURCE_ADMIN_BOUNDARIES/snapshots/full/LP_AA_EMD_gwangju_jeonnam.csv,active_legal_code_boundary_geometry_match,2026-05-01T00:29:44+09:00,boundary representative point + legal dong admin type heuristic
4615010300,전라남도 순천시 영동,전라남도,46150,순천시,영동,127.4824289,34.9540021,urban_dong,urban_interface,dense_road,low,elevated,high,data/raw/SOURCE_ADMIN_BOUNDARIES/snapshots/full/LP_AA_EMD_gwangju_jeonnam.csv,active_legal_code_boundary_geometry_match,2026-05-01T00:29:44+09:00,boundary representative point + legal dong admin type heuristic
4615010400,전라남도 순천시 옥천동,전라남도,46150,순천시,옥천동,127.4721546,34.9519891,urban_dong,urban_interface,dense_road,low,elevated,high,data/raw/SOURCE_ADMIN_BOUNDARIES/snapshots/full/LP_AA_EMD_gwangju_jeonnam.csv,active_legal_code_boundary_geometry_match,2026-05-01T00:29:44+09:00,boundary representative point + legal dong admin type heuristic
4615010500,전라남도 순천시 행동,전라남도,46150,순천시,행동,127.4824485,34.9557385,urban_dong,urban_interface,dense_road,low,elevated,high,data/raw/SOURCE_ADMIN_BOUNDARIES/snapshots/full/LP_AA_EMD_gwangju_jeonnam.csv,active_legal_code_boundary_geometry_match,2026-05-01T00:29:44+09:00,boundary representative point + legal dong admin type heuristic
4615010600,전라남도 순천시 금곡동,전라남도,46150,순천시,금곡동,127.4673967,34.9613754,urban_dong,urban_interface,dense_road,low,elevated,high,data/raw/SOURCE_ADMIN_BOUNDARIES/snapshots/full/LP_AA_EMD_gwangju_jeonnam.csv,active_legal_code_boundary_geometry_match,2026-05-01T00:29:44+09:00,boundary representative point + legal dong admin type heuristic
4615010700,전라남도 순천시 매곡동,전라남도,46150,순천시,매곡동,127.4797526,34.9627422,urban_dong,urban_interface,dense_road,low,elevated,high,data/raw/SOURCE_ADMIN_BOUNDARIES/snapshots/full/LP_AA_EMD_gwangju_jeonnam.csv,active_legal_code_boundary_geometry_match,2026-05-01T00:29:44+09:00,boundary representative point + legal dong admin type heuristic
4615010800,전라남도 순천시 석현동,전라남도,46150,순천시,석현동,127.4556983,34.9848191,urban_dong,urban_interface,dense_road,low,elevated,high,data/raw/SOURCE_ADMIN_BOUNDARIES/snapshots/full/LP_AA_EMD_gwangju_jeonnam.csv,active_legal_code_boundary_geometry_match,2026-05-01T00:29:44+09:00,boundary representative point + legal dong admin type heuristic
4615010900,전라남도 순천시 가곡동,전라남도,46150,순천시,가곡동,127.4790523,34.9845751,urban_dong,urban_interface,dense_road,low,elevated,high,data/raw/SOURCE_ADMIN_BOUNDARIES/snapshots/full/LP_AA_EMD_gwangju_jeonnam.csv,active_legal_code_boundary_geometry_match,2026-05-01T00:29:44+09:00,boundary representative point + legal dong admin type heuristic
4615011000,전라남도 순천시 용당동,전라남도,46150,순천시,용당동,127.497744,34.9708286,urban_dong,urban_interface,dense_road,low,elevated,high,data/raw/SOURCE_ADMIN_BOUNDARIES/snapshots/full/LP_AA_EMD_gwangju_jeonnam.csv,active_legal_code_boundary_geometry_match,2026-05-01T00:29:44+09:00,boundary representative point + legal dong admin type heuristic
4615011100,전라남도 순천시 조곡동,전라남도,46150,순천시,조곡동,127.4973116,34.9553697,urban_dong,urban_interface,dense_road,low,elevated,high,data/raw/SOURCE_ADMIN_BOUNDARIES/snapshots/full/LP_AA_EMD_gwangju_jeonnam.csv,active_legal_code_boundary_geometry_match,2026-05-01T00:29:44+09:00,boundary representative point + legal dong admin type heuristic
4615011200,전라남도 순천시 생목동,전라남도,46150,순천시,생목동,127.5082211,34.954021,urban_dong,urban_interface,dense_road,low,elevated,high,data/raw/SOURCE_ADMIN_BOUNDARIES/snapshots/full/LP_AA_EMD_gwangju_jeonnam.csv,active_legal_code_boundary_geometry_match,2026-05-01T00:29:44+09:00,boundary representative point + legal dong admin type heuristic
4615011300,전라남도 순천시 덕암동,전라남도,46150,순천시,덕암동,127.5066766,34.9458677,urban_dong,urban_interface,dense_road,low,elevated,high,data/raw/SOURCE_ADMIN_BOUNDARIES/snapshots/full/LP_AA_EMD_gwangju_jeonnam.csv,active_legal_code_boundary_geometry_match,2026-05-01T00:29:44+09:00,boundary representative point + legal dong admin type heuristic
4615011400,전라남도 순천시 연향동,전라남도,46150,순천시,연향동,127.5210457,34.9396262,urban_dong,urban_interface,dense_road,low,elevated,high,data/raw/SOURCE_ADMIN_BOUNDARIES/snapshots/full/LP_AA_EMD_gwangju_jeonnam.csv,active_legal_code_boundary_geometry_match,2026-05-01T00:29:44+09:00,boundary representative point + legal dong admin type heuristic
4615011500,전라남도 순천시 풍덕동,전라남도,46150,순천시,풍덕동,127.5045278,34.9352895,urban_dong,urban_interface,dense_road,low,elevated,high,data/raw/SOURCE_ADMIN_BOUNDARIES/snapshots/full/LP_AA_EMD_gwangju_jeonnam.csv,active_legal_code_boundary_geometry_match,2026-05-01T00:29:44+09:00,boundary representative point + legal dong admin type heuristic
4615011600,전라남도 순천시 남정동,전라남도,46150,순천시,남정동,127.4840442,34.939673,urban_dong,urban_interface,dense_road,low,elevated,high,data/raw/SOURCE_ADMIN_BOUNDARIES/snapshots/full/LP_AA_EMD_gwangju_jeonnam.csv,active_legal_code_boundary_geometry_match,2026-05-01T00:29:44+09:00,boundary representative point + legal dong admin type heuristic
4615011700,전라남도 순천시 인제동,전라남도,46150,순천시,인제동,127.4759057,34.942152,urban_dong,urban_interface,dense_road,low,elevated,high,data/raw/SOURCE_ADMIN_BOUNDARIES/snapshots/full/LP_AA_EMD_gwangju_jeonnam.csv,active_legal_code_boundary_geometry_match,2026-05-01T00:29:44+09:00,boundary representative point + legal dong admin type heuristic
4615011800,전라남도 순천시 저전동,전라남도,46150,순천시,저전동,127.4772604,34.9479126,urban_dong,urban_interface,dense_road,low,elevated,high,data/raw/SOURCE_ADMIN_BOUNDARIES/snapshots/full/LP_AA_EMD_gwangju_jeonnam.csv,active_legal_code_boundary_geometry_match,2026-05-01T00:29:44+09:00,boundary representative point + legal dong admin type heuristic
4615011900,전라남도 순천시 장천동,전라남도,46150,순천시,장천동,127.4895357,34.9493682,urban_dong,urban_interface,dense_road,low,elevated,high,data/raw/SOURCE_ADMIN_BOUNDARIES/snapshots/full/LP_AA_EMD_gwangju_jeonnam.csv,active_legal_code_boundary_geometry_match,2026-05-01T00:29:44+09:00,boundary representative point + legal dong admin type heuristic
4615012000,전라남도 순천시 남내동,전라남도,46150,순천시,남내동,127.4852083,34.9540155,urban_dong,urban_interface,dense_road,low,elevated,high,data/raw/SOURCE_ADMIN_BOUNDARIES/snapshots/full/LP_AA_EMD_gwangju_jeonnam.csv,active_legal_code_boundary_geometry_match,2026-05-01T00:29:44+09:00,boundary representative point + legal dong admin type heuristic
4615012100,전라남도 순천시 중앙동,전라남도,46150,순천시,중앙동,127.4849066,34.9559973,urban_dong,urban_interface,dense_road,low,elevated,high,data/raw/SOURCE_ADMIN_BOUNDARIES/snapshots/full/LP_AA_EMD_gwangju_jeonnam.csv,active_legal_code_boundary_geometry_match,2026-05-01T00:29:44+09:00,boundary representative point + legal dong admin type heuristic
4615012200,전라남도 순천시 동외동,전라남도,46150,순천시,동외동,127.4876657,34.9570321,urban_dong,urban_interface,dense_road,low,elevated,high,data/raw/SOURCE_ADMIN_BOUNDARIES/snapshots/full/LP_AA_EMD_gwangju_jeonnam.csv,active_legal_code_boundary_geometry_match,2026-05-01T00:29:44+09:00,boundary representative point + legal dong admin type heuristic
4615012300,전라남도 순천시 교량동,전라남도,46150,순천시,교량동,127.512768,34.9036237,urban_dong,urban_interface,dense_road,low,elevated,high,data/raw/SOURCE_ADMIN_BOUNDARIES/snapshots/full/LP_AA_EMD_gwangju_jeonnam.csv,active_legal_code_boundary_geometry_match,2026-05-01T00:29:44+09:00,boundary representative point + legal dong admin type heuristic
4615012400,전라남도 순천시 대룡동,전라남도,46150,순천시,대룡동,127.4906002,34.905966,urban_dong,urban_interface,dense_road,low,elevated,high,data/raw/SOURCE_ADMIN_BOUNDARIES/snapshots/full/LP_AA_EMD_gwangju_jeonnam.csv,active_legal_code_boundary_geometry_match,2026-05-01T00:29:44+09:00,boundary representative point + legal dong admin type heuristic
4615012500,전라남도 순천시 홍내동,전라남도,46150,순천시,홍내동,127.5092787,34.9157246,urban_dong,urban_interface,dense_road,low,elevated,high,data/raw/SOURCE_ADMIN_BOUNDARIES/snapshots/full/LP_AA_EMD_gwangju_jeonnam.csv,active_legal_code_boundary_geometry_match,2026-05-01T00:29:44+09:00,boundary representative point + legal dong admin type heuristic
4615012600,전라남도 순천시 오천동,전라남도,46150,순천시,오천동,127.4972896,34.9279596,urban_dong,urban_interface,dense_road,low,elevated,high,data/raw/SOURCE_ADMIN_BOUNDARIES/snapshots/full/LP_AA_EMD_gwangju_jeonnam.csv,active_legal_code_boundary_geometry_match,2026-05-01T00:29:44+09:00,boundary representative point + legal dong admin type heuristic
4615012700,전라남도 순천시 덕월동,전라남도,46150,순천시,덕월동,127.4792747,34.9275112,urban_dong,urban_interface,dense_road,low,elevated,high,data/raw/SOURCE_ADMIN_BOUNDARIES/snapshots/full/LP_AA_EMD_gwangju_jeonnam.csv,active_legal_code_boundary_geometry_match,2026-05-01T00:29:44+09:00,boundary representative point + legal dong admin type heuristic
4615012800,전라남도 순천시 야흥동,전라남도,46150,순천시,야흥동,127.480815,34.9130854,urban_dong,urban_interface,dense_road,low,elevated,high,data/raw/SOURCE_ADMIN_BOUNDARIES/snapshots/full/LP_AA_EMD_gwangju_jeonnam.csv,active_legal_code_boundary_geometry_match,2026-05-01T00:29:44+09:00,boundary representative point + legal dong admin type heuristic
4615012900,전라남도 순천시 인월동,전라남도,46150,순천시,인월동,127.4813906,34.8915135,urban_dong,urban_interface,dense_road,low,elevated,high,data/raw/SOURCE_ADMIN_BOUNDARIES/snapshots/full/LP_AA_EMD_gwangju_jeonnam.csv,active_legal_code_boundary_geometry_match,2026-05-01T00:29:44+09:00,boundary representative point + legal dong admin type heuristic
4615013000,전라남도 순천시 안풍동,전라남도,46150,순천시,안풍동,127.4946342,34.8876801,urban_dong,urban_interface,dense_road,low,elevated,high,data/raw/SOURCE_ADMIN_BOUNDARIES/snapshots/full/LP_AA_EMD_gwangju_jeonnam.csv,active_legal_code_boundary_geometry_match,2026-05-01T00:29:44+09:00,boundary representative point + legal dong admin type heuristic
4615013100,전라남도 순천시 대대동,전라남도,46150,순천시,대대동,127.5100379,34.8908035,urban_dong,urban_interface,dense_road,low,elevated,high,data/raw/SOURCE_ADMIN_BOUNDARIES/snapshots/full/LP_AA_EMD_gwangju_jeonnam.csv,active_legal_code_boundary_geometry_match,2026-05-01T00:29:44+09:00,boundary representative point + legal dong admin type heuristic
4615013200,전라남도 순천시 왕지동,전라남도,46150,순천시,왕지동,127.538084,34.9750639,urban_dong,urban_interface,dense_road,low,elevated,high,data/raw/SOURCE_ADMIN_BOUNDARIES/snapshots/full/LP_AA_EMD_gwangju_jeonnam.csv,active_legal_code_boundary_geometry_match,2026-05-01T00:29:44+09:00,boundary representative point + legal dong admin type heuristic
4615013300,전라남도 순천시 조례동,전라남도,46150,순천시,조례동,127.5235279,34.9618411,urban_dong,urban_interface,dense_road,low,elevated,high,data/raw/SOURCE_ADMIN_BOUNDARIES/snapshots/full/LP_AA_EMD_gwangju_jeonnam.csv,active_legal_code_boundary_geometry_match,2026-05-01T00:29:44+09:00,boundary representative point + legal dong admin type heuristic
4615025000,전라남도 순천시 승주읍,전라남도,46150,순천시,승주읍,127.3691838,35.0190606,town_eup,mixed_hillside,standard_road,medium,seasonal,medium,data/raw/SOURCE_ADMIN_BOUNDARIES/snapshots/full/LP_AA_EMD_gwangju_jeonnam.csv,active_legal_code_boundary_geometry_match,2026-05-01T00:29:44+09:00,boundary representative point + legal dong admin type heuristic
4615031000,전라남도 순천시 해룡면,전라남도,46150,순천시,해룡면,127.5480827,34.9032408,rural_myeon,forest_dominant,mountain_access,high,elevated,low,data/raw/SOURCE_ADMIN_BOUNDARIES/snapshots/full/LP_AA_EMD_gwangju_jeonnam.csv,active_legal_code_boundary_geometry_match,2026-05-01T00:29:44+09:00,boundary representative point + legal dong admin type heuristic
4615032000,전라남도 순천시 서면,전라남도,46150,순천시,서면,127.4858223,35.0292195,rural_myeon,forest_dominant,mountain_access,high,elevated,low,data/raw/SOURCE_ADMIN_BOUNDARIES/snapshots/full/LP_AA_EMD_gwangju_jeonnam.csv,active_legal_code_boundary_geometry_match,2026-05-01T00:29:44+09:00,boundary representative point + legal dong admin type heuristic
4615033000,전라남도 순천시 황전면,전라남도,46150,순천시,황전면,127.4637943,35.1200801,rural_myeon,forest_dominant,mountain_access,high,elevated,low,data/raw/SOURCE_ADMIN_BOUNDARIES/snapshots/full/LP_AA_EMD_gwangju_jeonnam.csv,active_legal_code_boundary_geometry_match,2026-05-01T00:29:44+09:00,boundary representative point + legal dong admin type heuristic
4615034000,전라남도 순천시 월등면,전라남도,46150,순천시,월등면,127.3772344,35.0921794,rural_myeon,forest_dominant,mountain_access,high,elevated,low,data/raw/SOURCE_ADMIN_BOUNDARIES/snapshots/full/LP_AA_EMD_gwangju_jeonnam.csv,active_legal_code_boundary_geometry_match,2026-05-01T00:29:44+09:00,boundary representative point + legal dong admin type heuristic
4615035000,전라남도 순천시 주암면,전라남도,46150,순천시,주암면,127.2532776,35.0696022,rural_myeon,forest_dominant,mountain_access,high,elevated,low,data/raw/SOURCE_ADMIN_BOUNDARIES/snapshots/full/LP_AA_EMD_gwangju_jeonnam.csv,active_legal_code_boundary_geometry_match,2026-05-01T00:29:44+09:00,boundary representative point + legal dong admin type heuristic
4615036000,전라남도 순천시 송광면,전라남도,46150,순천시,송광면,127.2664338,34.9835631,rural_myeon,forest_dominant,mountain_access,high,elevated,low,data/raw/SOURCE_ADMIN_BOUNDARIES/snapshots/full/LP_AA_EMD_gwangju_jeonnam.csv,active_legal_code_boundary_geometry_match,2026-05-01T00:29:44+09:00,boundary representative point + legal dong admin type heuristic
4615037000,전라남도 순천시 외서면,전라남도,46150,순천시,외서면,127.2709966,34.9187959,rural_myeon,forest_dominant,mountain_access,high,elevated,low,data/raw/SOURCE_ADMIN_BOUNDARIES/snapshots/full/LP_AA_EMD_gwangju_jeonnam.csv,active_legal_code_boundary_geometry_match,2026-05-01T00:29:44+09:00,boundary representative point + legal dong admin type heuristic
4615038000,전라남도 순천시 낙안면,전라남도,46150,순천시,낙안면,127.355226,34.9243619,rural_myeon,forest_dominant,mountain_access,high,elevated,low,data/raw/SOURCE_ADMIN_BOUNDARIES/snapshots/full/LP_AA_EMD_gwangju_jeonnam.csv,active_legal_code_boundary_geometry_match,2026-05-01T00:29:44+09:00,boundary representative point + legal dong admin type heuristic
4615039000,전라남도 순천시 별량면,전라남도,46150,순천시,별량면,127.4293089,34.8691973,rural_myeon,forest_dominant,mountain_access,high,elevated,low,data/raw/SOURCE_ADMIN_BOUNDARIES/snapshots/full/LP_AA_EMD_gwangju_jeonnam.csv,active_legal_code_boundary_geometry_match,2026-05-01T00:29:44+09:00,boundary representative point + legal dong admin type heuristic
4615040000,전라남도 순천시 상사면,전라남도,46150,순천시,상사면,127.4112014,34.9423062,rural_myeon,forest_dominant,mountain_access,high,elevated,low,data/raw/SOURCE_ADMIN_BOUNDARIES/snapshots/full/LP_AA_EMD_gwangju_jeonnam.csv,active_legal_code_boundary_geometry_match,2026-05-01T00:29:44+09:00,boundary representative point + legal dong admin type heuristic
4617010100,전라남도 나주시 토계동,전라남도,46170,나주시,토계동,126.7310304,35.0142319,urban_dong,urban_interface,dense_road,low,seasonal,high,data/raw/SOURCE_ADMIN_BOUNDARIES/snapshots/full/LP_AA_EMD_gwangju_jeonnam.csv,active_legal_code_boundary_geometry_match,2026-05-01T00:29:44+09:00,boundary representative point + legal dong admin type heuristic
4617010200,전라남도 나주시 송월동,전라남도,46170,나주시,송월동,126.7155106,35.0178949,urban_dong,urban_interface,dense_road,low,seasonal,high,data/raw/SOURCE_ADMIN_BOUNDARIES/snapshots/full/LP_AA_EMD_gwangju_jeonnam.csv,active_legal_code_boundary_geometry_match,2026-05-01T00:29:44+09:00,boundary representative point + legal dong admin type heuristic
4617010300,전라남도 나주시 안창동,전라남도,46170,나주시,안창동,126.6836166,35.0100118,urban_dong,urban_interface,dense_road,low,seasonal,high,data/raw/SOURCE_ADMIN_BOUNDARIES/snapshots/full/LP_AA_EMD_gwangju_jeonnam.csv,active_legal_code_boundary_geometry_match,2026-05-01T00:29:44+09:00,boundary representative point + legal dong admin type heuristic
4617010400,전라남도 나주시 삼영동,전라남도,46170,나주시,삼영동,126.7037821,35.0066766,urban_dong,urban_interface,dense_road,low,seasonal,high,data/raw/SOURCE_ADMIN_BOUNDARIES/snapshots/full/LP_AA_EMD_gwangju_jeonnam.csv,active_legal_code_boundary_geometry_match,2026-05-01T00:29:44+09:00,boundary representative point + legal dong admin type heuristic
4617010500,전라남도 나주시 교동,전라남도,46170,나주시,교동,126.7116164,35.0321162,urban_dong,urban_interface,dense_road,low,seasonal,high,data/raw/SOURCE_ADMIN_BOUNDARIES/snapshots/full/LP_AA_EMD_gwangju_jeonnam.csv,active_legal_code_boundary_geometry_match,2026-05-01T00:29:44+09:00,boundary representative point + legal dong admin type heuristic
4617010600,전라남도 나주시 서내동,전라남도,46170,나주시,서내동,126.7142039,35.0331104,urban_dong,urban_interface,dense_road,low,seasonal,high,data/raw/SOURCE_ADMIN_BOUNDARIES/snapshots/full/LP_AA_EMD_gwangju_jeonnam.csv,active_legal_code_boundary_geometry_match,2026-05-01T00:29:44+09:00,boundary representative point + legal dong admin type heuristic
4617010700,전라남도 나주시 산정동,전라남도,46170,나주시,산정동,126.7143432,35.0360886,urban_dong,urban_interface,dense_road,low,seasonal,high,data/raw/SOURCE_ADMIN_BOUNDARIES/snapshots/full/LP_AA_EMD_gwangju_jeonnam.csv,active_legal_code_boundary_geometry_match,2026-05-01T00:29:44+09:00,boundary representative point + legal dong admin type heuristic
4617010800,전라남도 나주시 경현동,전라남도,46170,나주시,경현동,126.6991968,35.0395611,urban_dong,urban_interface,dense_road,low,seasonal,high,data/raw/SOURCE_ADMIN_BOUNDARIES/snapshots/full/LP_AA_EMD_gwangju_jeonnam.csv,active_legal_code_boundary_geometry_match,2026-05-01T00:29:44+09:00,boundary representative point + legal dong admin type heuristic
4617010900,전라남도 나주시 보산동,전라남도,46170,나주시,보산동,126.6871335,35.0316926,urban_dong,urban_interface,dense_road,low,seasonal,high,data/raw/SOURCE_ADMIN_BOUNDARIES/snapshots/full/LP_AA_EMD_gwangju_jeonnam.csv,active_legal_code_boundary_geometry_match,2026-05-01T00:29:44+09:00,boundary representative point + legal dong admin type heuristic
4617011000,전라남도 나주시 금계동,전라남도,46170,나주시,금계동,126.7143729,35.030603,urban_dong,urban_interface,dense_road,low,seasonal,high,data/raw/SOURCE_ADMIN_BOUNDARIES/snapshots/full/LP_AA_EMD_gwangju_jeonnam.csv,active_legal_code_boundary_geometry_match,2026-05-01T00:29:44+09:00,boundary representative point + legal dong admin type heuristic
4617011100,전라남도 나주시 금성동,전라남도,46170,나주시,금성동,126.7170227,35.0292864,urban_dong,urban_interface,dense_road,low,seasonal,high,data/raw/SOURCE_ADMIN_BOUNDARIES/snapshots/full/LP_AA_EMD_gwangju_jeonnam.csv,active_legal_code_boundary_geometry_match,2026-05-01T00:29:44+09:00,boundary representative point + legal dong admin type heuristic
4617011200,전라남도 나주시 남내동,전라남도,46170,나주시,남내동,126.7204097,35.0314237,urban_dong,urban_interface,dense_road,low,seasonal,high,data/raw/SOURCE_ADMIN_BOUNDARIES/snapshots/full/LP_AA_EMD_gwangju_jeonnam.csv,active_legal_code_boundary_geometry_match,2026-05-01T00:29:44+09:00,boundary representative point + legal dong admin type heuristic
4617011300,전라남도 나주시 과원동,전라남도,46170,나주시,과원동,126.7161926,35.0345147,urban_dong,urban_interface,dense_road,low,seasonal,high,data/raw/SOURCE_ADMIN_BOUNDARIES/snapshots/full/LP_AA_EMD_gwangju_jeonnam.csv,active_legal_code_boundary_geometry_match,2026-05-01T00:29:44+09:00,boundary representative point + legal dong admin type heuristic
4617011400,전라남도 나주시 성북동,전라남도,46170,나주시,성북동,126.7200312,35.0361699,urban_dong,urban_interface,dense_road,low,seasonal,high,data/raw/SOURCE_ADMIN_BOUNDARIES/snapshots/full/LP_AA_EMD_gwangju_jeonnam.csv,active_legal_code_boundary_geometry_match,2026-05-01T00:29:44+09:00,boundary representative point + legal dong admin type heuristic
4617011500,전라남도 나주시 중앙동,전라남도,46170,나주시,중앙동,126.7200131,35.0327299,urban_dong,urban_interface,dense_road,low,seasonal,high,data/raw/SOURCE_ADMIN_BOUNDARIES/snapshots/full/LP_AA_EMD_gwangju_jeonnam.csv,active_legal_code_boundary_geometry_match,2026-05-01T00:29:44+09:00,boundary representative point + legal dong admin type heuristic
4617011600,전라남도 나주시 대호동,전라남도,46170,나주시,대호동,126.7173328,35.0496506,urban_dong,urban_interface,dense_road,low,seasonal,high,data/raw/SOURCE_ADMIN_BOUNDARIES/snapshots/full/LP_AA_EMD_gwangju_jeonnam.csv,active_legal_code_boundary_geometry_match,2026-05-01T00:29:44+09:00,boundary representative point + legal dong admin type heuristic
4617011700,전라남도 나주시 송촌동,전라남도,46170,나주시,송촌동,126.7267617,35.0602942,urban_dong,urban_interface,dense_road,low,seasonal,high,data/raw/SOURCE_ADMIN_BOUNDARIES/snapshots/full/LP_AA_EMD_gwangju_jeonnam.csv,active_legal_code_boundary_geometry_match,2026-05-01T00:29:44+09:00,boundary representative point + legal dong admin type heuristic
4617011800,전라남도 나주시 석현동,전라남도,46170,나주시,석현동,126.7378941,35.052126,urban_dong,urban_interface,dense_road,low,seasonal,high,data/raw/SOURCE_ADMIN_BOUNDARIES/snapshots/full/LP_AA_EMD_gwangju_jeonnam.csv,active_legal_code_boundary_geometry_match,2026-05-01T00:29:44+09:00,boundary representative point + legal dong admin type heuristic
4617011900,전라남도 나주시 청동,전라남도,46170,나주시,청동,126.7302746,35.0464744,urban_dong,urban_interface,dense_road,low,seasonal,high,data/raw/SOURCE_ADMIN_BOUNDARIES/snapshots/full/LP_AA_EMD_gwangju_jeonnam.csv,active_legal_code_boundary_geometry_match,2026-05-01T00:29:44+09:00,boundary representative point + legal dong admin type heuristic
4617012000,전라남도 나주시 남외동,전라남도,46170,나주시,남외동,126.7220556,35.0262036,urban_dong,urban_interface,dense_road,low,seasonal,high,data/raw/SOURCE_ADMIN_BOUNDARIES/snapshots/full/LP_AA_EMD_gwangju_jeonnam.csv,active_legal_code_boundary_geometry_match,2026-05-01T00:29:44+09:00,boundary representative point + legal dong admin type heuristic
4617012100,전라남도 나주시 죽림동,전라남도,46170,나주시,죽림동,126.7244215,35.0305814,urban_dong,urban_interface,dense_road,low,seasonal,high,data/raw/SOURCE_ADMIN_BOUNDARIES/snapshots/full/LP_AA_EMD_gwangju_jeonnam.csv,active_legal_code_boundary_geometry_match,2026-05-01T00:29:44+09:00,boundary representative point + legal dong admin type heuristic
4617012200,전라남도 나주시 삼도동,전라남도,46170,나주시,삼도동,126.7317942,35.0307206,urban_dong,urban_interface,dense_road,low,seasonal,high,data/raw/SOURCE_ADMIN_BOUNDARIES/snapshots/full/LP_AA_EMD_gwangju_jeonnam.csv,active_legal_code_boundary_geometry_match,2026-05-01T00:29:44+09:00,boundary representative point + legal dong admin type heuristic
4617012300,전라남도 나주시 영산동,전라남도,46170,나주시,영산동,126.7301624,35.0045867,urban_dong,urban_interface,dense_road,low,seasonal,high,data/raw/SOURCE_ADMIN_BOUNDARIES/snapshots/full/LP_AA_EMD_gwangju_jeonnam.csv,active_legal_code_boundary_geometry_match,2026-05-01T00:29:44+09:00,boundary representative point + legal dong admin type heuristic
4617012400,전라남도 나주시 용산동,전라남도,46170,나주시,용산동,126.7215775,34.9917056,urban_dong,urban_interface,dense_road,low,seasonal,high,data/raw/SOURCE_ADMIN_BOUNDARIES/snapshots/full/LP_AA_EMD_gwangju_jeonnam.csv,active_legal_code_boundary_geometry_match,2026-05-01T00:29:44+09:00,boundary representative point + legal dong admin type heuristic
4617012500,전라남도 나주시 관정동,전라남도,46170,나주시,관정동,126.7420927,34.9925559,urban_dong,urban_interface,dense_road,low,seasonal,high,data/raw/SOURCE_ADMIN_BOUNDARIES/snapshots/full/LP_AA_EMD_gwangju_jeonnam.csv,active_legal_code_boundary_geometry_match,2026-05-01T00:29:44+09:00,boundary representative point + legal dong admin type heuristic
4617012600,전라남도 나주시 평산동,전라남도,46170,나주시,평산동,126.7529758,34.9860216,urban_dong,urban_interface,dense_road,low,seasonal,high,data/raw/SOURCE_ADMIN_BOUNDARIES/snapshots/full/LP_AA_EMD_gwangju_jeonnam.csv,active_legal_code_boundary_geometry_match,2026-05-01T00:29:44+09:00,boundary representative point + legal dong admin type heuristic
4617012700,전라남도 나주시 부덕동,전라남도,46170,나주시,부덕동,126.7318833,34.9819633,urban_dong,urban_interface,dense_road,low,seasonal,high,data/raw/SOURCE_ADMIN_BOUNDARIES/snapshots/full/LP_AA_EMD_gwangju_jeonnam.csv,active_legal_code_boundary_geometry_match,2026-05-01T00:29:44+09:00,boundary representative point + legal dong admin type heuristic
4617012800,전라남도 나주시 이창동,전라남도,46170,나주시,이창동,126.7111839,34.9905143,urban_dong,urban_interface,dense_road,low,seasonal,high,data/raw/SOURCE_ADMIN_BOUNDARIES/snapshots/full/LP_AA_EMD_gwangju_jeonnam.csv,active_legal_code_boundary_geometry_match,2026-05-01T00:29:44+09:00,boundary representative point + legal dong admin type heuristic
4617012900,전라남도 나주시 대기동,전라남도,46170,나주시,대기동,126.7195255,34.9786289,urban_dong,urban_interface,dense_road,low,seasonal,high,data/raw/SOURCE_ADMIN_BOUNDARIES/snapshots/full/LP_AA_EMD_gwangju_jeonnam.csv,active_legal_code_boundary_geometry_match,2026-05-01T00:29:44+09:00,boundary representative point + legal dong admin type heuristic
4617013000,전라남도 나주시 운곡동,전라남도,46170,나주시,운곡동,126.692215,34.9902701,urban_dong,urban_interface,dense_road,low,seasonal,high,data/raw/SOURCE_ADMIN_BOUNDARIES/snapshots/full/LP_AA_EMD_gwangju_jeonnam.csv,active_legal_code_boundary_geometry_match,2026-05-01T00:29:44+09:00,boundary representative point + legal dong admin type heuristic
4617013100,전라남도 나주시 동수동,전라남도,46170,나주시,동수동,126.6860186,34.9796759,urban_dong,urban_interface,dense_road,low,seasonal,high,data/raw/SOURCE_ADMIN_BOUNDARIES/snapshots/full/LP_AA_EMD_gwangju_jeonnam.csv,active_legal_code_boundary_geometry_match,2026-05-01T00:29:44+09:00,boundary representative point + legal dong admin type heuristic
4617013200,전라남도 나주시 오량동,전라남도,46170,나주시,오량동,126.6658497,34.9821172,urban_dong,urban_interface,dense_road,low,seasonal,high,data/raw/SOURCE_ADMIN_BOUNDARIES/snapshots/full/LP_AA_EMD_gwangju_jeonnam.csv,active_legal_code_boundary_geometry_match,2026-05-01T00:29:44+09:00,boundary representative point + legal dong admin type heuristic
4617013300,전라남도 나주시 진포동,전라남도,46170,나주시,진포동,126.6733949,34.994543,urban_dong,urban_interface,dense_road,low,seasonal,high,data/raw/SOURCE_ADMIN_BOUNDARIES/snapshots/full/LP_AA_EMD_gwangju_jeonnam.csv,active_legal_code_boundary_geometry_match,2026-05-01T00:29:44+09:00,boundary representative point + legal dong admin type heuristic
4617013400,전라남도 나주시 빛가람동,전라남도,46170,나주시,빛가람동,126.7891164,35.0184372,urban_dong,urban_interface,dense_road,low,seasonal,high,"VWorld search API, query='전라남도 나주시 빛가람동', type=place, category=읍면동구역경계 > 법정동",active_legal_code_vworld_point_fallback,2026-05-01T00:29:44+09:00,boundary representative point + legal dong admin type heuristic
4617025000,전라남도 나주시 남평읍,전라남도,46170,나주시,남평읍,126.8530315,35.0167586,town_eup,mixed_rural,standard_road,medium,seasonal,medium,data/raw/SOURCE_ADMIN_BOUNDARIES/snapshots/full/LP_AA_EMD_gwangju_jeonnam.csv,active_legal_code_boundary_geometry_match,2026-05-01T00:29:44+09:00,boundary representative point + legal dong admin type heuristic
4617031000,전라남도 나주시 세지면,전라남도,46170,나주시,세지면,126.7275588,34.931428,rural_myeon,mixed_rural,limited_road,medium,seasonal,low,data/raw/SOURCE_ADMIN_BOUNDARIES/snapshots/full/LP_AA_EMD_gwangju_jeonnam.csv,active_legal_code_boundary_geometry_match,2026-05-01T00:29:44+09:00,boundary representative point + legal dong admin type heuristic
4617032000,전라남도 나주시 왕곡면,전라남도,46170,나주시,왕곡면,126.6597748,34.9612838,rural_myeon,mixed_rural,limited_road,medium,seasonal,low,data/raw/SOURCE_ADMIN_BOUNDARIES/snapshots/full/LP_AA_EMD_gwangju_jeonnam.csv,active_legal_code_boundary_geometry_match,2026-05-01T00:29:44+09:00,boundary representative point + legal dong admin type heuristic
4617033000,전라남도 나주시 반남면,전라남도,46170,나주시,반남면,126.6536105,34.9169298,rural_myeon,mixed_rural,limited_road,medium,seasonal,low,data/raw/SOURCE_ADMIN_BOUNDARIES/snapshots/full/LP_AA_EMD_gwangju_jeonnam.csv,active_legal_code_boundary_geometry_match,2026-05-01T00:29:44+09:00,boundary representative point + legal dong admin type heuristic
4617034000,전라남도 나주시 공산면,전라남도,46170,나주시,공산면,126.5974484,34.9525373,rural_myeon,mixed_rural,limited_road,medium,seasonal,low,data/raw/SOURCE_ADMIN_BOUNDARIES/snapshots/full/LP_AA_EMD_gwangju_jeonnam.csv,active_legal_code_boundary_geometry_match,2026-05-01T00:29:44+09:00,boundary representative point + legal dong admin type heuristic
4617035000,전라남도 나주시 동강면,전라남도,46170,나주시,동강면,126.5628655,34.9261132,rural_myeon,mixed_rural,limited_road,medium,seasonal,low,data/raw/SOURCE_ADMIN_BOUNDARIES/snapshots/full/LP_AA_EMD_gwangju_jeonnam.csv,active_legal_code_boundary_geometry_match,2026-05-01T00:29:44+09:00,boundary representative point + legal dong admin type heuristic
4617036000,전라남도 나주시 다시면,전라남도,46170,나주시,다시면,126.6547086,35.016728,rural_myeon,mixed_rural,limited_road,medium,seasonal,low,data/raw/SOURCE_ADMIN_BOUNDARIES/snapshots/full/LP_AA_EMD_gwangju_jeonnam.csv,active_legal_code_boundary_geometry_match,2026-05-01T00:29:44+09:00,boundary representative point + legal dong admin type heuristic
4617037000,전라남도 나주시 문평면,전라남도,46170,나주시,문평면,126.6153912,35.0657684,rural_myeon,mixed_rural,limited_road,medium,seasonal,low,data/raw/SOURCE_ADMIN_BOUNDARIES/snapshots/full/LP_AA_EMD_gwangju_jeonnam.csv,active_legal_code_boundary_geometry_match,2026-05-01T00:29:44+09:00,boundary representative point + legal dong admin type heuristic
4617038000,전라남도 나주시 노안면,전라남도,46170,나주시,노안면,126.7200652,35.0805539,rural_myeon,mixed_rural,limited_road,medium,seasonal,low,data/raw/SOURCE_ADMIN_BOUNDARIES/snapshots/full/LP_AA_EMD_gwangju_jeonnam.csv,active_legal_code_boundary_geometry_match,2026-05-01T00:29:44+09:00,boundary representative point + legal dong admin type heuristic
4617039000,전라남도 나주시 금천면,전라남도,46170,나주시,금천면,126.7661008,35.0210091,rural_myeon,mixed_rural,limited_road,medium,seasonal,low,data/raw/SOURCE_ADMIN_BOUNDARIES/snapshots/full/LP_AA_EMD_gwangju_jeonnam.csv,active_legal_code_boundary_geometry_match,2026-05-01T00:29:44+09:00,boundary representative point + legal dong admin type heuristic
4617040000,전라남도 나주시 산포면,전라남도,46170,나주시,산포면,126.8105398,35.0268467,rural_myeon,mixed_rural,limited_road,medium,seasonal,low,data/raw/SOURCE_ADMIN_BOUNDARIES/snapshots/full/LP_AA_EMD_gwangju_jeonnam.csv,active_legal_code_boundary_geometry_match,2026-05-01T00:29:44+09:00,boundary representative point + legal dong admin type heuristic
4617042000,전라남도 나주시 다도면,전라남도,46170,나주시,다도면,126.8402217,34.9399436,rural_myeon,mixed_rural,limited_road,medium,seasonal,low,data/raw/SOURCE_ADMIN_BOUNDARIES/snapshots/full/LP_AA_EMD_gwangju_jeonnam.csv,active_legal_code_boundary_geometry_match,2026-05-01T00:29:44+09:00,boundary representative point + legal dong admin type heuristic
4617043000,전라남도 나주시 봉황면,전라남도,46170,나주시,봉황면,126.7786531,34.9342011,rural_myeon,mixed_rural,limited_road,medium,seasonal,low,data/raw/SOURCE_ADMIN_BOUNDARIES/snapshots/full/LP_AA_EMD_gwangju_jeonnam.csv,active_legal_code_boundary_geometry_match,2026-05-01T00:29:44+09:00,boundary representative point + legal dong admin type heuristic
4623010100,전라남도 광양시 황금동,전라남도,46230,광양시,황금동,127.6359538,34.8961396,urban_dong,urban_interface,dense_road,low,elevated,high,data/raw/SOURCE_ADMIN_BOUNDARIES/snapshots/full/LP_AA_EMD_gwangju_jeonnam.csv,active_legal_code_boundary_geometry_match,2026-05-01T00:29:44+09:00,boundary representative point + legal dong admin type heuristic
4623010200,전라남도 광양시 황길동,전라남도,46230,광양시,황길동,127.6580742,34.9101425,urban_dong,urban_interface,dense_road,low,elevated,high,data/raw/SOURCE_ADMIN_BOUNDARIES/snapshots/full/LP_AA_EMD_gwangju_jeonnam.csv,active_legal_code_boundary_geometry_match,2026-05-01T00:29:44+09:00,boundary representative point + legal dong admin type heuristic
4623010300,전라남도 광양시 도이동,전라남도,46230,광양시,도이동,127.6789545,34.9210777,urban_dong,urban_interface,dense_road,low,elevated,high,data/raw/SOURCE_ADMIN_BOUNDARIES/snapshots/full/LP_AA_EMD_gwangju_jeonnam.csv,active_legal_code_boundary_geometry_match,2026-05-01T00:29:44+09:00,boundary representative point + legal dong admin type heuristic
4623010400,전라남도 광양시 성황동,전라남도,46230,광양시,성황동,127.675459,34.9505455,urban_dong,urban_interface,dense_road,low,elevated,high,data/raw/SOURCE_ADMIN_BOUNDARIES/snapshots/full/LP_AA_EMD_gwangju_jeonnam.csv,active_legal_code_boundary_geometry_match,2026-05-01T00:29:44+09:00,boundary representative point + legal dong admin type heuristic
4623010500,전라남도 광양시 중군동,전라남도,46230,광양시,중군동,127.6656037,34.9632244,urban_dong,urban_interface,dense_road,low,elevated,high,data/raw/SOURCE_ADMIN_BOUNDARIES/snapshots/full/LP_AA_EMD_gwangju_jeonnam.csv,active_legal_code_boundary_geometry_match,2026-05-01T00:29:44+09:00,boundary representative point + legal dong admin type heuristic
4623010600,전라남도 광양시 중동,전라남도,46230,광양시,중동,127.6954419,34.9313307,urban_dong,urban_interface,dense_road,low,elevated,high,data/raw/SOURCE_ADMIN_BOUNDARIES/snapshots/full/LP_AA_EMD_gwangju_jeonnam.csv,active_legal_code_boundary_geometry_match,2026-05-01T00:29:44+09:00,boundary representative point + legal dong admin type heuristic
4623010700,전라남도 광양시 마동,전라남도,46230,광양시,마동,127.7098254,34.9479143,urban_dong,urban_interface,dense_road,low,elevated,high,data/raw/SOURCE_ADMIN_BOUNDARIES/snapshots/full/LP_AA_EMD_gwangju_jeonnam.csv,active_legal_code_boundary_geometry_match,2026-05-01T00:29:44+09:00,boundary representative point + legal dong admin type heuristic
4623010800,전라남도 광양시 광영동,전라남도,46230,광양시,광영동,127.7234731,34.9577196,urban_dong,urban_interface,dense_road,low,elevated,high,data/raw/SOURCE_ADMIN_BOUNDARIES/snapshots/full/LP_AA_EMD_gwangju_jeonnam.csv,active_legal_code_boundary_geometry_match,2026-05-01T00:29:44+09:00,boundary representative point + legal dong admin type heuristic
4623010900,전라남도 광양시 태인동,전라남도,46230,광양시,태인동,127.7545779,34.949591,urban_dong,urban_interface,dense_road,low,elevated,high,data/raw/SOURCE_ADMIN_BOUNDARIES/snapshots/full/LP_AA_EMD_gwangju_jeonnam.csv,active_legal_code_boundary_geometry_match,2026-05-01T00:29:44+09:00,boundary representative point + legal dong admin type heuristic
4623011000,전라남도 광양시 금호동,전라남도,46230,광양시,금호동,127.7425849,34.9195319,urban_dong,urban_interface,dense_road,low,elevated,high,data/raw/SOURCE_ADMIN_BOUNDARIES/snapshots/full/LP_AA_EMD_gwangju_jeonnam.csv,active_legal_code_boundary_geometry_match,2026-05-01T00:29:44+09:00,boundary representative point + legal dong admin type heuristic
4623025000,전라남도 광양시 광양읍,전라남도,46230,광양시,광양읍,127.6000787,34.9448322,town_eup,mixed_hillside,standard_road,medium,seasonal,medium,data/raw/SOURCE_ADMIN_BOUNDARIES/snapshots/full/LP_AA_EMD_gwangju_jeonnam.csv,active_legal_code_boundary_geometry_match,2026-05-01T00:29:44+09:00,boundary representative point + legal dong admin type heuristic
4623031000,전라남도 광양시 봉강면,전라남도,46230,광양시,봉강면,127.5641398,35.0433051,rural_myeon,forest_dominant,mountain_access,high,elevated,low,data/raw/SOURCE_ADMIN_BOUNDARIES/snapshots/full/LP_AA_EMD_gwangju_jeonnam.csv,active_legal_code_boundary_geometry_match,2026-05-01T00:29:44+09:00,boundary representative point + legal dong admin type heuristic
4623032000,전라남도 광양시 옥룡면,전라남도,46230,광양시,옥룡면,127.6143977,35.0539682,rural_myeon,forest_dominant,mountain_access,high,elevated,low,data/raw/SOURCE_ADMIN_BOUNDARIES/snapshots/full/LP_AA_EMD_gwangju_jeonnam.csv,active_legal_code_boundary_geometry_match,2026-05-01T00:29:44+09:00,boundary representative point + legal dong admin type heuristic
4623033000,전라남도 광양시 옥곡면,전라남도,46230,광양시,옥곡면,127.67387,34.999772,rural_myeon,forest_dominant,mountain_access,high,elevated,low,data/raw/SOURCE_ADMIN_BOUNDARIES/snapshots/full/LP_AA_EMD_gwangju_jeonnam.csv,active_legal_code_boundary_geometry_match,2026-05-01T00:29:44+09:00,boundary representative point + legal dong admin type heuristic
4623034000,전라남도 광양시 진상면,전라남도,46230,광양시,진상면,127.6858514,35.0517397,rural_myeon,forest_dominant,mountain_access,high,elevated,low,data/raw/SOURCE_ADMIN_BOUNDARIES/snapshots/full/LP_AA_EMD_gwangju_jeonnam.csv,active_legal_code_boundary_geometry_match,2026-05-01T00:29:44+09:00,boundary representative point + legal dong admin type heuristic
4623035000,전라남도 광양시 진월면,전라남도,46230,광양시,진월면,127.7583554,35.0041615,rural_myeon,forest_dominant,mountain_access,high,elevated,low,data/raw/SOURCE_ADMIN_BOUNDARIES/snapshots/full/LP_AA_EMD_gwangju_jeonnam.csv,active_legal_code_boundary_geometry_match,2026-05-01T00:29:44+09:00,boundary representative point + legal dong admin type heuristic
4623036000,전라남도 광양시 다압면,전라남도,46230,광양시,다압면,127.6759505,35.1157192,rural_myeon,forest_dominant,mountain_access,high,elevated,low,data/raw/SOURCE_ADMIN_BOUNDARIES/snapshots/full/LP_AA_EMD_gwangju_jeonnam.csv,active_legal_code_boundary_geometry_match,2026-05-01T00:29:44+09:00,boundary representative point + legal dong admin type heuristic
4671025000,전라남도 담양군 담양읍,전라남도,46710,담양군,담양읍,126.9804477,35.3204243,town_eup,mixed_hillside,standard_road,medium,seasonal,medium,data/raw/SOURCE_ADMIN_BOUNDARIES/snapshots/full/LP_AA_EMD_gwangju_jeonnam.csv,active_legal_code_boundary_geometry_match,2026-05-01T00:29:44+09:00,boundary representative point + legal dong admin type heuristic
4671031000,전라남도 담양군 봉산면,전라남도,46710,담양군,봉산면,126.9643201,35.2725261,rural_myeon,forest_dominant,mountain_access,high,elevated,low,data/raw/SOURCE_ADMIN_BOUNDARIES/snapshots/full/LP_AA_EMD_gwangju_jeonnam.csv,active_legal_code_boundary_geometry_match,2026-05-01T00:29:44+09:00,boundary representative point + legal dong admin type heuristic
4671032000,전라남도 담양군 고서면,전라남도,46710,담양군,고서면,126.9745113,35.2189879,rural_myeon,forest_dominant,mountain_access,high,elevated,low,data/raw/SOURCE_ADMIN_BOUNDARIES/snapshots/full/LP_AA_EMD_gwangju_jeonnam.csv,active_legal_code_boundary_geometry_match,2026-05-01T00:29:44+09:00,boundary representative point + legal dong admin type heuristic
4671033500,전라남도 담양군 가사문학면,전라남도,46710,담양군,가사문학면,127.0410139,35.1576329,rural_myeon,forest_dominant,mountain_access,high,elevated,low,data/raw/SOURCE_ADMIN_BOUNDARIES/snapshots/full/LP_AA_EMD_gwangju_jeonnam.csv,active_legal_code_previous_boundary_geometry_fallback,2026-05-01T00:29:44+09:00,boundary representative point + legal dong admin type heuristic
4671034000,전라남도 담양군 창평면,전라남도,46710,담양군,창평면,127.0233215,35.2305117,rural_myeon,forest_dominant,mountain_access,high,elevated,low,data/raw/SOURCE_ADMIN_BOUNDARIES/snapshots/full/LP_AA_EMD_gwangju_jeonnam.csv,active_legal_code_boundary_geometry_match,2026-05-01T00:29:44+09:00,boundary representative point + legal dong admin type heuristic
4671035000,전라남도 담양군 대덕면,전라남도,46710,담양군,대덕면,127.0694476,35.229287,rural_myeon,forest_dominant,mountain_access,high,elevated,low,data/raw/SOURCE_ADMIN_BOUNDARIES/snapshots/full/LP_AA_EMD_gwangju_jeonnam.csv,active_legal_code_boundary_geometry_match,2026-05-01T00:29:44+09:00,boundary representative point + legal dong admin type heuristic
4671036000,전라남도 담양군 무정면,전라남도,46710,담양군,무정면,127.0548297,35.2801704,rural_myeon,forest_dominant,mountain_access,high,elevated,low,data/raw/SOURCE_ADMIN_BOUNDARIES/snapshots/full/LP_AA_EMD_gwangju_jeonnam.csv,active_legal_code_boundary_geometry_match,2026-05-01T00:29:44+09:00,boundary representative point + legal dong admin type heuristic
4671037000,전라남도 담양군 금성면,전라남도,46710,담양군,금성면,127.0393242,35.3428557,rural_myeon,forest_dominant,mountain_access,high,elevated,low,data/raw/SOURCE_ADMIN_BOUNDARIES/snapshots/full/LP_AA_EMD_gwangju_jeonnam.csv,active_legal_code_boundary_geometry_match,2026-05-01T00:29:44+09:00,boundary representative point + legal dong admin type heuristic
4671038000,전라남도 담양군 용면,전라남도,46710,담양군,용면,127.0114315,35.405282,rural_myeon,forest_dominant,mountain_access,high,elevated,low,data/raw/SOURCE_ADMIN_BOUNDARIES/snapshots/full/LP_AA_EMD_gwangju_jeonnam.csv,active_legal_code_boundary_geometry_match,2026-05-01T00:29:44+09:00,boundary representative point + legal dong admin type heuristic
4671039000,전라남도 담양군 월산면,전라남도,46710,담양군,월산면,126.9347359,35.3660566,rural_myeon,forest_dominant,mountain_access,high,elevated,low,data/raw/SOURCE_ADMIN_BOUNDARIES/snapshots/full/LP_AA_EMD_gwangju_jeonnam.csv,active_legal_code_boundary_geometry_match,2026-05-01T00:29:44+09:00,boundary representative point + legal dong admin type heuristic
4671040000,전라남도 담양군 수북면,전라남도,46710,담양군,수북면,126.9304981,35.2974871,rural_myeon,forest_dominant,mountain_access,high,elevated,low,data/raw/SOURCE_ADMIN_BOUNDARIES/snapshots/full/LP_AA_EMD_gwangju_jeonnam.csv,active_legal_code_boundary_geometry_match,2026-05-01T00:29:44+09:00,boundary representative point + legal dong admin type heuristic
4671041000,전라남도 담양군 대전면,전라남도,46710,담양군,대전면,126.8906004,35.2846741,rural_myeon,forest_dominant,mountain_access,high,elevated,low,data/raw/SOURCE_ADMIN_BOUNDARIES/snapshots/full/LP_AA_EMD_gwangju_jeonnam.csv,active_legal_code_boundary_geometry_match,2026-05-01T00:29:44+09:00,boundary representative point + legal dong admin type heuristic
4672025000,전라남도 곡성군 곡성읍,전라남도,46720,곡성군,곡성읍,127.269256,35.2757201,town_eup,mixed_hillside,standard_road,medium,seasonal,medium,data/raw/SOURCE_ADMIN_BOUNDARIES/snapshots/full/LP_AA_EMD_gwangju_jeonnam.csv,active_legal_code_boundary_geometry_match,2026-05-01T00:29:44+09:00,boundary representative point + legal dong admin type heuristic
4672031000,전라남도 곡성군 오곡면,전라남도,46720,곡성군,오곡면,127.3178989,35.2357097,rural_myeon,forest_dominant,mountain_access,high,elevated,low,data/raw/SOURCE_ADMIN_BOUNDARIES/snapshots/full/LP_AA_EMD_gwangju_jeonnam.csv,active_legal_code_boundary_geometry_match,2026-05-01T00:29:44+09:00,boundary representative point + legal dong admin type heuristic
4672032000,전라남도 곡성군 삼기면,전라남도,46720,곡성군,삼기면,127.2286652,35.2162014,rural_myeon,forest_dominant,mountain_access,high,elevated,low,data/raw/SOURCE_ADMIN_BOUNDARIES/snapshots/full/LP_AA_EMD_gwangju_jeonnam.csv,active_legal_code_boundary_geometry_match,2026-05-01T00:29:44+09:00,boundary representative point + legal dong admin type heuristic
4672033000,전라남도 곡성군 석곡면,전라남도,46720,곡성군,석곡면,127.2360478,35.1500415,rural_myeon,forest_dominant,mountain_access,high,elevated,low,data/raw/SOURCE_ADMIN_BOUNDARIES/snapshots/full/LP_AA_EMD_gwangju_jeonnam.csv,active_legal_code_boundary_geometry_match,2026-05-01T00:29:44+09:00,boundary representative point + legal dong admin type heuristic
4672034000,전라남도 곡성군 목사동면,전라남도,46720,곡성군,목사동면,127.2963316,35.1089969,rural_myeon,forest_dominant,mountain_access,high,elevated,low,data/raw/SOURCE_ADMIN_BOUNDARIES/snapshots/full/LP_AA_EMD_gwangju_jeonnam.csv,active_legal_code_boundary_geometry_match,2026-05-01T00:29:44+09:00,boundary representative point + legal dong admin type heuristic
4672035000,전라남도 곡성군 죽곡면,전라남도,46720,곡성군,죽곡면,127.3485468,35.15964,rural_myeon,forest_dominant,mountain_access,high,elevated,low,data/raw/SOURCE_ADMIN_BOUNDARIES/snapshots/full/LP_AA_EMD_gwangju_jeonnam.csv,active_legal_code_boundary_geometry_match,2026-05-01T00:29:44+09:00,boundary representative point + legal dong admin type heuristic
4672036000,전라남도 곡성군 고달면,전라남도,46720,곡성군,고달면,127.3584156,35.2737316,rural_myeon,forest_dominant,mountain_access,high,elevated,low,data/raw/SOURCE_ADMIN_BOUNDARIES/snapshots/full/LP_AA_EMD_gwangju_jeonnam.csv,active_legal_code_boundary_geometry_match,2026-05-01T00:29:44+09:00,boundary representative point + legal dong admin type heuristic
4672037000,전라남도 곡성군 옥과면,전라남도,46720,곡성군,옥과면,127.1323268,35.2944588,rural_myeon,forest_dominant,mountain_access,high,elevated,low,data/raw/SOURCE_ADMIN_BOUNDARIES/snapshots/full/LP_AA_EMD_gwangju_jeonnam.csv,active_legal_code_boundary_geometry_match,2026-05-01T00:29:44+09:00,boundary representative point + legal dong admin type heuristic
4672038000,전라남도 곡성군 입면,전라남도,46720,곡성군,입면,127.2021355,35.29583,rural_myeon,forest_dominant,mountain_access,high,elevated,low,data/raw/SOURCE_ADMIN_BOUNDARIES/snapshots/full/LP_AA_EMD_gwangju_jeonnam.csv,active_legal_code_boundary_geometry_match,2026-05-01T00:29:44+09:00,boundary representative point + legal dong admin type heuristic
4672039000,전라남도 곡성군 겸면,전라남도,46720,곡성군,겸면,127.1801612,35.2507589,rural_myeon,forest_dominant,mountain_access,high,elevated,low,data/raw/SOURCE_ADMIN_BOUNDARIES/snapshots/full/LP_AA_EMD_gwangju_jeonnam.csv,active_legal_code_boundary_geometry_match,2026-05-01T00:29:44+09:00,boundary representative point + legal dong admin type heuristic
4672040000,전라남도 곡성군 오산면,전라남도,46720,곡성군,오산면,127.1188942,35.2416728,rural_myeon,forest_dominant,mountain_access,high,elevated,low,data/raw/SOURCE_ADMIN_BOUNDARIES/snapshots/full/LP_AA_EMD_gwangju_jeonnam.csv,active_legal_code_boundary_geometry_match,2026-05-01T00:29:44+09:00,boundary representative point + legal dong admin type heuristic
4673025000,전라남도 구례군 구례읍,전라남도,46730,구례군,구례읍,127.4286277,35.201464,town_eup,mixed_hillside,standard_road,medium,seasonal,medium,data/raw/SOURCE_ADMIN_BOUNDARIES/snapshots/full/LP_AA_EMD_gwangju_jeonnam.csv,active_legal_code_boundary_geometry_match,2026-05-01T00:29:44+09:00,boundary representative point + legal dong admin type heuristic
4673031000,전라남도 구례군 문척면,전라남도,46730,구례군,문척면,127.4955486,35.1637192,rural_myeon,forest_dominant,mountain_access,high,elevated,low,data/raw/SOURCE_ADMIN_BOUNDARIES/snapshots/full/LP_AA_EMD_gwangju_jeonnam.csv,active_legal_code_boundary_geometry_match,2026-05-01T00:29:44+09:00,boundary representative point + legal dong admin type heuristic
4673032000,전라남도 구례군 간전면,전라남도,46730,구례군,간전면,127.5624735,35.1484278,rural_myeon,forest_dominant,mountain_access,high,elevated,low,data/raw/SOURCE_ADMIN_BOUNDARIES/snapshots/full/LP_AA_EMD_gwangju_jeonnam.csv,active_legal_code_boundary_geometry_match,2026-05-01T00:29:44+09:00,boundary representative point + legal dong admin type heuristic
4673033000,전라남도 구례군 토지면,전라남도,46730,구례군,토지면,127.5653788,35.249154,rural_myeon,forest_dominant,mountain_access,high,elevated,low,data/raw/SOURCE_ADMIN_BOUNDARIES/snapshots/full/LP_AA_EMD_gwangju_jeonnam.csv,active_legal_code_boundary_geometry_match,2026-05-01T00:29:44+09:00,boundary representative point + legal dong admin type heuristic
4673034000,전라남도 구례군 마산면,전라남도,46730,구례군,마산면,127.5007322,35.2480411,rural_myeon,forest_dominant,mountain_access,high,elevated,low,data/raw/SOURCE_ADMIN_BOUNDARIES/snapshots/full/LP_AA_EMD_gwangju_jeonnam.csv,active_legal_code_boundary_geometry_match,2026-05-01T00:29:44+09:00,boundary representative point + legal dong admin type heuristic
4673035000,전라남도 구례군 광의면,전라남도,46730,구례군,광의면,127.4629518,35.2629792,rural_myeon,forest_dominant,mountain_access,high,elevated,low,data/raw/SOURCE_ADMIN_BOUNDARIES/snapshots/full/LP_AA_EMD_gwangju_jeonnam.csv,active_legal_code_boundary_geometry_match,2026-05-01T00:29:44+09:00,boundary representative point + legal dong admin type heuristic
4673036000,전라남도 구례군 용방면,전라남도,46730,구례군,용방면,127.4251349,35.2481302,rural_myeon,forest_dominant,mountain_access,high,elevated,low,data/raw/SOURCE_ADMIN_BOUNDARIES/snapshots/full/LP_AA_EMD_gwangju_jeonnam.csv,active_legal_code_boundary_geometry_match,2026-05-01T00:29:44+09:00,boundary representative point + legal dong admin type heuristic
4673037000,전라남도 구례군 산동면,전라남도,46730,구례군,산동면,127.4811479,35.3200669,rural_myeon,forest_dominant,mountain_access,high,elevated,low,data/raw/SOURCE_ADMIN_BOUNDARIES/snapshots/full/LP_AA_EMD_gwangju_jeonnam.csv,active_legal_code_boundary_geometry_match,2026-05-01T00:29:44+09:00,boundary representative point + legal dong admin type heuristic
4677025000,전라남도 고흥군 고흥읍,전라남도,46770,고흥군,고흥읍,127.2633652,34.5999968,town_eup,mixed_hillside,standard_road,medium,seasonal,medium,data/raw/SOURCE_ADMIN_BOUNDARIES/snapshots/full/LP_AA_EMD_gwangju_jeonnam.csv,active_legal_code_boundary_geometry_match,2026-05-01T00:29:44+09:00,boundary representative point + legal dong admin type heuristic
4677025300,전라남도 고흥군 도양읍,전라남도,46770,고흥군,도양읍,127.136774,34.5595571,town_eup,mixed_hillside,standard_road,medium,seasonal,medium,data/raw/SOURCE_ADMIN_BOUNDARIES/snapshots/full/LP_AA_EMD_gwangju_jeonnam.csv,active_legal_code_boundary_geometry_match,2026-05-01T00:29:44+09:00,boundary representative point + legal dong admin type heuristic
4677031000,전라남도 고흥군 풍양면,전라남도,46770,고흥군,풍양면,127.2417271,34.5545428,rural_myeon,forest_dominant,mountain_access,high,elevated,low,data/raw/SOURCE_ADMIN_BOUNDARIES/snapshots/full/LP_AA_EMD_gwangju_jeonnam.csv,active_legal_code_boundary_geometry_match,2026-05-01T00:29:44+09:00,boundary representative point + legal dong admin type heuristic
4677032000,전라남도 고흥군 도덕면,전라남도,46770,고흥군,도덕면,127.1724528,34.5835504,rural_myeon,forest_dominant,mountain_access,high,elevated,low,data/raw/SOURCE_ADMIN_BOUNDARIES/snapshots/full/LP_AA_EMD_gwangju_jeonnam.csv,active_legal_code_boundary_geometry_match,2026-05-01T00:29:44+09:00,boundary representative point + legal dong admin type heuristic
4677033000,전라남도 고흥군 금산면,전라남도,46770,고흥군,금산면,127.1640247,34.458072,rural_myeon,coastal_open_mix,limited_road,low,moderated,low,data/raw/SOURCE_ADMIN_BOUNDARIES/snapshots/full/LP_AA_EMD_gwangju_jeonnam.csv,active_legal_code_boundary_geometry_match,2026-05-01T00:29:44+09:00,boundary representative point + legal dong admin type heuristic
4677034000,전라남도 고흥군 도화면,전라남도,46770,고흥군,도화면,127.332594,34.4949417,rural_myeon,coastal_open_mix,limited_road,low,moderated,low,data/raw/SOURCE_ADMIN_BOUNDARIES/snapshots/full/LP_AA_EMD_gwangju_jeonnam.csv,active_legal_code_boundary_geometry_match,2026-05-01T00:29:44+09:00,boundary representative point + legal dong admin type heuristic
4677035000,전라남도 고흥군 포두면,전라남도,46770,고흥군,포두면,127.3440882,34.5724325,rural_myeon,forest_dominant,mountain_access,high,elevated,low,data/raw/SOURCE_ADMIN_BOUNDARIES/snapshots/full/LP_AA_EMD_gwangju_jeonnam.csv,active_legal_code_boundary_geometry_match,2026-05-01T00:29:44+09:00,boundary representative point + legal dong admin type heuristic
4677036000,전라남도 고흥군 봉래면,전라남도,46770,고흥군,봉래면,127.5085841,34.4440235,rural_myeon,coastal_open_mix,limited_road,low,moderated,low,data/raw/SOURCE_ADMIN_BOUNDARIES/snapshots/full/LP_AA_EMD_gwangju_jeonnam.csv,active_legal_code_boundary_geometry_match,2026-05-01T00:29:44+09:00,boundary representative point + legal dong admin type heuristic
4677037000,전라남도 고흥군 점암면,전라남도,46770,고흥군,점암면,127.4178127,34.6341293,rural_myeon,forest_dominant,mountain_access,high,elevated,low,data/raw/SOURCE_ADMIN_BOUNDARIES/snapshots/full/LP_AA_EMD_gwangju_jeonnam.csv,active_legal_code_boundary_geometry_match,2026-05-01T00:29:44+09:00,boundary representative point + legal dong admin type heuristic
4677038000,전라남도 고흥군 과역면,전라남도,46770,고흥군,과역면,127.3756627,34.690267,rural_myeon,forest_dominant,mountain_access,high,elevated,low,data/raw/SOURCE_ADMIN_BOUNDARIES/snapshots/full/LP_AA_EMD_gwangju_jeonnam.csv,active_legal_code_boundary_geometry_match,2026-05-01T00:29:44+09:00,boundary representative point + legal dong admin type heuristic
4677039000,전라남도 고흥군 남양면,전라남도,46770,고흥군,남양면,127.3510916,34.7368795,rural_myeon,forest_dominant,mountain_access,high,elevated,low,data/raw/SOURCE_ADMIN_BOUNDARIES/snapshots/full/LP_AA_EMD_gwangju_jeonnam.csv,active_legal_code_boundary_geometry_match,2026-05-01T00:29:44+09:00,boundary representative point + legal dong admin type heuristic
4677040000,전라남도 고흥군 동강면,전라남도,46770,고흥군,동강면,127.3333683,34.798536,rural_myeon,forest_dominant,mountain_access,high,elevated,low,data/raw/SOURCE_ADMIN_BOUNDARIES/snapshots/full/LP_AA_EMD_gwangju_jeonnam.csv,active_legal_code_boundary_geometry_match,2026-05-01T00:29:44+09:00,boundary representative point + legal dong admin type heuristic
4677041000,전라남도 고흥군 대서면,전라남도,46770,고흥군,대서면,127.2858507,34.7617063,rural_myeon,forest_dominant,mountain_access,high,elevated,low,data/raw/SOURCE_ADMIN_BOUNDARIES/snapshots/full/LP_AA_EMD_gwangju_jeonnam.csv,active_legal_code_boundary_geometry_match,2026-05-01T00:29:44+09:00,boundary representative point + legal dong admin type heuristic
4677042000,전라남도 고흥군 두원면,전라남도,46770,고흥군,두원면,127.2578594,34.6680212,rural_myeon,forest_dominant,mountain_access,high,elevated,low,data/raw/SOURCE_ADMIN_BOUNDARIES/snapshots/full/LP_AA_EMD_gwangju_jeonnam.csv,active_legal_code_boundary_geometry_match,2026-05-01T00:29:44+09:00,boundary representative point + legal dong admin type heuristic
4677044000,전라남도 고흥군 영남면,전라남도,46770,고흥군,영남면,127.4545161,34.6056869,rural_myeon,forest_dominant,mountain_access,high,elevated,low,data/raw/SOURCE_ADMIN_BOUNDARIES/snapshots/full/LP_AA_EMD_gwangju_jeonnam.csv,active_legal_code_boundary_geometry_match,2026-05-01T00:29:44+09:00,boundary representative point + legal dong admin type heuristic
4677045000,전라남도 고흥군 동일면,전라남도,46770,고흥군,동일면,127.4584143,34.5121225,rural_myeon,coastal_open_mix,limited_road,low,moderated,low,data/raw/SOURCE_ADMIN_BOUNDARIES/snapshots/full/LP_AA_EMD_gwangju_jeonnam.csv,active_legal_code_boundary_geometry_match,2026-05-01T00:29:44+09:00,boundary representative point + legal dong admin type heuristic
4678025000,전라남도 보성군 보성읍,전라남도,46780,보성군,보성읍,127.0654334,34.752521,town_eup,mixed_hillside,standard_road,medium,seasonal,medium,data/raw/SOURCE_ADMIN_BOUNDARIES/snapshots/full/LP_AA_EMD_gwangju_jeonnam.csv,active_legal_code_boundary_geometry_match,2026-05-01T00:29:44+09:00,boundary representative point + legal dong admin type heuristic
4678025300,전라남도 보성군 벌교읍,전라남도,46780,보성군,벌교읍,127.3018096,34.8461887,town_eup,mixed_hillside,standard_road,medium,seasonal,medium,data/raw/SOURCE_ADMIN_BOUNDARIES/snapshots/full/LP_AA_EMD_gwangju_jeonnam.csv,active_legal_code_boundary_geometry_match,2026-05-01T00:29:44+09:00,boundary representative point + legal dong admin type heuristic
4678031000,전라남도 보성군 노동면,전라남도,46780,보성군,노동면,127.0534545,34.8152426,rural_myeon,forest_dominant,mountain_access,high,elevated,low,data/raw/SOURCE_ADMIN_BOUNDARIES/snapshots/full/LP_AA_EMD_gwangju_jeonnam.csv,active_legal_code_boundary_geometry_match,2026-05-01T00:29:44+09:00,boundary representative point + legal dong admin type heuristic
4678032000,전라남도 보성군 미력면,전라남도,46780,보성군,미력면,127.1041666,34.8058969,rural_myeon,forest_dominant,mountain_access,high,elevated,low,data/raw/SOURCE_ADMIN_BOUNDARIES/snapshots/full/LP_AA_EMD_gwangju_jeonnam.csv,active_legal_code_boundary_geometry_match,2026-05-01T00:29:44+09:00,boundary representative point + legal dong admin type heuristic
4678033000,전라남도 보성군 겸백면,전라남도,46780,보성군,겸백면,127.1523077,34.832695,rural_myeon,forest_dominant,mountain_access,high,elevated,low,data/raw/SOURCE_ADMIN_BOUNDARIES/snapshots/full/LP_AA_EMD_gwangju_jeonnam.csv,active_legal_code_boundary_geometry_match,2026-05-01T00:29:44+09:00,boundary representative point + legal dong admin type heuristic
4678034000,전라남도 보성군 율어면,전라남도,46780,보성군,율어면,127.2054103,34.8650256,rural_myeon,forest_dominant,mountain_access,high,elevated,low,data/raw/SOURCE_ADMIN_BOUNDARIES/snapshots/full/LP_AA_EMD_gwangju_jeonnam.csv,active_legal_code_boundary_geometry_match,2026-05-01T00:29:44+09:00,boundary representative point + legal dong admin type heuristic
4678035000,전라남도 보성군 복내면,전라남도,46780,보성군,복내면,127.1332475,34.8969178,rural_myeon,forest_dominant,mountain_access,high,elevated,low,data/raw/SOURCE_ADMIN_BOUNDARIES/snapshots/full/LP_AA_EMD_gwangju_jeonnam.csv,active_legal_code_boundary_geometry_match,2026-05-01T00:29:44+09:00,boundary representative point + legal dong admin type heuristic
4678036000,전라남도 보성군 문덕면,전라남도,46780,보성군,문덕면,127.1805284,34.9401653,rural_myeon,forest_dominant,mountain_access,high,elevated,low,data/raw/SOURCE_ADMIN_BOUNDARIES/snapshots/full/LP_AA_EMD_gwangju_jeonnam.csv,active_legal_code_boundary_geometry_match,2026-05-01T00:29:44+09:00,boundary representative point + legal dong admin type heuristic
4678037000,전라남도 보성군 조성면,전라남도,46780,보성군,조성면,127.2419548,34.801073,rural_myeon,forest_dominant,mountain_access,high,elevated,low,data/raw/SOURCE_ADMIN_BOUNDARIES/snapshots/full/LP_AA_EMD_gwangju_jeonnam.csv,active_legal_code_boundary_geometry_match,2026-05-01T00:29:44+09:00,boundary representative point + legal dong admin type heuristic
4678038000,전라남도 보성군 득량면,전라남도,46780,보성군,득량면,127.1634344,34.7446536,rural_myeon,forest_dominant,mountain_access,high,elevated,low,data/raw/SOURCE_ADMIN_BOUNDARIES/snapshots/full/LP_AA_EMD_gwangju_jeonnam.csv,active_legal_code_boundary_geometry_match,2026-05-01T00:29:44+09:00,boundary representative point + legal dong admin type heuristic
4678039000,전라남도 보성군 회천면,전라남도,46780,보성군,회천면,127.0744189,34.6853949,rural_myeon,forest_dominant,mountain_access,high,elevated,low,data/raw/SOURCE_ADMIN_BOUNDARIES/snapshots/full/LP_AA_EMD_gwangju_jeonnam.csv,active_legal_code_boundary_geometry_match,2026-05-01T00:29:44+09:00,boundary representative point + legal dong admin type heuristic
4678040000,전라남도 보성군 웅치면,전라남도,46780,보성군,웅치면,127.0223522,34.709263,rural_myeon,forest_dominant,mountain_access,high,elevated,low,data/raw/SOURCE_ADMIN_BOUNDARIES/snapshots/full/LP_AA_EMD_gwangju_jeonnam.csv,active_legal_code_boundary_geometry_match,2026-05-01T00:29:44+09:00,boundary representative point + legal dong admin type heuristic
4679025000,전라남도 화순군 화순읍,전라남도,46790,화순군,화순읍,126.9510611,35.0648032,town_eup,mixed_hillside,standard_road,medium,seasonal,medium,data/raw/SOURCE_ADMIN_BOUNDARIES/snapshots/full/LP_AA_EMD_gwangju_jeonnam.csv,active_legal_code_boundary_geometry_match,2026-05-01T00:29:44+09:00,boundary representative point + legal dong admin type heuristic
4679031000,전라남도 화순군 한천면,전라남도,46790,화순군,한천면,127.018726,34.9734954,rural_myeon,forest_dominant,mountain_access,high,elevated,low,data/raw/SOURCE_ADMIN_BOUNDARIES/snapshots/full/LP_AA_EMD_gwangju_jeonnam.csv,active_legal_code_boundary_geometry_match,2026-05-01T00:29:44+09:00,boundary representative point + legal dong admin type heuristic
4679032000,전라남도 화순군 춘양면,전라남도,46790,화순군,춘양면,126.9508664,34.9376819,rural_myeon,forest_dominant,mountain_access,high,elevated,low,data/raw/SOURCE_ADMIN_BOUNDARIES/snapshots/full/LP_AA_EMD_gwangju_jeonnam.csv,active_legal_code_boundary_geometry_match,2026-05-01T00:29:44+09:00,boundary representative point + legal dong admin type heuristic
4679033000,전라남도 화순군 청풍면,전라남도,46790,화순군,청풍면,126.9563659,34.8817356,rural_myeon,forest_dominant,mountain_access,high,elevated,low,data/raw/SOURCE_ADMIN_BOUNDARIES/snapshots/full/LP_AA_EMD_gwangju_jeonnam.csv,active_legal_code_boundary_geometry_match,2026-05-01T00:29:44+09:00,boundary representative point + legal dong admin type heuristic
4679034000,전라남도 화순군 이양면,전라남도,46790,화순군,이양면,127.036299,34.8949785,rural_myeon,forest_dominant,mountain_access,high,elevated,low,data/raw/SOURCE_ADMIN_BOUNDARIES/snapshots/full/LP_AA_EMD_gwangju_jeonnam.csv,active_legal_code_boundary_geometry_match,2026-05-01T00:29:44+09:00,boundary representative point + legal dong admin type heuristic
4679035000,전라남도 화순군 능주면,전라남도,46790,화순군,능주면,126.954949,35.0025999,rural_myeon,forest_dominant,mountain_access,high,elevated,low,data/raw/SOURCE_ADMIN_BOUNDARIES/snapshots/full/LP_AA_EMD_gwangju_jeonnam.csv,active_legal_code_boundary_geometry_match,2026-05-01T00:29:44+09:00,boundary representative point + legal dong admin type heuristic
4679036000,전라남도 화순군 도곡면,전라남도,46790,화순군,도곡면,126.902183,35.005675,rural_myeon,forest_dominant,mountain_access,high,elevated,low,data/raw/SOURCE_ADMIN_BOUNDARIES/snapshots/full/LP_AA_EMD_gwangju_jeonnam.csv,active_legal_code_boundary_geometry_match,2026-05-01T00:29:44+09:00,boundary representative point + legal dong admin type heuristic
4679037000,전라남도 화순군 도암면,전라남도,46790,화순군,도암면,126.8952382,34.9196503,rural_myeon,forest_dominant,mountain_access,high,elevated,low,data/raw/SOURCE_ADMIN_BOUNDARIES/snapshots/full/LP_AA_EMD_gwangju_jeonnam.csv,active_legal_code_boundary_geometry_match,2026-05-01T00:29:44+09:00,boundary representative point + legal dong admin type heuristic
4679038000,전라남도 화순군 이서면,전라남도,46790,화순군,이서면,127.0720204,35.1039858,rural_myeon,forest_dominant,mountain_access,high,elevated,low,data/raw/SOURCE_ADMIN_BOUNDARIES/snapshots/full/LP_AA_EMD_gwangju_jeonnam.csv,active_legal_code_boundary_geometry_match,2026-05-01T00:29:44+09:00,boundary representative point + legal dong admin type heuristic
4679039500,전라남도 화순군 백아면,전라남도,46790,화순군,백아면,127.1285174,35.1652175,rural_myeon,forest_dominant,mountain_access,high,elevated,low,data/raw/SOURCE_ADMIN_BOUNDARIES/snapshots/full/LP_AA_EMD_gwangju_jeonnam.csv,active_legal_code_previous_boundary_geometry_fallback,2026-05-01T00:29:44+09:00,boundary representative point + legal dong admin type heuristic
4679040000,전라남도 화순군 동복면,전라남도,46790,화순군,동복면,127.1432635,35.0831065,rural_myeon,forest_dominant,mountain_access,high,elevated,low,data/raw/SOURCE_ADMIN_BOUNDARIES/snapshots/full/LP_AA_EMD_gwangju_jeonnam.csv,active_legal_code_boundary_geometry_match,2026-05-01T00:29:44+09:00,boundary representative point + legal dong admin type heuristic
4679041500,전라남도 화순군 사평면,전라남도,46790,화순군,사평면,127.1166046,34.9965367,rural_myeon,forest_dominant,mountain_access,high,elevated,low,data/raw/SOURCE_ADMIN_BOUNDARIES/snapshots/full/LP_AA_EMD_gwangju_jeonnam.csv,active_legal_code_previous_boundary_geometry_fallback,2026-05-01T00:29:44+09:00,boundary representative point + legal dong admin type heuristic
4679042000,전라남도 화순군 동면,전라남도,46790,화순군,동면,127.0462125,35.0385589,rural_myeon,forest_dominant,mountain_access,high,elevated,low,data/raw/SOURCE_ADMIN_BOUNDARIES/snapshots/full/LP_AA_EMD_gwangju_jeonnam.csv,active_legal_code_boundary_geometry_match,2026-05-01T00:29:44+09:00,boundary representative point + legal dong admin type heuristic
4680025000,전라남도 장흥군 장흥읍,전라남도,46800,장흥군,장흥읍,126.9007345,34.6718067,town_eup,mixed_rural,standard_road,medium,seasonal,medium,data/raw/SOURCE_ADMIN_BOUNDARIES/snapshots/full/LP_AA_EMD_gwangju_jeonnam.csv,active_legal_code_boundary_geometry_match,2026-05-01T00:29:44+09:00,boundary representative point + legal dong admin type heuristic
4680025300,전라남도 장흥군 관산읍,전라남도,46800,장흥군,관산읍,126.933332,34.5491318,town_eup,mixed_rural,standard_road,medium,moderated,medium,data/raw/SOURCE_ADMIN_BOUNDARIES/snapshots/full/LP_AA_EMD_gwangju_jeonnam.csv,active_legal_code_boundary_geometry_match,2026-05-01T00:29:44+09:00,boundary representative point + legal dong admin type heuristic
4680025600,전라남도 장흥군 대덕읍,전라남도,46800,장흥군,대덕읍,126.8812738,34.4834518,town_eup,mixed_rural,standard_road,medium,moderated,medium,data/raw/SOURCE_ADMIN_BOUNDARIES/snapshots/full/LP_AA_EMD_gwangju_jeonnam.csv,active_legal_code_boundary_geometry_match,2026-05-01T00:29:44+09:00,boundary representative point + legal dong admin type heuristic
4680031000,전라남도 장흥군 용산면,전라남도,46800,장흥군,용산면,126.9236086,34.6154825,rural_myeon,mixed_rural,limited_road,medium,seasonal,low,data/raw/SOURCE_ADMIN_BOUNDARIES/snapshots/full/LP_AA_EMD_gwangju_jeonnam.csv,active_legal_code_boundary_geometry_match,2026-05-01T00:29:44+09:00,boundary representative point + legal dong admin type heuristic
4680032000,전라남도 장흥군 안양면,전라남도,46800,장흥군,안양면,126.9882116,34.6557837,rural_myeon,forest_dominant,mountain_access,high,elevated,low,data/raw/SOURCE_ADMIN_BOUNDARIES/snapshots/full/LP_AA_EMD_gwangju_jeonnam.csv,active_legal_code_boundary_geometry_match,2026-05-01T00:29:44+09:00,boundary representative point + legal dong admin type heuristic
4680033000,전라남도 장흥군 장동면,전라남도,46800,장흥군,장동면,126.9751969,34.7471209,rural_myeon,forest_dominant,mountain_access,high,elevated,low,data/raw/SOURCE_ADMIN_BOUNDARIES/snapshots/full/LP_AA_EMD_gwangju_jeonnam.csv,active_legal_code_boundary_geometry_match,2026-05-01T00:29:44+09:00,boundary representative point + legal dong admin type heuristic
4680034000,전라남도 장흥군 장평면,전라남도,46800,장흥군,장평면,126.9670855,34.8049096,rural_myeon,forest_dominant,mountain_access,high,elevated,low,data/raw/SOURCE_ADMIN_BOUNDARIES/snapshots/full/LP_AA_EMD_gwangju_jeonnam.csv,active_legal_code_boundary_geometry_match,2026-05-01T00:29:44+09:00,boundary representative point + legal dong admin type heuristic
4680035000,전라남도 장흥군 유치면,전라남도,46800,장흥군,유치면,126.8556247,34.7958397,rural_myeon,mixed_rural,limited_road,medium,seasonal,low,data/raw/SOURCE_ADMIN_BOUNDARIES/snapshots/full/LP_AA_EMD_gwangju_jeonnam.csv,active_legal_code_boundary_geometry_match,2026-05-01T00:29:44+09:00,boundary representative point + legal dong admin type heuristic
4680036000,전라남도 장흥군 부산면,전라남도,46800,장흥군,부산면,126.9074586,34.7342707,rural_myeon,mixed_rural,limited_road,medium,seasonal,low,data/raw/SOURCE_ADMIN_BOUNDARIES/snapshots/full/LP_AA_EMD_gwangju_jeonnam.csv,active_legal_code_boundary_geometry_match,2026-05-01T00:29:44+09:00,boundary representative point + legal dong admin type heuristic
4680037000,전라남도 장흥군 회진면,전라남도,46800,장흥군,회진면,126.9260339,34.47628,rural_myeon,coastal_open_mix,limited_road,low,moderated,low,data/raw/SOURCE_ADMIN_BOUNDARIES/snapshots/full/LP_AA_EMD_gwangju_jeonnam.csv,active_legal_code_boundary_geometry_match,2026-05-01T00:29:44+09:00,boundary representative point + legal dong admin type heuristic
4681025000,전라남도 강진군 강진읍,전라남도,46810,강진군,강진읍,126.7408245,34.6275914,town_eup,mixed_rural,standard_road,medium,seasonal,medium,data/raw/SOURCE_ADMIN_BOUNDARIES/snapshots/full/LP_AA_EMD_gwangju_jeonnam.csv,active_legal_code_boundary_geometry_match,2026-05-01T00:29:44+09:00,boundary representative point + legal dong admin type heuristic
4681031000,전라남도 강진군 군동면,전라남도,46810,강진군,군동면,126.8249565,34.642589,rural_myeon,mixed_rural,limited_road,medium,seasonal,low,data/raw/SOURCE_ADMIN_BOUNDARIES/snapshots/full/LP_AA_EMD_gwangju_jeonnam.csv,active_legal_code_boundary_geometry_match,2026-05-01T00:29:44+09:00,boundary representative point + legal dong admin type heuristic
4681032000,전라남도 강진군 칠량면,전라남도,46810,강진군,칠량면,126.8330567,34.5746478,rural_myeon,mixed_rural,limited_road,medium,seasonal,low,data/raw/SOURCE_ADMIN_BOUNDARIES/snapshots/full/LP_AA_EMD_gwangju_jeonnam.csv,active_legal_code_boundary_geometry_match,2026-05-01T00:29:44+09:00,boundary representative point + legal dong admin type heuristic
4681033000,전라남도 강진군 대구면,전라남도,46810,강진군,대구면,126.8139173,34.5066395,rural_myeon,coastal_open_mix,limited_road,low,moderated,low,data/raw/SOURCE_ADMIN_BOUNDARIES/snapshots/full/LP_AA_EMD_gwangju_jeonnam.csv,active_legal_code_boundary_geometry_match,2026-05-01T00:29:44+09:00,boundary representative point + legal dong admin type heuristic
4681034000,전라남도 강진군 도암면,전라남도,46810,강진군,도암면,126.7275456,34.5708936,rural_myeon,mixed_rural,limited_road,medium,seasonal,low,data/raw/SOURCE_ADMIN_BOUNDARIES/snapshots/full/LP_AA_EMD_gwangju_jeonnam.csv,active_legal_code_boundary_geometry_match,2026-05-01T00:29:44+09:00,boundary representative point + legal dong admin type heuristic
4681035000,전라남도 강진군 신전면,전라남도,46810,강진군,신전면,126.7220743,34.4962429,rural_myeon,coastal_open_mix,limited_road,low,moderated,low,data/raw/SOURCE_ADMIN_BOUNDARIES/snapshots/full/LP_AA_EMD_gwangju_jeonnam.csv,active_legal_code_boundary_geometry_match,2026-05-01T00:29:44+09:00,boundary representative point + legal dong admin type heuristic
4681036000,전라남도 강진군 성전면,전라남도,46810,강진군,성전면,126.7031353,34.7105705,rural_myeon,mixed_rural,limited_road,medium,seasonal,low,data/raw/SOURCE_ADMIN_BOUNDARIES/snapshots/full/LP_AA_EMD_gwangju_jeonnam.csv,active_legal_code_boundary_geometry_match,2026-05-01T00:29:44+09:00,boundary representative point + legal dong admin type heuristic
4681037000,전라남도 강진군 작천면,전라남도,46810,강진군,작천면,126.7558418,34.7136554,rural_myeon,mixed_rural,limited_road,medium,seasonal,low,data/raw/SOURCE_ADMIN_BOUNDARIES/snapshots/full/LP_AA_EMD_gwangju_jeonnam.csv,active_legal_code_boundary_geometry_match,2026-05-01T00:29:44+09:00,boundary representative point + legal dong admin type heuristic
4681038000,전라남도 강진군 병영면,전라남도,46810,강진군,병영면,126.8275822,34.7062535,rural_myeon,mixed_rural,limited_road,medium,seasonal,low,data/raw/SOURCE_ADMIN_BOUNDARIES/snapshots/full/LP_AA_EMD_gwangju_jeonnam.csv,active_legal_code_boundary_geometry_match,2026-05-01T00:29:44+09:00,boundary representative point + legal dong admin type heuristic
4681039000,전라남도 강진군 옴천면,전라남도,46810,강진군,옴천면,126.7840664,34.7596973,rural_myeon,mixed_rural,limited_road,medium,seasonal,low,data/raw/SOURCE_ADMIN_BOUNDARIES/snapshots/full/LP_AA_EMD_gwangju_jeonnam.csv,active_legal_code_boundary_geometry_match,2026-05-01T00:29:44+09:00,boundary representative point + legal dong admin type heuristic
4681040000,전라남도 강진군 마량면,전라남도,46810,강진군,마량면,126.8292608,34.4786522,rural_myeon,coastal_open_mix,limited_road,low,moderated,low,data/raw/SOURCE_ADMIN_BOUNDARIES/snapshots/full/LP_AA_EMD_gwangju_jeonnam.csv,active_legal_code_boundary_geometry_match,2026-05-01T00:29:44+09:00,boundary representative point + legal dong admin type heuristic
4682025000,전라남도 해남군 해남읍,전라남도,46820,해남군,해남읍,126.5767065,34.5587704,town_eup,mixed_rural,standard_road,medium,seasonal,medium,data/raw/SOURCE_ADMIN_BOUNDARIES/snapshots/full/LP_AA_EMD_gwangju_jeonnam.csv,active_legal_code_boundary_geometry_match,2026-05-01T00:29:44+09:00,boundary representative point + legal dong admin type heuristic
4682031000,전라남도 해남군 삼산면,전라남도,46820,해남군,삼산면,126.6181967,34.5022116,rural_myeon,coastal_open_mix,limited_road,low,moderated,low,data/raw/SOURCE_ADMIN_BOUNDARIES/snapshots/full/LP_AA_EMD_gwangju_jeonnam.csv,active_legal_code_boundary_geometry_match,2026-05-01T00:29:44+09:00,boundary representative point + legal dong admin type heuristic
4682032000,전라남도 해남군 화산면,전라남도,46820,해남군,화산면,126.4901199,34.4774551,rural_myeon,coastal_open_mix,limited_road,low,moderated,low,data/raw/SOURCE_ADMIN_BOUNDARIES/snapshots/full/LP_AA_EMD_gwangju_jeonnam.csv,active_legal_code_boundary_geometry_match,2026-05-01T00:29:44+09:00,boundary representative point + legal dong admin type heuristic
4682033000,전라남도 해남군 현산면,전라남도,46820,해남군,현산면,126.5674344,34.4486227,rural_myeon,coastal_open_mix,limited_road,low,moderated,low,data/raw/SOURCE_ADMIN_BOUNDARIES/snapshots/full/LP_AA_EMD_gwangju_jeonnam.csv,active_legal_code_boundary_geometry_match,2026-05-01T00:29:44+09:00,boundary representative point + legal dong admin type heuristic
4682034000,전라남도 해남군 송지면,전라남도,46820,해남군,송지면,126.5455937,34.3601459,rural_myeon,coastal_open_mix,limited_road,low,moderated,low,data/raw/SOURCE_ADMIN_BOUNDARIES/snapshots/full/LP_AA_EMD_gwangju_jeonnam.csv,active_legal_code_boundary_geometry_match,2026-05-01T00:29:44+09:00,boundary representative point + legal dong admin type heuristic
4682035000,전라남도 해남군 북평면,전라남도,46820,해남군,북평면,126.6028362,34.3890441,rural_myeon,coastal_open_mix,limited_road,low,moderated,low,data/raw/SOURCE_ADMIN_BOUNDARIES/snapshots/full/LP_AA_EMD_gwangju_jeonnam.csv,active_legal_code_boundary_geometry_match,2026-05-01T00:29:44+09:00,boundary representative point + legal dong admin type heuristic
4682036000,전라남도 해남군 북일면,전라남도,46820,해남군,북일면,126.6800541,34.4638539,rural_myeon,coastal_open_mix,limited_road,low,moderated,low,data/raw/SOURCE_ADMIN_BOUNDARIES/snapshots/full/LP_AA_EMD_gwangju_jeonnam.csv,active_legal_code_boundary_geometry_match,2026-05-01T00:29:44+09:00,boundary representative point + legal dong admin type heuristic
4682037000,전라남도 해남군 옥천면,전라남도,46820,해남군,옥천면,126.6612836,34.559716,rural_myeon,mixed_rural,limited_road,medium,seasonal,low,data/raw/SOURCE_ADMIN_BOUNDARIES/snapshots/full/LP_AA_EMD_gwangju_jeonnam.csv,active_legal_code_boundary_geometry_match,2026-05-01T00:29:44+09:00,boundary representative point + legal dong admin type heuristic
4682038000,전라남도 해남군 계곡면,전라남도,46820,해남군,계곡면,126.6307299,34.6444103,rural_myeon,mixed_rural,limited_road,medium,seasonal,low,data/raw/SOURCE_ADMIN_BOUNDARIES/snapshots/full/LP_AA_EMD_gwangju_jeonnam.csv,active_legal_code_boundary_geometry_match,2026-05-01T00:29:44+09:00,boundary representative point + legal dong admin type heuristic
4682039000,전라남도 해남군 마산면,전라남도,46820,해남군,마산면,126.548276,34.6396007,rural_myeon,mixed_rural,limited_road,medium,seasonal,low,data/raw/SOURCE_ADMIN_BOUNDARIES/snapshots/full/LP_AA_EMD_gwangju_jeonnam.csv,active_legal_code_boundary_geometry_match,2026-05-01T00:29:44+09:00,boundary representative point + legal dong admin type heuristic
4682040000,전라남도 해남군 황산면,전라남도,46820,해남군,황산면,126.4438929,34.569827,rural_myeon,coastal_open_mix,limited_road,low,moderated,low,data/raw/SOURCE_ADMIN_BOUNDARIES/snapshots/full/LP_AA_EMD_gwangju_jeonnam.csv,active_legal_code_boundary_geometry_match,2026-05-01T00:29:44+09:00,boundary representative point + legal dong admin type heuristic
4682041000,전라남도 해남군 산이면,전라남도,46820,해남군,산이면,126.4499453,34.6597943,rural_myeon,coastal_open_mix,limited_road,low,moderated,low,data/raw/SOURCE_ADMIN_BOUNDARIES/snapshots/full/LP_AA_EMD_gwangju_jeonnam.csv,active_legal_code_boundary_geometry_match,2026-05-01T00:29:44+09:00,boundary representative point + legal dong admin type heuristic
4682042000,전라남도 해남군 문내면,전라남도,46820,해남군,문내면,126.3287292,34.6060707,rural_myeon,coastal_open_mix,limited_road,low,moderated,low,data/raw/SOURCE_ADMIN_BOUNDARIES/snapshots/full/LP_AA_EMD_gwangju_jeonnam.csv,active_legal_code_boundary_geometry_match,2026-05-01T00:29:44+09:00,boundary representative point + legal dong admin type heuristic
4682043000,전라남도 해남군 화원면,전라남도,46820,해남군,화원면,126.304317,34.698305,rural_myeon,coastal_open_mix,limited_road,low,moderated,low,data/raw/SOURCE_ADMIN_BOUNDARIES/snapshots/full/LP_AA_EMD_gwangju_jeonnam.csv,active_legal_code_boundary_geometry_match,2026-05-01T00:29:44+09:00,boundary representative point + legal dong admin type heuristic
4683025000,전라남도 영암군 영암읍,전라남도,46830,영암군,영암읍,126.7361939,34.7881808,town_eup,mixed_rural,standard_road,medium,seasonal,medium,data/raw/SOURCE_ADMIN_BOUNDARIES/snapshots/full/LP_AA_EMD_gwangju_jeonnam.csv,active_legal_code_boundary_geometry_match,2026-05-01T00:29:44+09:00,boundary representative point + legal dong admin type heuristic
4683025300,전라남도 영암군 삼호읍,전라남도,46830,영암군,삼호읍,126.4912184,34.7408062,town_eup,mixed_rural,standard_road,medium,seasonal,medium,data/raw/SOURCE_ADMIN_BOUNDARIES/snapshots/full/LP_AA_EMD_gwangju_jeonnam.csv,active_legal_code_boundary_geometry_match,2026-05-01T00:29:44+09:00,boundary representative point + legal dong admin type heuristic
4683031000,전라남도 영암군 덕진면,전라남도,46830,영암군,덕진면,126.7012714,34.8317408,rural_myeon,mixed_rural,limited_road,medium,seasonal,low,data/raw/SOURCE_ADMIN_BOUNDARIES/snapshots/full/LP_AA_EMD_gwangju_jeonnam.csv,active_legal_code_boundary_geometry_match,2026-05-01T00:29:44+09:00,boundary representative point + legal dong admin type heuristic
4683032000,전라남도 영암군 금정면,전라남도,46830,영암군,금정면,126.7903683,34.8517662,rural_myeon,mixed_rural,limited_road,medium,seasonal,low,data/raw/SOURCE_ADMIN_BOUNDARIES/snapshots/full/LP_AA_EMD_gwangju_jeonnam.csv,active_legal_code_boundary_geometry_match,2026-05-01T00:29:44+09:00,boundary representative point + legal dong admin type heuristic
4683033000,전라남도 영암군 신북면,전라남도,46830,영암군,신북면,126.7012151,34.8941408,rural_myeon,mixed_rural,limited_road,medium,seasonal,low,data/raw/SOURCE_ADMIN_BOUNDARIES/snapshots/full/LP_AA_EMD_gwangju_jeonnam.csv,active_legal_code_boundary_geometry_match,2026-05-01T00:29:44+09:00,boundary representative point + legal dong admin type heuristic
4683034000,전라남도 영암군 시종면,전라남도,46830,영암군,시종면,126.5949252,34.8686806,rural_myeon,mixed_rural,limited_road,medium,seasonal,low,data/raw/SOURCE_ADMIN_BOUNDARIES/snapshots/full/LP_AA_EMD_gwangju_jeonnam.csv,active_legal_code_boundary_geometry_match,2026-05-01T00:29:44+09:00,boundary representative point + legal dong admin type heuristic
4683035000,전라남도 영암군 도포면,전라남도,46830,영암군,도포면,126.6425711,34.8437833,rural_myeon,mixed_rural,limited_road,medium,seasonal,low,data/raw/SOURCE_ADMIN_BOUNDARIES/snapshots/full/LP_AA_EMD_gwangju_jeonnam.csv,active_legal_code_boundary_geometry_match,2026-05-01T00:29:44+09:00,boundary representative point + legal dong admin type heuristic
4683036000,전라남도 영암군 군서면,전라남도,46830,영암군,군서면,126.6368937,34.7778714,rural_myeon,mixed_rural,limited_road,medium,seasonal,low,data/raw/SOURCE_ADMIN_BOUNDARIES/snapshots/full/LP_AA_EMD_gwangju_jeonnam.csv,active_legal_code_boundary_geometry_match,2026-05-01T00:29:44+09:00,boundary representative point + legal dong admin type heuristic
4683037000,전라남도 영암군 서호면,전라남도,46830,영암군,서호면,126.5758244,34.7737428,rural_myeon,mixed_rural,limited_road,medium,seasonal,low,data/raw/SOURCE_ADMIN_BOUNDARIES/snapshots/full/LP_AA_EMD_gwangju_jeonnam.csv,active_legal_code_boundary_geometry_match,2026-05-01T00:29:44+09:00,boundary representative point + legal dong admin type heuristic
4683038000,전라남도 영암군 학산면,전라남도,46830,영암군,학산면,126.6317919,34.7381456,rural_myeon,mixed_rural,limited_road,medium,seasonal,low,data/raw/SOURCE_ADMIN_BOUNDARIES/snapshots/full/LP_AA_EMD_gwangju_jeonnam.csv,active_legal_code_boundary_geometry_match,2026-05-01T00:29:44+09:00,boundary representative point + legal dong admin type heuristic
4683039000,전라남도 영암군 미암면,전라남도,46830,영암군,미암면,126.5581385,34.6916363,rural_myeon,mixed_rural,limited_road,medium,seasonal,low,data/raw/SOURCE_ADMIN_BOUNDARIES/snapshots/full/LP_AA_EMD_gwangju_jeonnam.csv,active_legal_code_boundary_geometry_match,2026-05-01T00:29:44+09:00,boundary representative point + legal dong admin type heuristic
4684025000,전라남도 무안군 무안읍,전라남도,46840,무안군,무안읍,126.4731322,34.9986012,town_eup,mixed_rural,standard_road,medium,seasonal,medium,data/raw/SOURCE_ADMIN_BOUNDARIES/snapshots/full/LP_AA_EMD_gwangju_jeonnam.csv,active_legal_code_boundary_geometry_match,2026-05-01T00:29:44+09:00,boundary representative point + legal dong admin type heuristic
4684025300,전라남도 무안군 일로읍,전라남도,46840,무안군,일로읍,126.5210837,34.8284538,town_eup,mixed_rural,standard_road,medium,seasonal,medium,data/raw/SOURCE_ADMIN_BOUNDARIES/snapshots/full/LP_AA_EMD_gwangju_jeonnam.csv,active_legal_code_boundary_geometry_match,2026-05-01T00:29:44+09:00,boundary representative point + legal dong admin type heuristic
4684025600,전라남도 무안군 삼향읍,전라남도,46840,무안군,삼향읍,126.4554944,34.8406601,town_eup,mixed_rural,standard_road,medium,seasonal,medium,data/raw/SOURCE_ADMIN_BOUNDARIES/snapshots/full/LP_AA_EMD_gwangju_jeonnam.csv,active_legal_code_boundary_geometry_match,2026-05-01T00:29:44+09:00,boundary representative point + legal dong admin type heuristic
4684032000,전라남도 무안군 몽탄면,전라남도,46840,무안군,몽탄면,126.5010254,34.9289279,rural_myeon,mixed_rural,limited_road,medium,seasonal,low,data/raw/SOURCE_ADMIN_BOUNDARIES/snapshots/full/LP_AA_EMD_gwangju_jeonnam.csv,active_legal_code_boundary_geometry_match,2026-05-01T00:29:44+09:00,boundary representative point + legal dong admin type heuristic
4684033000,전라남도 무안군 청계면,전라남도,46840,무안군,청계면,126.4270366,34.9257291,rural_myeon,coastal_open_mix,limited_road,low,moderated,low,data/raw/SOURCE_ADMIN_BOUNDARIES/snapshots/full/LP_AA_EMD_gwangju_jeonnam.csv,active_legal_code_boundary_geometry_match,2026-05-01T00:29:44+09:00,boundary representative point + legal dong admin type heuristic
4684034000,전라남도 무안군 현경면,전라남도,46840,무안군,현경면,126.4383217,35.0388859,rural_myeon,coastal_open_mix,limited_road,low,moderated,low,data/raw/SOURCE_ADMIN_BOUNDARIES/snapshots/full/LP_AA_EMD_gwangju_jeonnam.csv,active_legal_code_boundary_geometry_match,2026-05-01T00:29:44+09:00,boundary representative point + legal dong admin type heuristic
4684035000,전라남도 무안군 망운면,전라남도,46840,무안군,망운면,126.3887927,34.9958117,rural_myeon,coastal_open_mix,limited_road,low,moderated,low,data/raw/SOURCE_ADMIN_BOUNDARIES/snapshots/full/LP_AA_EMD_gwangju_jeonnam.csv,active_legal_code_boundary_geometry_match,2026-05-01T00:29:44+09:00,boundary representative point + legal dong admin type heuristic
4684036000,전라남도 무안군 해제면,전라남도,46840,무안군,해제면,126.2984561,35.1007497,rural_myeon,coastal_open_mix,limited_road,low,moderated,low,data/raw/SOURCE_ADMIN_BOUNDARIES/snapshots/full/LP_AA_EMD_gwangju_jeonnam.csv,active_legal_code_boundary_geometry_match,2026-05-01T00:29:44+09:00,boundary representative point + legal dong admin type heuristic
4684037000,전라남도 무안군 운남면,전라남도,46840,무안군,운남면,126.3398559,34.9526337,rural_myeon,coastal_open_mix,limited_road,low,moderated,low,data/raw/SOURCE_ADMIN_BOUNDARIES/snapshots/full/LP_AA_EMD_gwangju_jeonnam.csv,active_legal_code_boundary_geometry_match,2026-05-01T00:29:44+09:00,boundary representative point + legal dong admin type heuristic
4686025000,전라남도 함평군 함평읍,전라남도,46860,함평군,함평읍,126.4985386,35.067812,town_eup,mixed_rural,standard_road,medium,seasonal,medium,data/raw/SOURCE_ADMIN_BOUNDARIES/snapshots/full/LP_AA_EMD_gwangju_jeonnam.csv,active_legal_code_boundary_geometry_match,2026-05-01T00:29:44+09:00,boundary representative point + legal dong admin type heuristic
4686031000,전라남도 함평군 손불면,전라남도,46860,함평군,손불면,126.4348645,35.1411792,rural_myeon,coastal_open_mix,limited_road,low,moderated,low,data/raw/SOURCE_ADMIN_BOUNDARIES/snapshots/full/LP_AA_EMD_gwangju_jeonnam.csv,active_legal_code_boundary_geometry_match,2026-05-01T00:29:44+09:00,boundary representative point + legal dong admin type heuristic
4686032000,전라남도 함평군 신광면,전라남도,46860,함평군,신광면,126.4980953,35.1522521,rural_myeon,mixed_rural,limited_road,medium,seasonal,low,data/raw/SOURCE_ADMIN_BOUNDARIES/snapshots/full/LP_AA_EMD_gwangju_jeonnam.csv,active_legal_code_boundary_geometry_match,2026-05-01T00:29:44+09:00,boundary representative point + legal dong admin type heuristic
4686033000,전라남도 함평군 학교면,전라남도,46860,함평군,학교면,126.560021,35.0189908,rural_myeon,mixed_rural,limited_road,medium,seasonal,low,data/raw/SOURCE_ADMIN_BOUNDARIES/snapshots/full/LP_AA_EMD_gwangju_jeonnam.csv,active_legal_code_boundary_geometry_match,2026-05-01T00:29:44+09:00,boundary representative point + legal dong admin type heuristic
4686034000,전라남도 함평군 엄다면,전라남도,46860,함평군,엄다면,126.514518,35.0143394,rural_myeon,mixed_rural,limited_road,medium,seasonal,low,data/raw/SOURCE_ADMIN_BOUNDARIES/snapshots/full/LP_AA_EMD_gwangju_jeonnam.csv,active_legal_code_boundary_geometry_match,2026-05-01T00:29:44+09:00,boundary representative point + legal dong admin type heuristic
4686035000,전라남도 함평군 대동면,전라남도,46860,함평군,대동면,126.5197528,35.1120396,rural_myeon,mixed_rural,limited_road,medium,seasonal,low,data/raw/SOURCE_ADMIN_BOUNDARIES/snapshots/full/LP_AA_EMD_gwangju_jeonnam.csv,active_legal_code_boundary_geometry_match,2026-05-01T00:29:44+09:00,boundary representative point + legal dong admin type heuristic
4686036000,전라남도 함평군 나산면,전라남도,46860,함평군,나산면,126.6064137,35.1216654,rural_myeon,mixed_rural,limited_road,medium,seasonal,low,data/raw/SOURCE_ADMIN_BOUNDARIES/snapshots/full/LP_AA_EMD_gwangju_jeonnam.csv,active_legal_code_boundary_geometry_match,2026-05-01T00:29:44+09:00,boundary representative point + legal dong admin type heuristic
4686037000,전라남도 함평군 해보면,전라남도,46860,함평군,해보면,126.5742857,35.1673616,rural_myeon,mixed_rural,limited_road,medium,seasonal,low,data/raw/SOURCE_ADMIN_BOUNDARIES/snapshots/full/LP_AA_EMD_gwangju_jeonnam.csv,active_legal_code_boundary_geometry_match,2026-05-01T00:29:44+09:00,boundary representative point + legal dong admin type heuristic
4686038000,전라남도 함평군 월야면,전라남도,46860,함평군,월야면,126.6317939,35.1921502,rural_myeon,mixed_rural,limited_road,medium,seasonal,low,data/raw/SOURCE_ADMIN_BOUNDARIES/snapshots/full/LP_AA_EMD_gwangju_jeonnam.csv,active_legal_code_boundary_geometry_match,2026-05-01T00:29:44+09:00,boundary representative point + legal dong admin type heuristic
4687025000,전라남도 영광군 영광읍,전라남도,46870,영광군,영광읍,126.5045256,35.2968288,town_eup,mixed_rural,standard_road,medium,seasonal,medium,data/raw/SOURCE_ADMIN_BOUNDARIES/snapshots/full/LP_AA_EMD_gwangju_jeonnam.csv,active_legal_code_boundary_geometry_match,2026-05-01T00:29:44+09:00,boundary representative point + legal dong admin type heuristic
4687025300,전라남도 영광군 백수읍,전라남도,46870,영광군,백수읍,126.4233411,35.3078433,town_eup,mixed_rural,standard_road,medium,moderated,medium,data/raw/SOURCE_ADMIN_BOUNDARIES/snapshots/full/LP_AA_EMD_gwangju_jeonnam.csv,active_legal_code_boundary_geometry_match,2026-05-01T00:29:44+09:00,boundary representative point + legal dong admin type heuristic
4687025600,전라남도 영광군 홍농읍,전라남도,46870,영광군,홍농읍,126.4497729,35.3989428,town_eup,mixed_rural,standard_road,medium,moderated,medium,data/raw/SOURCE_ADMIN_BOUNDARIES/snapshots/full/LP_AA_EMD_gwangju_jeonnam.csv,active_legal_code_boundary_geometry_match,2026-05-01T00:29:44+09:00,boundary representative point + legal dong admin type heuristic
4687031000,전라남도 영광군 대마면,전라남도,46870,영광군,대마면,126.5657909,35.3016268,rural_myeon,mixed_rural,limited_road,medium,seasonal,low,data/raw/SOURCE_ADMIN_BOUNDARIES/snapshots/full/LP_AA_EMD_gwangju_jeonnam.csv,active_legal_code_boundary_geometry_match,2026-05-01T00:29:44+09:00,boundary representative point + legal dong admin type heuristic
4687032000,전라남도 영광군 묘량면,전라남도,46870,영광군,묘량면,126.5579632,35.2468876,rural_myeon,mixed_rural,limited_road,medium,seasonal,low,data/raw/SOURCE_ADMIN_BOUNDARIES/snapshots/full/LP_AA_EMD_gwangju_jeonnam.csv,active_legal_code_boundary_geometry_match,2026-05-01T00:29:44+09:00,boundary representative point + legal dong admin type heuristic
4687033000,전라남도 영광군 불갑면,전라남도,46870,영광군,불갑면,126.5082614,35.212144,rural_myeon,mixed_rural,limited_road,medium,seasonal,low,data/raw/SOURCE_ADMIN_BOUNDARIES/snapshots/full/LP_AA_EMD_gwangju_jeonnam.csv,active_legal_code_boundary_geometry_match,2026-05-01T00:29:44+09:00,boundary representative point + legal dong admin type heuristic
4687034000,전라남도 영광군 군서면,전라남도,46870,영광군,군서면,126.4605478,35.2668142,rural_myeon,mixed_rural,limited_road,medium,seasonal,low,data/raw/SOURCE_ADMIN_BOUNDARIES/snapshots/full/LP_AA_EMD_gwangju_jeonnam.csv,active_legal_code_boundary_geometry_match,2026-05-01T00:29:44+09:00,boundary representative point + legal dong admin type heuristic
4687035000,전라남도 영광군 군남면,전라남도,46870,영광군,군남면,126.4478479,35.2203265,rural_myeon,coastal_open_mix,limited_road,low,moderated,low,data/raw/SOURCE_ADMIN_BOUNDARIES/snapshots/full/LP_AA_EMD_gwangju_jeonnam.csv,active_legal_code_boundary_geometry_match,2026-05-01T00:29:44+09:00,boundary representative point + legal dong admin type heuristic
4687036000,전라남도 영광군 염산면,전라남도,46870,영광군,염산면,126.3967089,35.2109975,rural_myeon,coastal_open_mix,limited_road,low,moderated,low,data/raw/SOURCE_ADMIN_BOUNDARIES/snapshots/full/LP_AA_EMD_gwangju_jeonnam.csv,active_legal_code_boundary_geometry_match,2026-05-01T00:29:44+09:00,boundary representative point + legal dong admin type heuristic
4687037000,전라남도 영광군 법성면,전라남도,46870,영광군,법성면,126.4705278,35.3560998,rural_myeon,mixed_rural,limited_road,medium,seasonal,low,data/raw/SOURCE_ADMIN_BOUNDARIES/snapshots/full/LP_AA_EMD_gwangju_jeonnam.csv,active_legal_code_boundary_geometry_match,2026-05-01T00:29:44+09:00,boundary representative point + legal dong admin type heuristic
4687038000,전라남도 영광군 낙월면,전라남도,46870,영광군,낙월면,126.1419008,35.2851032,rural_myeon,coastal_open_mix,limited_road,low,moderated,low,data/raw/SOURCE_ADMIN_BOUNDARIES/snapshots/full/LP_AA_EMD_gwangju_jeonnam.csv,active_legal_code_boundary_geometry_match,2026-05-01T00:29:44+09:00,boundary representative point + legal dong admin type heuristic
4688025000,전라남도 장성군 장성읍,전라남도,46880,장성군,장성읍,126.816361,35.3290122,town_eup,mixed_hillside,standard_road,medium,seasonal,medium,data/raw/SOURCE_ADMIN_BOUNDARIES/snapshots/full/LP_AA_EMD_gwangju_jeonnam.csv,active_legal_code_boundary_geometry_match,2026-05-01T00:29:44+09:00,boundary representative point + legal dong admin type heuristic
4688031000,전라남도 장성군 진원면,전라남도,46880,장성군,진원면,126.8351088,35.2678362,rural_myeon,forest_dominant,mountain_access,high,elevated,low,data/raw/SOURCE_ADMIN_BOUNDARIES/snapshots/full/LP_AA_EMD_gwangju_jeonnam.csv,active_legal_code_boundary_geometry_match,2026-05-01T00:29:44+09:00,boundary representative point + legal dong admin type heuristic
4688032000,전라남도 장성군 남면,전라남도,46880,장성군,남면,126.7970314,35.2459728,rural_myeon,forest_dominant,mountain_access,high,elevated,low,data/raw/SOURCE_ADMIN_BOUNDARIES/snapshots/full/LP_AA_EMD_gwangju_jeonnam.csv,active_legal_code_boundary_geometry_match,2026-05-01T00:29:44+09:00,boundary representative point + legal dong admin type heuristic
4688033000,전라남도 장성군 동화면,전라남도,46880,장성군,동화면,126.72615,35.2585661,rural_myeon,forest_dominant,mountain_access,high,elevated,low,data/raw/SOURCE_ADMIN_BOUNDARIES/snapshots/full/LP_AA_EMD_gwangju_jeonnam.csv,active_legal_code_boundary_geometry_match,2026-05-01T00:29:44+09:00,boundary representative point + legal dong admin type heuristic
4688034000,전라남도 장성군 삼서면,전라남도,46880,장성군,삼서면,126.6561758,35.2311145,rural_myeon,forest_dominant,mountain_access,high,elevated,low,data/raw/SOURCE_ADMIN_BOUNDARIES/snapshots/full/LP_AA_EMD_gwangju_jeonnam.csv,active_legal_code_boundary_geometry_match,2026-05-01T00:29:44+09:00,boundary representative point + legal dong admin type heuristic
4688035000,전라남도 장성군 삼계면,전라남도,46880,장성군,삼계면,126.6553056,35.2948529,rural_myeon,forest_dominant,mountain_access,high,elevated,low,data/raw/SOURCE_ADMIN_BOUNDARIES/snapshots/full/LP_AA_EMD_gwangju_jeonnam.csv,active_legal_code_boundary_geometry_match,2026-05-01T00:29:44+09:00,boundary representative point + legal dong admin type heuristic
4688036000,전라남도 장성군 황룡면,전라남도,46880,장성군,황룡면,126.7316776,35.3080289,rural_myeon,forest_dominant,mountain_access,high,elevated,low,data/raw/SOURCE_ADMIN_BOUNDARIES/snapshots/full/LP_AA_EMD_gwangju_jeonnam.csv,active_legal_code_boundary_geometry_match,2026-05-01T00:29:44+09:00,boundary representative point + legal dong admin type heuristic
4688037000,전라남도 장성군 서삼면,전라남도,46880,장성군,서삼면,126.7430313,35.3468437,rural_myeon,forest_dominant,mountain_access,high,elevated,low,data/raw/SOURCE_ADMIN_BOUNDARIES/snapshots/full/LP_AA_EMD_gwangju_jeonnam.csv,active_legal_code_boundary_geometry_match,2026-05-01T00:29:44+09:00,boundary representative point + legal dong admin type heuristic
4688038000,전라남도 장성군 북일면,전라남도,46880,장성군,북일면,126.7895905,35.3836453,rural_myeon,forest_dominant,mountain_access,high,elevated,low,data/raw/SOURCE_ADMIN_BOUNDARIES/snapshots/full/LP_AA_EMD_gwangju_jeonnam.csv,active_legal_code_boundary_geometry_match,2026-05-01T00:29:44+09:00,boundary representative point + legal dong admin type heuristic
4688039000,전라남도 장성군 북이면,전라남도,46880,장성군,북이면,126.7954845,35.4260238,rural_myeon,forest_dominant,mountain_access,high,elevated,low,data/raw/SOURCE_ADMIN_BOUNDARIES/snapshots/full/LP_AA_EMD_gwangju_jeonnam.csv,active_legal_code_boundary_geometry_match,2026-05-01T00:29:44+09:00,boundary representative point + legal dong admin type heuristic
4688040000,전라남도 장성군 북하면,전라남도,46880,장성군,북하면,126.8778239,35.4040381,rural_myeon,forest_dominant,mountain_access,high,elevated,low,data/raw/SOURCE_ADMIN_BOUNDARIES/snapshots/full/LP_AA_EMD_gwangju_jeonnam.csv,active_legal_code_boundary_geometry_match,2026-05-01T00:29:44+09:00,boundary representative point + legal dong admin type heuristic
4689025000,전라남도 완도군 완도읍,전라남도,46890,완도군,완도읍,126.7076725,34.3334703,town_eup,mixed_rural,standard_road,medium,moderated,medium,data/raw/SOURCE_ADMIN_BOUNDARIES/snapshots/full/LP_AA_EMD_gwangju_jeonnam.csv,active_legal_code_boundary_geometry_match,2026-05-01T00:29:44+09:00,boundary representative point + legal dong admin type heuristic
4689025300,전라남도 완도군 금일읍,전라남도,46890,완도군,금일읍,127.0481327,34.3447477,town_eup,mixed_hillside,standard_road,medium,moderated,medium,data/raw/SOURCE_ADMIN_BOUNDARIES/snapshots/full/LP_AA_EMD_gwangju_jeonnam.csv,active_legal_code_boundary_geometry_match,2026-05-01T00:29:44+09:00,boundary representative point + legal dong admin type heuristic
4689025600,전라남도 완도군 노화읍,전라남도,46890,완도군,노화읍,126.5911943,34.203884,town_eup,mixed_rural,standard_road,medium,moderated,medium,data/raw/SOURCE_ADMIN_BOUNDARIES/snapshots/full/LP_AA_EMD_gwangju_jeonnam.csv,active_legal_code_boundary_geometry_match,2026-05-01T00:29:44+09:00,boundary representative point + legal dong admin type heuristic
4689031000,전라남도 완도군 군외면,전라남도,46890,완도군,군외면,126.662205,34.363929,rural_myeon,coastal_open_mix,limited_road,low,moderated,low,data/raw/SOURCE_ADMIN_BOUNDARIES/snapshots/full/LP_AA_EMD_gwangju_jeonnam.csv,active_legal_code_boundary_geometry_match,2026-05-01T00:29:44+09:00,boundary representative point + legal dong admin type heuristic
4689032000,전라남도 완도군 신지면,전라남도,46890,완도군,신지면,126.8261248,34.3289022,rural_myeon,coastal_open_mix,limited_road,low,moderated,low,data/raw/SOURCE_ADMIN_BOUNDARIES/snapshots/full/LP_AA_EMD_gwangju_jeonnam.csv,active_legal_code_boundary_geometry_match,2026-05-01T00:29:44+09:00,boundary representative point + legal dong admin type heuristic
4689033000,전라남도 완도군 고금면,전라남도,46890,완도군,고금면,126.813208,34.3978363,rural_myeon,coastal_open_mix,limited_road,low,moderated,low,data/raw/SOURCE_ADMIN_BOUNDARIES/snapshots/full/LP_AA_EMD_gwangju_jeonnam.csv,active_legal_code_boundary_geometry_match,2026-05-01T00:29:44+09:00,boundary representative point + legal dong admin type heuristic
4689034000,전라남도 완도군 약산면,전라남도,46890,완도군,약산면,126.9001013,34.3832526,rural_myeon,coastal_open_mix,limited_road,low,moderated,low,data/raw/SOURCE_ADMIN_BOUNDARIES/snapshots/full/LP_AA_EMD_gwangju_jeonnam.csv,active_legal_code_boundary_geometry_match,2026-05-01T00:29:44+09:00,boundary representative point + legal dong admin type heuristic
4689035000,전라남도 완도군 청산면,전라남도,46890,완도군,청산면,126.8810684,34.1835048,rural_myeon,coastal_open_mix,limited_road,low,moderated,low,data/raw/SOURCE_ADMIN_BOUNDARIES/snapshots/full/LP_AA_EMD_gwangju_jeonnam.csv,active_legal_code_boundary_geometry_match,2026-05-01T00:29:44+09:00,boundary representative point + legal dong admin type heuristic
4689036000,전라남도 완도군 소안면,전라남도,46890,완도군,소안면,126.6539729,34.1555796,rural_myeon,coastal_open_mix,limited_road,low,moderated,low,data/raw/SOURCE_ADMIN_BOUNDARIES/snapshots/full/LP_AA_EMD_gwangju_jeonnam.csv,active_legal_code_boundary_geometry_match,2026-05-01T00:29:44+09:00,boundary representative point + legal dong admin type heuristic
4689037000,전라남도 완도군 금당면,전라남도,46890,완도군,금당면,127.0549232,34.4311978,rural_myeon,coastal_open_mix,limited_road,low,moderated,low,data/raw/SOURCE_ADMIN_BOUNDARIES/snapshots/full/LP_AA_EMD_gwangju_jeonnam.csv,active_legal_code_boundary_geometry_match,2026-05-01T00:29:44+09:00,boundary representative point + legal dong admin type heuristic
4689038000,전라남도 완도군 보길면,전라남도,46890,완도군,보길면,126.5430876,34.1518374,rural_myeon,coastal_open_mix,limited_road,low,moderated,low,data/raw/SOURCE_ADMIN_BOUNDARIES/snapshots/full/LP_AA_EMD_gwangju_jeonnam.csv,active_legal_code_boundary_geometry_match,2026-05-01T00:29:44+09:00,boundary representative point + legal dong admin type heuristic
4689039000,전라남도 완도군 생일면,전라남도,46890,완도군,생일면,126.9825215,34.3216989,rural_myeon,coastal_open_mix,limited_road,low,moderated,low,data/raw/SOURCE_ADMIN_BOUNDARIES/snapshots/full/LP_AA_EMD_gwangju_jeonnam.csv,active_legal_code_boundary_geometry_match,2026-05-01T00:29:44+09:00,boundary representative point + legal dong admin type heuristic
4690025000,전라남도 진도군 진도읍,전라남도,46900,진도군,진도읍,126.2464905,34.4930992,town_eup,mixed_rural,standard_road,medium,moderated,medium,data/raw/SOURCE_ADMIN_BOUNDARIES/snapshots/full/LP_AA_EMD_gwangju_jeonnam.csv,active_legal_code_boundary_geometry_match,2026-05-01T00:29:44+09:00,boundary representative point + legal dong admin type heuristic
4690031000,전라남도 진도군 군내면,전라남도,46900,진도군,군내면,126.2820104,34.5332326,rural_myeon,coastal_open_mix,limited_road,low,moderated,low,data/raw/SOURCE_ADMIN_BOUNDARIES/snapshots/full/LP_AA_EMD_gwangju_jeonnam.csv,active_legal_code_boundary_geometry_match,2026-05-01T00:29:44+09:00,boundary representative point + legal dong admin type heuristic
4690032000,전라남도 진도군 고군면,전라남도,46900,진도군,고군면,126.3390138,34.4834018,rural_myeon,coastal_open_mix,limited_road,low,moderated,low,data/raw/SOURCE_ADMIN_BOUNDARIES/snapshots/full/LP_AA_EMD_gwangju_jeonnam.csv,active_legal_code_boundary_geometry_match,2026-05-01T00:29:44+09:00,boundary representative point + legal dong admin type heuristic
4690033000,전라남도 진도군 의신면,전라남도,46900,진도군,의신면,126.2892484,34.4357764,rural_myeon,coastal_open_mix,limited_road,low,moderated,low,data/raw/SOURCE_ADMIN_BOUNDARIES/snapshots/full/LP_AA_EMD_gwangju_jeonnam.csv,active_legal_code_boundary_geometry_match,2026-05-01T00:29:44+09:00,boundary representative point + legal dong admin type heuristic
4690034000,전라남도 진도군 임회면,전라남도,46900,진도군,임회면,126.2213063,34.4013675,rural_myeon,coastal_open_mix,limited_road,low,moderated,low,data/raw/SOURCE_ADMIN_BOUNDARIES/snapshots/full/LP_AA_EMD_gwangju_jeonnam.csv,active_legal_code_boundary_geometry_match,2026-05-01T00:29:44+09:00,boundary representative point + legal dong admin type heuristic
4690035000,전라남도 진도군 지산면,전라남도,46900,진도군,지산면,126.1696791,34.4465338,rural_myeon,coastal_open_mix,limited_road,low,moderated,low,data/raw/SOURCE_ADMIN_BOUNDARIES/snapshots/full/LP_AA_EMD_gwangju_jeonnam.csv,active_legal_code_boundary_geometry_match,2026-05-01T00:29:44+09:00,boundary representative point + legal dong admin type heuristic
4690036000,전라남도 진도군 조도면,전라남도,46900,진도군,조도면,126.0524483,34.2962752,rural_myeon,coastal_open_mix,limited_road,low,moderated,low,data/raw/SOURCE_ADMIN_BOUNDARIES/snapshots/full/LP_AA_EMD_gwangju_jeonnam.csv,active_legal_code_boundary_geometry_match,2026-05-01T00:29:44+09:00,boundary representative point + legal dong admin type heuristic
4691025000,전라남도 신안군 지도읍,전라남도,46910,신안군,지도읍,126.2310645,35.062108,town_eup,mixed_rural,standard_road,medium,moderated,medium,data/raw/SOURCE_ADMIN_BOUNDARIES/snapshots/full/LP_AA_EMD_gwangju_jeonnam.csv,active_legal_code_boundary_geometry_match,2026-05-01T00:29:44+09:00,boundary representative point + legal dong admin type heuristic
4691025300,전라남도 신안군 압해읍,전라남도,46910,신안군,압해읍,126.2355052,34.9237564,town_eup,mixed_rural,standard_road,medium,moderated,medium,data/raw/SOURCE_ADMIN_BOUNDARIES/snapshots/full/LP_AA_EMD_gwangju_jeonnam.csv,active_legal_code_boundary_geometry_match,2026-05-01T00:29:44+09:00,boundary representative point + legal dong admin type heuristic
4691031000,전라남도 신안군 증도면,전라남도,46910,신안군,증도면,126.1609083,34.9869433,rural_myeon,coastal_open_mix,limited_road,low,moderated,low,data/raw/SOURCE_ADMIN_BOUNDARIES/snapshots/full/LP_AA_EMD_gwangju_jeonnam.csv,active_legal_code_boundary_geometry_match,2026-05-01T00:29:44+09:00,boundary representative point + legal dong admin type heuristic
4691032000,전라남도 신안군 임자면,전라남도,46910,신안군,임자면,126.0863826,35.0975095,rural_myeon,coastal_open_mix,limited_road,low,moderated,low,data/raw/SOURCE_ADMIN_BOUNDARIES/snapshots/full/LP_AA_EMD_gwangju_jeonnam.csv,active_legal_code_boundary_geometry_match,2026-05-01T00:29:44+09:00,boundary representative point + legal dong admin type heuristic
4691033000,전라남도 신안군 자은면,전라남도,46910,신안군,자은면,126.0467226,34.8908718,rural_myeon,coastal_open_mix,limited_road,low,moderated,low,data/raw/SOURCE_ADMIN_BOUNDARIES/snapshots/full/LP_AA_EMD_gwangju_jeonnam.csv,active_legal_code_boundary_geometry_match,2026-05-01T00:29:44+09:00,boundary representative point + legal dong admin type heuristic
4691034000,전라남도 신안군 비금면,전라남도,46910,신안군,비금면,125.9266521,34.7612156,rural_myeon,coastal_open_mix,limited_road,low,moderated,low,data/raw/SOURCE_ADMIN_BOUNDARIES/snapshots/full/LP_AA_EMD_gwangju_jeonnam.csv,active_legal_code_boundary_geometry_match,2026-05-01T00:29:44+09:00,boundary representative point + legal dong admin type heuristic
4691035000,전라남도 신안군 도초면,전라남도,46910,신안군,도초면,125.9626941,34.6966863,rural_myeon,coastal_open_mix,limited_road,low,moderated,low,data/raw/SOURCE_ADMIN_BOUNDARIES/snapshots/full/LP_AA_EMD_gwangju_jeonnam.csv,active_legal_code_boundary_geometry_match,2026-05-01T00:29:44+09:00,boundary representative point + legal dong admin type heuristic
4691036000,전라남도 신안군 흑산면,전라남도,46910,신안군,흑산면,125.1102063,34.0702552,rural_myeon,coastal_open_mix,limited_road,low,moderated,low,data/raw/SOURCE_ADMIN_BOUNDARIES/snapshots/full/LP_AA_EMD_gwangju_jeonnam.csv,active_legal_code_boundary_geometry_match,2026-05-01T00:29:44+09:00,boundary representative point + legal dong admin type heuristic
4691037000,전라남도 신안군 하의면,전라남도,46910,신안군,하의면,126.038484,34.5996882,rural_myeon,coastal_open_mix,limited_road,low,moderated,low,data/raw/SOURCE_ADMIN_BOUNDARIES/snapshots/full/LP_AA_EMD_gwangju_jeonnam.csv,active_legal_code_boundary_geometry_match,2026-05-01T00:29:44+09:00,boundary representative point + legal dong admin type heuristic
4691038000,전라남도 신안군 신의면,전라남도,46910,신안군,신의면,126.0922585,34.5804288,rural_myeon,coastal_open_mix,limited_road,low,moderated,low,data/raw/SOURCE_ADMIN_BOUNDARIES/snapshots/full/LP_AA_EMD_gwangju_jeonnam.csv,active_legal_code_boundary_geometry_match,2026-05-01T00:29:44+09:00,boundary representative point + legal dong admin type heuristic
4691039000,전라남도 신안군 장산면,전라남도,46910,신안군,장산면,126.1566831,34.6431111,rural_myeon,coastal_open_mix,limited_road,low,moderated,low,data/raw/SOURCE_ADMIN_BOUNDARIES/snapshots/full/LP_AA_EMD_gwangju_jeonnam.csv,active_legal_code_boundary_geometry_match,2026-05-01T00:29:44+09:00,boundary representative point + legal dong admin type heuristic
4691040000,전라남도 신안군 안좌면,전라남도,46910,신안군,안좌면,126.1238939,34.736848,rural_myeon,coastal_open_mix,limited_road,low,moderated,low,data/raw/SOURCE_ADMIN_BOUNDARIES/snapshots/full/LP_AA_EMD_gwangju_jeonnam.csv,active_legal_code_boundary_geometry_match,2026-05-01T00:29:44+09:00,boundary representative point + legal dong admin type heuristic
4691041000,전라남도 신안군 팔금면,전라남도,46910,신안군,팔금면,126.1241422,34.7866724,rural_myeon,coastal_open_mix,limited_road,low,moderated,low,data/raw/SOURCE_ADMIN_BOUNDARIES/snapshots/full/LP_AA_EMD_gwangju_jeonnam.csv,active_legal_code_boundary_geometry_match,2026-05-01T00:29:44+09:00,boundary representative point + legal dong admin type heuristic
4691042000,전라남도 신안군 암태면,전라남도,46910,신안군,암태면,126.1072606,34.8395796,rural_myeon,coastal_open_mix,limited_road,low,moderated,low,data/raw/SOURCE_ADMIN_BOUNDARIES/snapshots/full/LP_AA_EMD_gwangju_jeonnam.csv,active_legal_code_boundary_geometry_match,2026-05-01T00:29:44+09:00,boundary representative point + legal dong admin type heuristic
